storyId,publishSequence,publishedAt,sourceEndpoint,mediaUrl,bytes
4192408359,2580,"2026-04-08 10:56:02.81+00","general","https://media-staging.newsroll.app/stories/4192408359-00239fd569975a2c2a2e80efe0b513643ee5ee99bc136a4b5bbff8ac569d74d9.webp",120070
1665390396,2579,"2026-04-08 10:35:48.788+00","general","https://media-staging.newsroll.app/stories/1665390396-0de624db21f3b32150ca2a01027c1dc892bf78742d3884c93cd96683e8eca6be.webp",120070
3825240221,2578,"2026-04-08 10:32:13.802+00","tech","https://media-staging.newsroll.app/stories/3825240221-88a3657b57bba6c222b3d41d97adb082c100a3ea6693eb2dd80599474593016d.webp",120070
3839169919,2577,"2026-04-08 10:21:00.097+00","general","https://media-staging.newsroll.app/stories/3839169919-7c7a455abc5d0e2b1fe668a1cd4ee37dc08d7f15e273f48a10ec73102053b376.webp",120070
1021614609,2576,"2026-04-08 10:16:19.752+00","tech","https://media-staging.newsroll.app/stories/1021614609-458a86f5ba82cdf0a6707a67051e6291bf303a035e5c38cd775f7352ed7acee8.webp",120070
3135085058,2575,"2026-04-08 10:14:55.762+00","tech","https://media-staging.newsroll.app/stories/3135085058-a4e5dd7d7d7342352211017cf3a1e10e98173909bb3d3b2dc0b30ece02a3ad19.webp",120070
3176458665,2574,"2026-04-08 10:00:55.059+00","general","https://media-staging.newsroll.app/stories/3176458665-3939166b2dc9b02fdf18c937b6ff5e548e7c8f08b26f443eb6d15e134074c34e.webp",120070
1613264828,2573,"2026-04-08 09:46:02.545+00","general","https://media-staging.newsroll.app/stories/1613264828-93782fbae1850f0bbea1f9a57ba17567c1d612b8c15d8bc6bc2e4fae6811f541.webp",120070
4774306108,2572,"2026-04-08 09:41:16.004+00","tech","https://media-staging.newsroll.app/stories/4774306108-85a8f082367d2a3dc9d67bbe6e0b3a05401dfa19781eeb372a5e1f5365a8fdd8.webp",120070
5166860133,2571,"2026-04-08 09:30:51.137+00","general","https://media-staging.newsroll.app/stories/5166860133-8b437326e3ab570cd7176be75da99c07992f6c136a5caa65b676192812edd751.webp",120070
4812930188,2570,"2026-04-08 09:11:00.489+00","general","https://media-staging.newsroll.app/stories/4812930188-4c7b50e4a78e23816dffe230d6aace2740168a4af95fd655b79e755bc0e95cc2.webp",120070
3226406162,2569,"2026-04-08 09:06:22.35+00","tech","https://media-staging.newsroll.app/stories/3226406162-4269fb22701cde4d572765eb8cd94bbab9cc42c37cace04ec9f8a6d0278360c5.webp",120070
4370372104,2568,"2026-04-08 08:55:50.187+00","general","https://media-staging.newsroll.app/stories/4370372104-b494972b4474816fcb18d9e0dcbd3c6eea355a09d1c3394410e6ec8b82b6f3b0.webp",120070
5018300411,2567,"2026-04-08 08:46:49.866+00","tech","https://media-staging.newsroll.app/stories/5018300411-39743a15dbcdbf02a05f0409f30299bb890e4d10154dbff52813186daedf464b.webp",120070
5231103737,2566,"2026-04-08 08:39:04.391+00","tech","https://media-staging.newsroll.app/stories/5231103737-c236dfda843b159316806369cc0a97c290cdc8cbd71716bcb1649dd44aeb2006.webp",120070
3131216262,2565,"2026-04-08 08:35:57.375+00","general","https://media-staging.newsroll.app/stories/3131216262-211e3b917966b08babcd7f469963c881e2c37fb7ab736fbba776c6c54bbdf096.webp",120070
4758821014,2564,"2026-04-08 08:20:59.724+00","general","https://media-staging.newsroll.app/stories/4758821014-aabfd2b3709ea1b3064529ddd728e939a59e63be2dc6cf1d918dd06300c1bf28.webp",120070
4210251546,2563,"2026-04-08 08:11:59.548+00","tech","https://media-staging.newsroll.app/stories/4210251546-c2235e2ac1d55c9a4850e11994eeeffdf934248a869dba51ef7f6957a0906a71.webp",120070
1089365448,2562,"2026-04-08 08:01:06.488+00","general","https://media-staging.newsroll.app/stories/1089365448-16aeaccf66a71a5c937b0a67241b905baa57e3098a72253d8112e46581cab001.webp",120070
2824615271,2561,"2026-04-08 07:46:01.302+00","general","https://media-staging.newsroll.app/stories/2824615271-9edcc917e0d1cac613f6cdb667c39bbe29e2fb243b683bd7dcc665f413c29ff4.webp",120070
4197264756,2560,"2026-04-08 07:41:40.548+00","tech","https://media-staging.newsroll.app/stories/4197264756-530ec349fbef68f5212d3f3c870437cd4b7ab1449837420b3e52029a6246dfa1.webp",120070
3581660350,2559,"2026-04-08 07:28:52.236+00","tech","https://media-staging.newsroll.app/stories/3581660350-a1afddfe5d7b7093ac2420626ba3fbba8e6ce7ed0cbcf9751211b311f67affac.webp",120070
4383410256,2558,"2026-04-08 07:26:01.87+00","general","https://media-staging.newsroll.app/stories/4383410256-8db83c77f55720adcbdd5329d0f5679792b01918b13e134d0183b0f5a8e4603a.webp",120070
1247573069,2557,"2026-04-08 07:23:26.212+00","tech","https://media-staging.newsroll.app/stories/1247573069-282d79d956833846c29f5506e6cd7cce598ec0af7a2156cf7b4e4c5ecaefd1ff.webp",120070
2383373917,2556,"2026-04-08 07:11:23.114+00","general","https://media-staging.newsroll.app/stories/2383373917-7eea1d7b35f423e8f4e8d07c73f67801d63706095d4d46f0dc254126b3faab85.webp",120070
1542675242,2555,"2026-04-08 07:06:04.064+00","tech","https://media-staging.newsroll.app/stories/1542675242-1869c9594af5e9affae0b99650e6f8a23208e7755ba0224c72c79708f27dcf23.webp",120070
1664446106,2554,"2026-04-08 06:51:09.705+00","general","https://media-staging.newsroll.app/stories/1664446106-e93d24383b292631f68fe136ee140ace94cb28f645c37a7404c78f9d4f8d0e14.webp",120070
3471673423,2553,"2026-04-08 06:41:15.855+00","tech","https://media-staging.newsroll.app/stories/3471673423-eb9396993803c384ea9eef92937b41ddf578e1d5b87dd2e3065a1f0f3fa2e144.webp",120070
1216095938,2552,"2026-04-08 06:36:10.718+00","general","https://media-staging.newsroll.app/stories/1216095938-710375eb5e84d6f4ea95da6b90557a29e39c76d087e8f16a49d9a240c292cfcd.webp",120070
3865860091,2551,"2026-04-08 06:30:58.057+00","general","https://media-staging.newsroll.app/stories/3865860091-4ea6289df6f41007475ca3e0481dcbaea775d822cfb1f31c1e8da75b7d1d4bab.webp",120070
4476912645,2550,"2026-04-08 06:26:20.984+00","tech","https://media-staging.newsroll.app/stories/4476912645-3e50458201dce35dc69f070dbfae3a333597dbbb85da43ce11088927d6e50347.webp",120070
2358806039,2549,"2026-04-08 06:15:59.058+00","general","https://media-staging.newsroll.app/stories/2358806039-c2e97aaf61b9ec23baaf22f3d0b59cc9f50025ec881742e9386e3246cddc242d.webp",120070
4564139976,2548,"2026-04-08 06:14:41.083+00","tech","https://media-staging.newsroll.app/stories/4564139976-6d9449b269b301267eddb9e2f86412ae034fe24c7461f15909d50bc7efd0c2ee.webp",120070
4925332503,2547,"2026-04-08 06:09:11.623+00","tech","https://media-staging.newsroll.app/stories/4925332503-e256ce354fb83939719064775b749d8e7a0fe94a216bd82ed1977285ecf3ad69.webp",120070
4493988916,2546,"2026-04-08 05:55:50.561+00","general","https://media-staging.newsroll.app/stories/4493988916-c8a66339e06aa7d6912a40a7a60e3c6f898d11973a28160400ae5b3e77712dd0.webp",120070
4824734755,2545,"2026-04-08 05:40:56.422+00","general","https://media-staging.newsroll.app/stories/4824734755-6c198391b553dd8fb385eefc364d82abf1e9a01255f1656193e15de7066ab21d.webp",120070
3111965148,2544,"2026-04-08 05:36:18.281+00","tech","https://media-staging.newsroll.app/stories/3111965148-948047bb10f9aae9910206e1e190004e8010e4eb50d5398e410a6da62769ade5.webp",120070
5166174445,2543,"2026-04-08 05:20:49.369+00","general","https://media-staging.newsroll.app/stories/5166174445-4afad8b0de6003b7bf119f172075b3c9f64be7356a0daebf44e22b4d8f77d7e0.webp",120070
1289824603,2542,"2026-04-08 05:15:50.113+00","tech","https://media-staging.newsroll.app/stories/1289824603-32f962b371caf8390bc46f1818b5957126a321936baaf2525c3d23bb7eff6ee2.webp",120070
4954957619,2541,"2026-04-08 05:10:47.869+00","general","https://media-staging.newsroll.app/stories/4954957619-cb9c4e5f67318b9824eb43a7b6eb76d8279a5249a414c944dbfa19bbc9e5af94.webp",120070
2728279857,2540,"2026-04-08 04:58:18.684+00","tech","https://media-staging.newsroll.app/stories/2728279857-25298700a97deaa5b96de03ab30e24b4b51e00b949b4e253a417d55737d40866.webp",120070
3566558135,2539,"2026-04-08 04:57:17.321+00","tech","https://media-staging.newsroll.app/stories/3566558135-07b61f8cf912071ce2381b852ec103d14334c132d78aab3ded4b20d0be807f89.webp",120070
2471613663,2538,"2026-04-08 04:45:48.774+00","general","https://media-staging.newsroll.app/stories/2471613663-69db16c622863724335c744905685f869f8dda850b531592b11a49bc68b9dc30.webp",120070
3839939507,2537,"2026-04-08 04:32:00.422+00","general","https://media-staging.newsroll.app/stories/3839939507-9809fb2cdf7505e7660ff7023d49c9173f7f792e29529b38052f18ea45b3b452.webp",120070
3622353421,2536,"2026-04-08 04:16:25.131+00","tech","https://media-staging.newsroll.app/stories/3622353421-d40f911c40e381c0b923ff8964cb1847292fdde14e23689454a511612c2eda94.webp",120070
1102299526,2535,"2026-04-08 04:10:46.624+00","general","https://media-staging.newsroll.app/stories/1102299526-cfb757510f9b41603508188d7e49fb818037e894905dcd0855a9e8bf230e810a.webp",120070
2610494909,2534,"2026-04-08 04:05:43.606+00","general","https://media-staging.newsroll.app/stories/2610494909-9a6547ddbef00041762d54a78fe9919a6b1cfb50b34f15db3f9e87195afbb71e.webp",120070
2704467815,2533,"2026-04-08 04:01:04.638+00","general","https://media-staging.newsroll.app/stories/2704467815-f12ef0dd615f8b30c349aa93a150670bbca433b2b12a7fa1ed19c22855c1e62b.webp",120070
2667206094,2532,"2026-04-08 03:51:01.176+00","tech","https://media-staging.newsroll.app/stories/2667206094-915b5beebabc2e7486f87faf5ee02cf4967d24ec3709f5240bb187f15644d7ae.webp",120070
3978026534,2531,"2026-04-08 03:49:04.238+00","tech","https://media-staging.newsroll.app/stories/3978026534-e9ae80a930800757af6cc5dc3c51478afe297da3c2ed84e4044105581d942345.webp",120070
4341621429,2530,"2026-04-08 03:41:23.818+00","tech","https://media-staging.newsroll.app/stories/4341621429-f07d0ec714fe932d2cdb387cb7fe5d2ca318c5353768133faf5e6b3470952396.webp",120070
3724336601,2529,"2026-04-08 03:35:46.125+00","general","https://media-staging.newsroll.app/stories/3724336601-94245e05445fb10f2e5da409444ec3316c6937e80927947907ae9f62ce6ce0e5.webp",120070
1525448708,2528,"2026-04-08 03:26:47.088+00","tech","https://media-staging.newsroll.app/stories/1525448708-c05bd32ee0366f3e63b4b890e6b2609cb4277b4c8862e3ebcbd7a2fba56a7183.webp",120070
4349987177,2527,"2026-04-08 03:25:56.415+00","general","https://media-staging.newsroll.app/stories/4349987177-ccdf326af9ae78e4ae698ded741b35f8d81c72930abfcac97a3fe187c62a9746.webp",120070
1654918275,2526,"2026-04-08 03:22:50.954+00","tech","https://media-staging.newsroll.app/stories/1654918275-6ccd12d50f35e42649e7e76df8c19c30f77de26a33125703191ef033128dfb09.webp",120070
1245710036,2525,"2026-04-08 03:17:38.207+00","tech","https://media-staging.newsroll.app/stories/1245710036-938cd634ff57adbd2f370e2ea5c17abecab3b0a3b0f1878a784867139c5a7b41.webp",120070
3127326224,2524,"2026-04-08 03:00:46.865+00","general","https://media-staging.newsroll.app/stories/3127326224-87973fb6356b9c559607c8c79b9bcb61f49172ff60c8157bc03064523ceb301f.webp",120070
3178305771,2523,"2026-04-08 02:51:05.261+00","tech","https://media-staging.newsroll.app/stories/3178305771-b96c746565db84ddac0faca88596fea41c3b8064af0e8b6e75e85ddc08d5d9fe.webp",120070
1210727095,2522,"2026-04-08 02:45:51.82+00","general","https://media-staging.newsroll.app/stories/1210727095-013148ab72e236d6c97db2412c66bc050c79e97a171937cd1bfda090760e222e.webp",120070
5279442708,2521,"2026-04-08 02:43:18.198+00","tech","https://media-staging.newsroll.app/stories/5279442708-b355d8723a1a5792d171ec0f90c4d3d82c5b4ffdb2d621f0f453ccac97758792.webp",120070
1472072313,2520,"2026-04-08 02:25:49.346+00","general","https://media-staging.newsroll.app/stories/1472072313-7a9cd011df8f601513a2a14a7c06d224e2518318c968fee3471a0ace44d92624.webp",120070
4055595783,2519,"2026-04-08 02:10:59.575+00","general","https://media-staging.newsroll.app/stories/4055595783-0e49542d0dfec4539846d8df06884d7dec9724538410e4fef9690ae5bcedc48a.webp",120070
3310364043,2518,"2026-04-08 02:07:02.859+00","tech","https://media-staging.newsroll.app/stories/3310364043-6cb0668cd45d014f1c47a3e1cd3f8b6585b7f3e0e59ab0e5bb334ffb1eab3299.webp",120070
2621056920,2517,"2026-04-08 02:01:49.472+00","tech","https://media-staging.newsroll.app/stories/2621056920-7bd71876706d7c434d5dd6f64ac355cf314c73ffee6f3f6dfddcd4ea8d668cbd.webp",120070
2770723472,2516,"2026-04-08 01:51:55.559+00","tech","https://media-staging.newsroll.app/stories/2770723472-2c58b069cc51fba1c63297ccf32bc1f90bf6800102de2dd9e235b772f7b5b640.webp",120070
2514909029,2515,"2026-04-08 01:50:45.477+00","general","https://media-staging.newsroll.app/stories/2514909029-be6a18144332d21ebf2af067332916c6b946aa04f2e46946804b39715308df75.webp",120070
4862307866,2514,"2026-04-08 01:41:35.227+00","tech","https://media-staging.newsroll.app/stories/4862307866-5955002a5378ea3c81d95e425252202ad743c2bac225de0ccceefe2c3b13d6c9.webp",120070
4769224382,2513,"2026-04-08 01:35:53.636+00","general","https://media-staging.newsroll.app/stories/4769224382-7d8f7319aafaff0ebe345ca848eea72d7ee7cc64a2c54059d4f33e1fa79db850.webp",120070
2514437784,2502,"2026-04-07 23:51:05.89+00","general","https://media-staging.newsroll.app/stories/2514437784-7c24ddcc6a2c13ca42cd10abdef4b3bcee2ada8f28c82eecdc696c6a9f9dfb4f.webp",120070
3794435686,2501,"2026-04-07 23:46:44.041+00","tech","https://media-staging.newsroll.app/stories/3794435686-30db3acce3ce7f813c3174c49cafa88c78767ef52aed2ed289d0f71e69785e9d.webp",120070
4709136716,2500,"2026-04-07 23:26:07.373+00","general","https://media-staging.newsroll.app/stories/4709136716-36fd0ef44ea5b43287bad60fc62ebcab45c0224449d77b4b73e638e8f14a02ce.webp",120070
4186585746,2499,"2026-04-07 23:15:51.443+00","general","https://media-staging.newsroll.app/stories/4186585746-611fcc1928a1a27f111316eca6b6d70e50c2c6347d088d37d82f5269e3ffe80b.webp",120070
3088759876,2498,"2026-04-07 23:11:44.843+00","tech","https://media-staging.newsroll.app/stories/3088759876-2e392ee5b094cbb944dd74312d287ab7e3d2eeaf1e0ce51788f516e5c0d3bfce.webp",120070
1549179937,2497,"2026-04-07 23:01:09.397+00","tech","https://media-staging.newsroll.app/stories/1549179937-83564ce84d7766f775a8b38cf2cad2080a7d7405223943f5e0676f85f0c7e448.webp",120070
1364821689,2496,"2026-04-07 22:50:46.875+00","general","https://media-staging.newsroll.app/stories/1364821689-6a6c1359cbdf7ac4e4bb3665e4b37750e571b6ec71ecaea4e2dca6908b39310a.webp",120070
2754688009,2495,"2026-04-07 22:45:43.788+00","general","https://media-staging.newsroll.app/stories/2754688009-b77d238645b1e28ec3dc74fc3b0cd3eca4a58424f9864661a811f056719231c5.webp",120070
1672179056,2494,"2026-04-07 22:40:43.257+00","general","https://media-staging.newsroll.app/stories/1672179056-7f4c6c1de669cffe138ea5c29525374e76b790df42d55278108135df93977917.webp",120070
2082599055,2493,"2026-04-07 22:35:44.505+00","tech","https://media-staging.newsroll.app/stories/2082599055-fb27ae1b8df9bdbae1893ff98a9a82a4d0670642008670223a8b53d8b372ebdb.webp",120070
2078572681,2492,"2026-04-07 22:32:20.216+00","tech","https://media-staging.newsroll.app/stories/2078572681-b393c19d1d06758cac8fc654651c59959384b65e5e9d66b29e517578bfaa7d2b.webp",120070
2461976363,2491,"2026-04-07 22:15:45.573+00","general","https://media-staging.newsroll.app/stories/2461976363-5d97baf1168fb3edebf7924ebc6fe982362eb4328dbca61f2cbb39bde1e8b438.webp",120070
2466945305,2490,"2026-04-07 22:10:44.184+00","general","https://media-staging.newsroll.app/stories/2466945305-9d13c91b51a5e5f41b26c8e3197131d9c3523bfa258e44e967824809fa27e2c8.webp",120070
2349218126,2489,"2026-04-07 22:06:08.24+00","general","https://media-staging.newsroll.app/stories/2349218126-1436693e7d31285885ed4ae97dca2671ac4111317f0924e78c638e62d17c1094.webp",120070
1976106682,2488,"2026-04-07 22:00:57.703+00","tech","https://media-staging.newsroll.app/stories/1976106682-a3613c11569c51acde84409e2e3abea1f792773c121c8812ec741fd543a38894.webp",120070
1332746108,2487,"2026-04-07 21:57:18.863+00","tech","https://media-staging.newsroll.app/stories/1332746108-c45388fa3389eefbdf878a46f7ef8fbe5c8ae0dd7cdc4a300930cac7d59d48b5.webp",120070
5210460103,2486,"2026-04-07 21:46:14.842+00","tech","https://media-staging.newsroll.app/stories/5210460103-fd7955d9f4f6c73568c4b12d949528c3a7f4408ff304fdfab61c515b40359b5c.webp",120070
1850856577,2485,"2026-04-07 21:40:46.044+00","general","https://media-staging.newsroll.app/stories/1850856577-ccf7f0ee5a2bedcc238a48b7e4f89694e6f3c347fc7bb25c397e65446dbdf403.webp",120070
2478350973,2484,"2026-04-07 21:36:19.242+00","tech","https://media-staging.newsroll.app/stories/2478350973-d7a7d8e3216c3c97c8201f72f005ad8d5c606cda9b547b3c1b73f466165a9b64.webp",120070
3074553715,2483,"2026-04-07 21:35:41.657+00","general","https://media-staging.newsroll.app/stories/3074553715-f287598cebc5d3eea7e6305aad6729d18e9a31848c673eb1fc28824326842091.webp",120070
4366186844,2482,"2026-04-07 21:30:55.388+00","general","https://media-staging.newsroll.app/stories/4366186844-cd0dceeac319be20e4b1c9942dacae8cbf53f79e91d6ba5afd04e9bdc921c5c9.webp",120070
3094063508,2481,"2026-04-07 21:21:24.365+00","tech","https://media-staging.newsroll.app/stories/3094063508-800808ab655086adfee64bb7001f477e11f4199ebc629995e84d24e916386e99.webp",120070
5096314144,2480,"2026-04-07 21:11:02.454+00","tech","https://media-staging.newsroll.app/stories/5096314144-f5dd8157b5876b9baf782e0ff9f88ad4da03eb7ac2ca087c0b7ade168c337193.webp",120070
3977059893,2479,"2026-04-07 21:05:47.073+00","general","https://media-staging.newsroll.app/stories/3977059893-ca323441543529f06b3f24a83f67aba1ad0e28537be8ddb588c31eed65bdb9ac.webp",120070
3541215929,2478,"2026-04-07 20:55:47.218+00","general","https://media-staging.newsroll.app/stories/3541215929-4116f11eb499813be3513d708b3247798156c305e8f2a6d906785f69201d5793.webp",120070
1808388234,2477,"2026-04-07 20:50:46.863+00","tech","https://media-staging.newsroll.app/stories/1808388234-b47bd8594dcb95eda916be685c9e768993e9ad3d8494b97fb69bd4ea49674272.webp",120070
2274569292,2476,"2026-04-07 20:41:31.078+00","tech","https://media-staging.newsroll.app/stories/2274569292-8f52bab5aa63e17f51f79c9ad2eff362c2e5c4b116876278dc9c7963d53006f1.webp",120070
1394928337,2475,"2026-04-07 20:36:54.023+00","tech","https://media-staging.newsroll.app/stories/1394928337-160675fd9a979f1d8ed5cc2bf92023d2026cff36dea2364b1ccb3296a2093583.webp",120070
3552277865,2474,"2026-04-07 20:30:47.565+00","general","https://media-staging.newsroll.app/stories/3552277865-d68ad171242e27d124cfa97d98cf23e67ba5e3c10d64da696db01bdaa37dd26a.webp",120070
2817653674,2473,"2026-04-07 20:21:03.923+00","general","https://media-staging.newsroll.app/stories/2817653674-c333ab56735e611289d423b58424cebcd2d76015681115b833ead3d833309f43.webp",120070
1882302503,2472,"2026-04-07 20:16:02.528+00","tech","https://media-staging.newsroll.app/stories/1882302503-d734de11c3ae96db566a46e084abdd45ec3feefe41df2d4667f87e57cdd81e8c.webp",120070
2804189347,2471,"2026-04-07 20:12:18.572+00","tech","https://media-staging.newsroll.app/stories/2804189347-263a769e82e55ed40a0d6976163d7378210db7755ea46712a2038d602d8b1363.webp",120070
1997645695,2470,"2026-04-07 20:06:46.285+00","tech","https://media-staging.newsroll.app/stories/1997645695-d2ac8ab6b7460f3586c97506ee225f8f205410754cc28af417e56a8134b0570e.webp",120070
2588847014,2469,"2026-04-07 19:55:44.945+00","general","https://media-staging.newsroll.app/stories/2588847014-716744f61edbd3495450eda3899d3d63a29ae1818bfb20bb8becc82541cb4632.webp",120070
3298905853,2468,"2026-04-07 19:46:00.708+00","general","https://media-staging.newsroll.app/stories/3298905853-8d097510775d0282200d08cde6dcf49704715533594cb712e4be21e0cde6651e.webp",120070
2101330082,2467,"2026-04-07 19:35:44.401+00","tech","https://media-staging.newsroll.app/stories/2101330082-add37fb38cf1f17abe3241cc60c885d23add5a0f75d4e077a3cbbc84d8bf3204.webp",120070
5037550194,2466,"2026-04-07 19:26:14.038+00","tech","https://media-staging.newsroll.app/stories/5037550194-0b56f6e84b585aa94829e6f208843a742b4ac1ef9c02af2cf04994e96f4c686b.webp",120070
4550347661,2465,"2026-04-07 19:20:45.111+00","general","https://media-staging.newsroll.app/stories/4550347661-d87352f38fbd2e084a6329763c3d8bee3759c82a52222c20c2d20e28f8152196.webp",120070
3247390882,2464,"2026-04-07 19:10:58.935+00","general","https://media-staging.newsroll.app/stories/3247390882-3b85704e6f5ca34aba42c29401bfbae73e1786f7fa850fffca7557886826f3e4.webp",120070
3297610843,2463,"2026-04-07 18:56:35.964+00","tech","https://media-staging.newsroll.app/stories/3297610843-12390efeb75d0826c4893ef32d9ab8fbb56552c29a9605fec8576b487e83db0b.webp",120070
1251454363,2462,"2026-04-07 18:51:00.841+00","tech","https://media-staging.newsroll.app/stories/1251454363-917c6fbdaebf5f6cb0ea5e615c14dbe6e12253c95cf616a0093b1fa4ec8ec3bd.webp",120070
4926144826,2461,"2026-04-07 18:45:50.948+00","general","https://media-staging.newsroll.app/stories/4926144826-04220ed1a7e862ef12e1680977fbc2cdf5e27d747dc63d311a78db1658069706.webp",120070
2669257768,2460,"2026-04-07 18:40:44.31+00","general","https://media-staging.newsroll.app/stories/2669257768-291298822f0cb072a593a6152966833274a5311889b2343679835e8ef4c456c0.webp",120070
4373248293,2459,"2026-04-07 18:30:47.412+00","general","https://media-staging.newsroll.app/stories/4373248293-204228a9f5a1dd37907a6424dbf836a292a85043e4292225a0c1f7c5a0e304bf.webp",120070
4373262128,2458,"2026-04-07 18:21:13.91+00","tech","https://media-staging.newsroll.app/stories/4373262128-2451e65e930f2d27d8387866dd8b4f90fa4f56ac0d9db08a0ca116c3c6e6e814.webp",120070
4377995962,2457,"2026-04-07 18:15:47.937+00","general","https://media-staging.newsroll.app/stories/4377995962-eec72f91f7a6ea7f7dc69060252d15a864ed5d597792c42b7651b0400abe9ba9.webp",120070
1149478962,2456,"2026-04-07 18:10:48.165+00","general","https://media-staging.newsroll.app/stories/1149478962-29feed2140808e05f03009785c9e7eae473dc1729df142f2d9bc0f2078354e08.webp",120070
3458595802,2455,"2026-04-07 17:55:49.22+00","general","https://media-staging.newsroll.app/stories/3458595802-90f4613cd464b9413ad4206ccd927da6b4d456251f61dfff40f58d3ecddd2be4.webp",120070
3172373875,2454,"2026-04-07 17:50:57.066+00","tech","https://media-staging.newsroll.app/stories/3172373875-9c7798b821e20c2e37fdf1c38a6e402a4b9020576f30b451863781414d3902a2.webp",120070
3358646371,2453,"2026-04-07 17:46:05.823+00","tech","https://media-staging.newsroll.app/stories/3358646371-67b2d2cc378493e891b706aac18a77c3d8b77b1452a6e25118975ee1721b2e32.webp",120070
4435581244,2452,"2026-04-07 17:40:49.612+00","general","https://media-staging.newsroll.app/stories/4435581244-42b13427ca39fcb6bb0788572c26c30621b4ac24d7ac5578d4019a3f5b0450d3.webp",120070
3652145416,2451,"2026-04-07 17:35:49.129+00","general","https://media-staging.newsroll.app/stories/3652145416-5b44d927d4623cd7319024415f241f8f1cca9d0eb93a800cd42fb36b2ab4c71d.webp",120070
3014978380,2450,"2026-04-07 17:20:48.076+00","general","https://media-staging.newsroll.app/stories/3014978380-b75f987847545501381c5152668e4b1d715ae5cb9ae45af054d77db1a036070a.webp",120070
1697176374,2449,"2026-04-07 17:15:48.677+00","tech","https://media-staging.newsroll.app/stories/1697176374-0d439d591b4ebe6c76bf55f680b620cd650cc62c147b918a8c5a015f570669b6.webp",120070
1770434385,2448,"2026-04-07 17:11:08.595+00","tech","https://media-staging.newsroll.app/stories/1770434385-ccaed5767e725a47e7c539f648eda408b11a2c4d9c6c90beae5239a923b9b8f3.webp",120070
2947009951,2447,"2026-04-07 17:08:23.115+00","tech","https://media-staging.newsroll.app/stories/2947009951-968c48adc13e92b784593a083adf076c57d9e9af8f2258a59c9b4ceb5056ef61.webp",120070
4707553270,2446,"2026-04-07 17:01:17.443+00","tech","https://media-staging.newsroll.app/stories/4707553270-62bcd8142d15b360103518a38ce66264dd7ec019e0d5f1e9d68e21b9d3e4d7ec.webp",120070
4014693415,2445,"2026-04-07 16:55:52.432+00","general","https://media-staging.newsroll.app/stories/4014693415-d8a696af32611d9915face7d4dbca5018e55f9fcdb89cca7a5cda4a9f8b2c914.webp",120070
4504929674,2444,"2026-04-07 16:45:49.284+00","general","https://media-staging.newsroll.app/stories/4504929674-53c3d0cdbd9b5490ec31c79c471b92f4438f4c0ec4f9e87280c7a73b6f835d22.webp",120070
3341398103,2443,"2026-04-07 16:40:48.964+00","tech","https://media-staging.newsroll.app/stories/3341398103-4d5b00059689ef47f437ae12ff7766a6345994d90485fc653a821c00ef4887d7.webp",120070
4109226886,2442,"2026-04-07 16:36:05.543+00","tech","https://media-staging.newsroll.app/stories/4109226886-b0d9e02b65ec28e85dd44c71596dd622abd5c062f7c07c0db27a30ec568942fc.webp",120070
1257623269,2441,"2026-04-07 16:30:56.874+00","tech","https://media-staging.newsroll.app/stories/1257623269-a018e69890dab0ae264376b468c71328f1ddff71db15a7b62c1b27ebdece0a5a.webp",120070
3604274906,2440,"2026-04-07 16:20:49.844+00","general","https://media-staging.newsroll.app/stories/3604274906-bc9d634bc58ab635ad6c77759548ad5c14a737455cf23362b1e6c1af2b3c19a7.webp",120070
4540114866,2439,"2026-04-07 16:10:53.612+00","general","https://media-staging.newsroll.app/stories/4540114866-c2531eefc5a3a19dfe0e4ec90202bab14304ebaeddd8be835f8ac7980a05ef8a.webp",120070
2687249571,2438,"2026-04-07 16:06:01.87+00","tech","https://media-staging.newsroll.app/stories/2687249571-e9cb9e73ac4fb4d343a9fea678837d92f873891b72007744357827b8b958bfae.webp",120070
3400361927,2437,"2026-04-07 16:01:36.917+00","tech","https://media-staging.newsroll.app/stories/3400361927-dde6f62130cb17d705bb138922e0c60ae3adfc59b6ffd09f56e0783ca3270c63.webp",120070
3239175337,2436,"2026-04-07 15:55:50.765+00","tech","https://media-staging.newsroll.app/stories/3239175337-2aa6eb52fe0abf931865b0e1fab3021cc75f4dffe3f07284bc27ce4c6ce11eee.webp",120070
1228628578,2435,"2026-04-07 15:45:50.397+00","general","https://media-staging.newsroll.app/stories/1228628578-027a9da8640f6af1e7adfcf4c861345748a792e89c481d82fd07df1704eb5695.webp",120070
1509442429,2434,"2026-04-07 15:35:50.278+00","general","https://media-staging.newsroll.app/stories/1509442429-4ed16c08c821822eb83074b12a1c97b68360d531a8297a5e0e51661505f09f55.webp",120070
1941889103,2433,"2026-04-07 15:31:03.022+00","tech","https://media-staging.newsroll.app/stories/1941889103-8fd32d9515e8eacd27d2811423e224e72ceefd21ae5cfad75f8068e759e7af7e.webp",120070
4135048364,2432,"2026-04-07 15:26:07.33+00","tech","https://media-staging.newsroll.app/stories/4135048364-d0f412ef65850a581b5a281fb5d152da0052b05f644f5a6b1547edcddfaed311.webp",120070
2183492955,2431,"2026-04-07 15:16:43.377+00","tech","https://media-staging.newsroll.app/stories/2183492955-e6a821b39424631f40cff2219414fdd73820f9156cb2686b8529ca267b4f9bdd.webp",120070
4880679273,2430,"2026-04-07 15:10:48.116+00","general","https://media-staging.newsroll.app/stories/4880679273-07660146864c84c3a5dac00a1f6adc7dbbd6199dad15530a720772b89956cf05.webp",120070
3533408586,2429,"2026-04-07 15:05:48.781+00","general","https://media-staging.newsroll.app/stories/3533408586-70751a4fe35911928647a708e5ab0006049e4ee93facbf1aba3a1d28733e5972.webp",120070
1035839108,2428,"2026-04-07 15:01:02.38+00","general","https://media-staging.newsroll.app/stories/1035839108-b70a4f4d9ae401d43fa84e71d5a52166ed2953afd1de3104e1d2ff4c2535dfe3.webp",120070
4027588298,2427,"2026-04-07 14:56:06.572+00","tech","https://media-staging.newsroll.app/stories/4027588298-741fe0593acdd0095d9e637468e6555d37c5498a197e17525c9795e1b1750a63.webp",120070
1965973881,2426,"2026-04-07 14:51:06.992+00","tech","https://media-staging.newsroll.app/stories/1965973881-b0d3b2c85e72c93f4db73138f01a06062ceef587c344f4bc2f635bbfc0f331d7.webp",120070
3923889161,2425,"2026-04-07 14:40:48.232+00","general","https://media-staging.newsroll.app/stories/3923889161-61299d41493b1fffcee98ef21c6db98c1ba8d398b4915c118b2ac8be42b40470.webp",120070
2888674532,2424,"2026-04-07 14:35:46.004+00","general","https://media-staging.newsroll.app/stories/2888674532-be2fbaa053323e824086c49dcc9786a393bde13926119c6163273e0223c2833a.webp",120070
3702985049,2423,"2026-04-07 14:30:52.751+00","general","https://media-staging.newsroll.app/stories/3702985049-f50a5a0e3ec083823ec3dc0ae5ad06f4ce5cdacc262cf74a3b1ee167bdc4cf55.webp",120070
4590684559,2422,"2026-04-07 14:25:48.619+00","general","https://media-staging.newsroll.app/stories/4590684559-9d00084a355665c8ebd07c888c02e3016074f367e5371ebdfe610df06a268116.webp",120070
1930192273,2421,"2026-04-07 14:20:46.982+00","tech","https://media-staging.newsroll.app/stories/1930192273-55ae3dcef39c713370931051a78534f98d117b9dc405be7f6ab4470f6a859762.webp",120070
2878111320,2420,"2026-04-07 14:16:09.578+00","tech","https://media-staging.newsroll.app/stories/2878111320-349364ceb4bf86cc260065cf4b501d91130ef502d0602f8b3df53bb1d3372777.webp",120070
4536826255,2419,"2026-04-07 14:00:53.189+00","general","https://media-staging.newsroll.app/stories/4536826255-c73aa55ac069545b2ab017579fc393d566224282a37a3c102d67f0dda1e089fb.webp",120070
1340013613,2418,"2026-04-07 13:55:47.365+00","general","https://media-staging.newsroll.app/stories/1340013613-d87af3f1ad9d806c0e2e74f3a9d80762b45fa7acd9f196f14a7578fa35fa6172.webp",120070
4909672325,2417,"2026-04-07 13:50:53.783+00","general","https://media-staging.newsroll.app/stories/4909672325-11e06eb3fcef47be4a25bf3a27c978b9d875a3f011272e51594fac36cceff70e.webp",120070
4675614871,2416,"2026-04-07 13:41:03.632+00","tech","https://media-staging.newsroll.app/stories/4675614871-a3b539544b508ff29c6a6b4f33bc8dee3eb28a9ffa1f6b1116b7698200398adc.webp",120070
4324208040,2415,"2026-04-07 13:25:46.203+00","general","https://media-staging.newsroll.app/stories/4324208040-02e1c0315b43f400438bb4e6725c6f77405200502a3a3dc4497ead480a8aec5d.webp",120070
4301392673,2414,"2026-04-07 13:20:48.618+00","general","https://media-staging.newsroll.app/stories/4301392673-d6d5cec0ba07f20cedec5a37fd89d9f4dc79e82bd6ea0bd0dc9fe29053cd556e.webp",120070
1454628984,2413,"2026-04-07 13:15:52.815+00","general","https://media-staging.newsroll.app/stories/1454628984-82ba8115c0b742a3b67b75539e94f54a423d7facc87689a8845bfa89f7fb6e45.webp",120070
3629461172,2412,"2026-04-07 12:55:46.567+00","tech","https://media-staging.newsroll.app/stories/3629461172-29932bbd250ba192c95b67ba259f8fceea6e2c0e1bb17b1a3926d1e59e494800.webp",120070
1809757133,2411,"2026-04-07 12:45:48.52+00","general","https://media-staging.newsroll.app/stories/1809757133-2d42a3143932a9aeb88e0e72aafc467c3b914419af81a4adf87e1b222e583bee.webp",120070
2375675997,2410,"2026-04-07 12:40:53.374+00","general","https://media-staging.newsroll.app/stories/2375675997-d3a14e3010bae364d5e83d56987b3cdc4186c13bb8a1498fd6c4d6aa99941e3f.webp",120070
5287786535,2409,"2026-04-07 12:36:03.117+00","tech","https://media-staging.newsroll.app/stories/5287786535-675184bf9d4fcc4715a1dc1037535e98bc5fa6887e8946cde0cf4833b7d7f4f4.webp",120070
1258796297,2408,"2026-04-07 12:25:56.962+00","tech","https://media-staging.newsroll.app/stories/1258796297-2756d666117f0d29f32a8e25a9d9673b05e6604394b55b08c61f414b4041e62c.webp",120070
3675049858,2407,"2026-04-07 12:20:51.25+00","tech","https://media-staging.newsroll.app/stories/3675049858-685c2d60edf0d92f27dfe8c4633608fe87e045503b4f19d965562e8f57b06995.webp",120070
1702611918,2406,"2026-04-07 12:15:51.3+00","general","https://media-staging.newsroll.app/stories/1702611918-d572e04ff72c4a9416c2786dcc524f27059e25c0822fcd86ec2edccf99a4558c.webp",120070
4448122973,2405,"2026-04-07 12:10:47.33+00","general","https://media-staging.newsroll.app/stories/4448122973-4f75cacd3d1ed093d5e27fe1d460c28774bd44f590437adbd5e28e8bbfcb30ab.webp",120070
1606312339,2404,"2026-04-07 12:05:50.277+00","general","https://media-staging.newsroll.app/stories/1606312339-6cc5031a74b17006afe6236e46754b4eb80ec16c215808339843f5e813d15b12.webp",120070
4405547332,2403,"2026-04-07 11:53:22.16+00","tech","https://media-staging.newsroll.app/stories/4405547332-1e335ed6c53ec50df181ecfc8e19ac3674a46d2593c7c2c92ab326c1ce014287.webp",120070
2871421212,2402,"2026-04-07 11:45:50.921+00","tech","https://media-staging.newsroll.app/stories/2871421212-cbc834bdd1a347bbe985c18146c077bb9ff25d57576e320fb618fca73f9a477f.webp",120070
3039966638,2401,"2026-04-07 11:35:47.703+00","general","https://media-staging.newsroll.app/stories/3039966638-822dbe43e790b4b1e87e957221f6410051d77c02536656ccba74ff60fb5832e0.webp",120070
1842682782,2400,"2026-04-07 11:30:55.286+00","general","https://media-staging.newsroll.app/stories/1842682782-1abba568b1986ffa4f2293d8fd987b38f9abe18eeaf397d04760924bf87146ac.webp",120070
4654620783,2399,"2026-04-07 11:05:45.993+00","general","https://media-staging.newsroll.app/stories/4654620783-3f688584d57a0d59b5a3a3606692496125ea221c4f392442c54a86bd19c6e482.webp",120070
3661148573,2398,"2026-04-07 11:00:52.473+00","general","https://media-staging.newsroll.app/stories/3661148573-93d65d35ea52f0bd2814fd3baa0e2c023f4130e77645a632743b3e6315d1afb3.webp",120070
1272134820,2397,"2026-04-07 10:56:31.491+00","general","https://media-staging.newsroll.app/stories/1272134820-e9499b348ac362e86c18bd3c89391bdadb298641500cb6dc0a234fc8425e7f66.webp",120070
4578355646,2396,"2026-04-07 10:41:02.382+00","tech","https://media-staging.newsroll.app/stories/4578355646-2aa922091f58bbc1167646673a3acb9d1a34c42fb6a74e9741f415d4153d270b.webp",120070
1599604625,2395,"2026-04-07 10:30:46.596+00","general","https://media-staging.newsroll.app/stories/1599604625-d1aa6f62ebc5262b8498e0a030d0a162bc587c44a202fe05f6707e1b3cc634cd.webp",120070
3016024002,2394,"2026-04-07 10:25:46.522+00","general","https://media-staging.newsroll.app/stories/3016024002-a9f601ebe9709cc6ec6e741f3d2e2d279aae52fbbb081bb56a8f2da1260abf30.webp",120070
1835843598,2393,"2026-04-07 10:20:46.961+00","general","https://media-staging.newsroll.app/stories/1835843598-6f7dedf3d50bcc474425b7128740e9f7fcd236ca98a32a5ef821fb979d54d662.webp",120070
1499109484,2392,"2026-04-07 10:16:03.81+00","tech","https://media-staging.newsroll.app/stories/1499109484-de38d2b1b8f442cf89245eacf913edad7b545f994bbe96766a79713d64b94937.webp",120070
1599137578,2391,"2026-04-07 09:55:47.295+00","general","https://media-staging.newsroll.app/stories/1599137578-0a118e8f1f2ed0a347e0c4da424908d8caf2b45be819493581e69ff90dfe3ad6.webp",120070
3183175487,2390,"2026-04-07 09:45:49.297+00","general","https://media-staging.newsroll.app/stories/3183175487-abadb7aa6a8c21268c58e48832c673d74eb5ed3f8230dc7f5060952d5b2289f1.webp",120070
4424935070,2389,"2026-04-07 09:40:58.558+00","tech","https://media-staging.newsroll.app/stories/4424935070-1412e4b8749acd59ce25a1920b79e0ef46063b93cb15df7301c1402b0dd4ed48.webp",120070
3661920710,2388,"2026-04-07 09:20:47.08+00","general","https://media-staging.newsroll.app/stories/3661920710-a407737717417341e5d8887698ffcc0f88aba0748c2cd31d3aa12e3fcb34f75e.webp",120070
2127111456,2387,"2026-04-07 09:16:03.825+00","general","https://media-staging.newsroll.app/stories/2127111456-03ae849eedc128125289791dd5ed50a1c8853c6eec7b8e9be70e1d40f84d90fc.webp",120070
3175165935,2386,"2026-04-07 09:13:19.942+00","tech","https://media-staging.newsroll.app/stories/3175165935-f8ba62562931a6a7c51a4eba46b194c6cd826369b106e7c62f40bf9cd96a9ff1.webp",120070
4715790284,2385,"2026-04-07 09:10:50.143+00","general","https://media-staging.newsroll.app/stories/4715790284-b5cd91ecc710ef3f502adb1bb9a6065d789d5aac008db2af1896bcc8ae49aa6d.webp",120070
1762086845,2384,"2026-04-07 09:07:41.613+00","tech","https://media-staging.newsroll.app/stories/1762086845-89f58f5be44741dee04561ba3ddec88b93019b3f80fb1685eef06266d45da068.webp",120070
3155568902,2383,"2026-04-07 08:55:54.294+00","tech","https://media-staging.newsroll.app/stories/3155568902-f3f75865a19d52761db224813fb889bc59ebe1d0f19a9b5604b887c285fed576.webp",120070
4400814021,2382,"2026-04-07 08:52:36.602+00","tech","https://media-staging.newsroll.app/stories/4400814021-e237d9bab58ca5136deaa34ba2b2ca68e78fce00a4e4464f599bb50202cf034c.webp",120070
1152556345,2381,"2026-04-07 08:41:34.105+00","general","https://media-staging.newsroll.app/stories/1152556345-f650fe7f5434afaf59376904be9fe09be98ab58b8f97a94f0c95bd6dd1660ca3.webp",120070
2964853170,2380,"2026-04-07 08:35:53.274+00","general","https://media-staging.newsroll.app/stories/2964853170-845aa51e24e03da55b1cd2b8be28a9a8e39df36c80f4f1464ea465ab616820e7.webp",120070
3855003121,2379,"2026-04-07 08:31:17.793+00","tech","https://media-staging.newsroll.app/stories/3855003121-dd36bdc4a899b656b2054946529004577741fd73bc89064d4adb948db5df3dc4.webp",120070
1336913659,2378,"2026-04-07 08:20:45.422+00","tech","https://media-staging.newsroll.app/stories/1336913659-030c552e85562e3137055b3030bd1ae4acb39056a6e3ae25041f9c28aa758a09.webp",120070
3521769809,2377,"2026-04-07 08:16:42.556+00","tech","https://media-staging.newsroll.app/stories/3521769809-b352fc02642b2aa78c6bb7a8026860af2e03c72dfe3b35bae156d441fe68a4c4.webp",120070
3319984546,2376,"2026-04-07 08:06:33.679+00","general","https://media-staging.newsroll.app/stories/3319984546-9d37151fc89bd1e351b9543872b150eaf90db94fd0c2f4bd5424be440c11b46e.webp",120070
1608338690,2375,"2026-04-07 08:01:00.564+00","general","https://media-staging.newsroll.app/stories/1608338690-b06526cb4bb0d6abec96c44753bd6e5b2228c7997e65c6a64fc338757fd2ecec.webp",120070
2636833514,2374,"2026-04-07 07:50:43.997+00","tech","https://media-staging.newsroll.app/stories/2636833514-5a11996583091253e4cb594365bef2f64a6a8f6fe2cae7711a7b0707c1fee7a0.webp",120070
1349933549,2373,"2026-04-07 07:46:35.714+00","tech","https://media-staging.newsroll.app/stories/1349933549-d9b69f78f8d1b35b629e1fbd588826a73eeed41842ffc2a97d7f8de4694a6618.webp",120070
4370030495,2372,"2026-04-07 07:44:57.894+00","tech","https://media-staging.newsroll.app/stories/4370030495-f8d74827db211079e1fa7bca5a1a6209aa0cc4f538f2dab67d7d453d35ee26e8.webp",120070
4152371410,2371,"2026-04-07 07:35:55.232+00","general","https://media-staging.newsroll.app/stories/4152371410-edde8f224cd5853637eee9e158581a908f6a166ba9d24e962856029b2a1a1655.webp",120070
3791150615,2370,"2026-04-07 07:31:33.614+00","general","https://media-staging.newsroll.app/stories/3791150615-b27a261005dadf57fe774b5b1706fd5ba5bb74c3d95cec9fda58580d3da5c1b7.webp",120070
1532449792,2369,"2026-04-07 07:26:02.866+00","general","https://media-staging.newsroll.app/stories/1532449792-3c6b2223aad8d1486fe714fee7be29ea6fb67f08b0ed2038ca3bd69bce48a611.webp",120070
3832361487,2368,"2026-04-07 07:20:51.313+00","tech","https://media-staging.newsroll.app/stories/3832361487-cefc15b7162876ea79a2bd24181eb76c35b0cf6c66fb1e5ee2bcd86d9c1150cc.webp",120070
2418064939,2367,"2026-04-07 07:12:10.263+00","tech","https://media-staging.newsroll.app/stories/2418064939-c6ce2fc2f7844e83f784469b9b807e399aa966eb4593c61280bbca7cd00ad46c.webp",120070
4322605849,2366,"2026-04-07 06:56:21.635+00","general","https://media-staging.newsroll.app/stories/4322605849-006d62da375a2aaf08296490f72e2248156f7981c44ef0ab96ef202b26fea3d7.webp",120070
4196384208,2365,"2026-04-07 06:55:00.026+00","tech","https://media-staging.newsroll.app/stories/4196384208-7256c3c5dc59dc175486450b636e066d619b2b47a30cb50df0340094c6fc723c.webp",120070
2148442596,2364,"2026-04-07 06:51:11.602+00","general","https://media-staging.newsroll.app/stories/2148442596-3def43e883de6212ad2578c2779658df927e4e0098187bb99a496087defaf02c.webp",120070
5198062680,2363,"2026-04-07 06:21:27.552+00","general","https://media-staging.newsroll.app/stories/5198062680-76fe370ae3a1a7e6aea6a70419e61620d500136d070b4a044c53086f96102ba2.webp",120070
1505408270,2362,"2026-04-07 06:16:11.679+00","general","https://media-staging.newsroll.app/stories/1505408270-5c8aa37572844cfe65ab3a5f76c17fb0fb32c32f650873ba39ecc96fcc379f47.webp",120070
4330755554,2361,"2026-04-07 06:10:51.174+00","tech","https://media-staging.newsroll.app/stories/4330755554-dcfb23302704b602d14932a0bf2e4a9c0dd18aac650842c8fbe8c8f3c888ba1b.webp",120070
2188458176,2360,"2026-04-07 06:00:59.711+00","tech","https://media-staging.newsroll.app/stories/2188458176-3ef5a3ed33878947a474cc25db4fef26d08fa8d59191b5959fc005ee09e48df8.webp",120070
1723155454,2359,"2026-04-07 05:45:45.413+00","general","https://media-staging.newsroll.app/stories/1723155454-82e4635747c65e7ddecdc479b776a069a48dbdbb09a4dc00a9f5314cd0045674.webp",120070
3520389230,2358,"2026-04-07 05:42:14.579+00","general","https://media-staging.newsroll.app/stories/3520389230-f0784e2cd33706f86b01154528654881c2fc908edb5ad0e5d5fc79be55685be2.webp",120070
5040323323,2357,"2026-04-07 05:41:16.199+00","tech","https://media-staging.newsroll.app/stories/5040323323-472d623dd421d0d3eef1f48c40d0f18733159c159428b931d37d6948bffe5f52.webp",120070
1751019516,2356,"2026-04-07 05:16:37.884+00","tech","https://media-staging.newsroll.app/stories/1751019516-8517fd853a939fe3c3d5f94d79f7c897653c7d91a256b1c92de5b316bca369c4.webp",120070
3326923746,2355,"2026-04-07 05:10:44.122+00","general","https://media-staging.newsroll.app/stories/3326923746-f6a11e991d0636d32d8463c18fc1d7abecdda4720665bca31126c5346aa0e6b7.webp",120070
1368403193,2354,"2026-04-07 05:01:06.91+00","general","https://media-staging.newsroll.app/stories/1368403193-c426caf40a3ff454ab5f75fca1995773e54a92db7d38374d5ddfa9441030bb13.webp",120070
1905338758,2353,"2026-04-07 04:35:43.617+00","general","https://media-staging.newsroll.app/stories/1905338758-e6e9469bec71f71333a0410789513858b6f5483bb33432a6b541638b48f193ee.webp",120070
2997052910,2352,"2026-04-07 04:33:04.63+00","tech","https://media-staging.newsroll.app/stories/2997052910-241028b75f5f93191a5d0994a4306d5d83020e0e51bde19fc4602d14107c6253.webp",120070
1544567437,2351,"2026-04-07 04:28:39.566+00","general","https://media-staging.newsroll.app/stories/1544567437-c258d8a0d8b1960f643e1ab3f1bc0d76f23a1a1ffbef7cf3f103d296ca29a2f9.webp",120070
3136167203,2350,"2026-04-07 04:27:37.243+00","tech","https://media-staging.newsroll.app/stories/3136167203-43f1a65119cfaca47b787e981b6db34e4b74e0c447554f2e0aa56116b5543c96.webp",120070
3945215972,2349,"2026-04-07 04:15:56.817+00","tech","https://media-staging.newsroll.app/stories/3945215972-0e6ac03518dc6a9cc383a552d58037e6fdb7c15c9a672c70ee596a72eea7daa2.webp",120070
4524107697,2348,"2026-04-07 04:01:21.002+00","general","https://media-staging.newsroll.app/stories/4524107697-f8f1ed651c9d315f6a86f97276314ef902ffea3c6df65791192173d4b1624470.webp",120070
1496658749,2347,"2026-04-07 03:51:00.483+00","general","https://media-staging.newsroll.app/stories/1496658749-bcc960f2aeddc944b7c790b25f0cb7c0f0613cde3b7a51b713198f5a7c72c10f.webp",120070
5170693393,2346,"2026-04-07 03:25:42.381+00","general","https://media-staging.newsroll.app/stories/5170693393-c02fc1d7df3912fddecd58fee6db5514356cbd9b5b07b898b42b46094bcd8345.webp",120070
2950748354,2345,"2026-04-07 03:17:30.442+00","tech","https://media-staging.newsroll.app/stories/2950748354-cfe7b971809a826fa61d917f8a601351a343eb0b36e0dc81158b42c9fefb1bf2.webp",120070
1073520123,2344,"2026-04-07 03:15:54.582+00","general","https://media-staging.newsroll.app/stories/1073520123-c82dc75cac8c506a7e388375ce1012e776bf568627f3aff6b5233d85fed33875.webp",120070
2454050301,2343,"2026-04-07 02:56:21.421+00","tech","https://media-staging.newsroll.app/stories/2454050301-88c052c010715597002e14eaedb8341067165fb460dd164b68a79b346eaa8949.webp",120070
5258073924,2342,"2026-04-07 02:50:44.601+00","general","https://media-staging.newsroll.app/stories/5258073924-0d28dead7f33097fc25ffc4bbd09e52395cfe50369719592035523ad3c9756a8.webp",120070
4672319908,2341,"2026-04-07 02:40:50.216+00","general","https://media-staging.newsroll.app/stories/4672319908-d18eb0251c635b6808db3b6a3562070500de8ff9071d3354bbecc30c0a87b6f3.webp",120070
1085101277,2340,"2026-04-07 02:21:56.909+00","tech","https://media-staging.newsroll.app/stories/1085101277-41457577476ea68bed9149f1c0bb2431baeade78953f42f5bdd9b20671ef37d1.webp",120070
4399649945,2339,"2026-04-07 02:17:40.395+00","general","https://media-staging.newsroll.app/stories/4399649945-04cf79cd90074090b04771c28dc61756336116244cce8ae968a572fbe8c367b9.webp",120070
3148251721,2338,"2026-04-07 02:07:57.476+00","tech","https://media-staging.newsroll.app/stories/3148251721-c44f9738d30ad281f7cd3be5a80d7101da46fdb65e886a70ccd4275c07d0ece0.webp",120070
4750383103,2337,"2026-04-07 02:05:49.413+00","general","https://media-staging.newsroll.app/stories/4750383103-7bb523e5e00e0db8cfb3bd78104be0f84ab85efdabcfc75312ac2b3a52ed8d65.webp",120070
5129990408,2336,"2026-04-07 01:55:42.374+00","general","https://media-staging.newsroll.app/stories/5129990408-2c7af7a0aa6f6ec859c06f7fc02c10e401d309c055527ea904f66abd1e39df54.webp",120070
1012693263,2335,"2026-04-07 01:46:12.39+00","tech","https://media-staging.newsroll.app/stories/1012693263-a43f5e7fda10c8e240fd44f10e05643c977d630959de6d8b18ee657226600e1a.webp",120070
1162001071,2334,"2026-04-07 01:40:44.636+00","general","https://media-staging.newsroll.app/stories/1162001071-df4f32c314cd6e1390dfad8c07aee6d86dd97d21e136f5d0e5b545c4211c9312.webp",120070
1429230259,2333,"2026-04-07 01:36:36.881+00","tech","https://media-staging.newsroll.app/stories/1429230259-e194e7241dfc7049515c911170385c8189decc651c544aa8486808cba5592e3e.webp",120070
2570953833,2332,"2026-04-07 01:30:52.445+00","general","https://media-staging.newsroll.app/stories/2570953833-8ed6a392bc6f6290b349e036c028848fe699506ce46692ea293890a3c7c52eb6.webp",120070
3353817606,2331,"2026-04-07 01:17:01.094+00","tech","https://media-staging.newsroll.app/stories/3353817606-6657a83fd240496eaadec2a3cc0661cdf0f6495c46f8ea31a001db9daf506eba.webp",120070
3068728063,2330,"2026-04-07 01:11:26.617+00","tech","https://media-staging.newsroll.app/stories/3068728063-fde00b47771f6982e9cb7139106fb1e3c457207e9d855a3fbd1765237ec0bc1b.webp",120070
3268778233,2319,"2026-04-06 23:55:43.441+00","general","https://media-staging.newsroll.app/stories/3268778233-3ebfae13ebc6599aef6452f3fcd59449d2689c680659a7ab3b5f370f1ec6092f.webp",120070
3609275972,2318,"2026-04-06 23:51:19.165+00","general","https://media-staging.newsroll.app/stories/3609275972-e241032dca362c4057ec4793a344a8674279863aa7abbed2100e19bd122a0a73.webp",120070
2081334615,2317,"2026-04-06 23:45:56.062+00","general","https://media-staging.newsroll.app/stories/2081334615-a4ce8052f9dde4d09e095e460ce8656818e491b2ea54a6a7b7ca5c87f19579a5.webp",120070
1000147366,2316,"2026-04-06 23:33:47.011+00","tech","https://media-staging.newsroll.app/stories/1000147366-c9e55262198bfc87f1fe9ef9723a41213b7f0f0378ea243bc114fdd7e8f7959a.webp",120070
3982225993,2315,"2026-04-06 23:30:43.621+00","tech","https://media-staging.newsroll.app/stories/3982225993-0d0abb838c64881d9a4ba7e729fd58c296d2d3af61256dc36a828a5e057714e0.webp",120070
1701452443,2314,"2026-04-06 23:20:43.969+00","general","https://media-staging.newsroll.app/stories/1701452443-2e744ceed4ca916ddb078a27f457cfbe9b52e759618ef03d4e1d25575dc44791.webp",120070
3245652461,2313,"2026-04-06 23:16:33.261+00","tech","https://media-staging.newsroll.app/stories/3245652461-715e629070605aac7e79f04ad646845b268ffbd3fd5bd0a7a22c486d1bf2c9f1.webp",120070
2433581962,2312,"2026-04-06 23:11:00.797+00","general","https://media-staging.newsroll.app/stories/2433581962-9b703fda5bfeedaa9ade7dfd2bd8bc5dc9b652cecc3404f0a808c1794f768cd5.webp",120070
2977673336,2311,"2026-04-06 23:06:08.082+00","tech","https://media-staging.newsroll.app/stories/2977673336-a3a52afa6a75d1ba0a65827572477582eb4a09b47a444f143c3c4b5de1ab4cc9.webp",120070
3842896146,2310,"2026-04-06 23:00:57.657+00","general","https://media-staging.newsroll.app/stories/3842896146-cb0a2fe56a48efbc71db01c2a3de087fda20fa025edf3474022d741e528c4507.webp",120070
3001614714,2309,"2026-04-06 22:56:21.894+00","tech","https://media-staging.newsroll.app/stories/3001614714-b4ba1d26051590e2421547f3e209e4979adc519b2536a8a5379e12306c1aa0fe.webp",120070
1897210485,2308,"2026-04-06 22:45:44.436+00","general","https://media-staging.newsroll.app/stories/1897210485-17b1268b42edd883c1eb6585c6abb7c8095fe151142cfe3e5e43d0a0c51c180c.webp",120070
4238227506,2307,"2026-04-06 22:42:17.623+00","tech","https://media-staging.newsroll.app/stories/4238227506-5b55c1ebc92a5dd034b3a56beab9f63c546219282df092d11b1cd5cc1b67507b.webp",120070
1589253345,2306,"2026-04-06 22:36:00.122+00","general","https://media-staging.newsroll.app/stories/1589253345-44604f120e64db56b913b582abda9f5cf97f7e6308868c9142d72932b3862f3d.webp",120070
5199461902,2305,"2026-04-06 22:30:58.135+00","tech","https://media-staging.newsroll.app/stories/5199461902-9102d581cab831f4eb788618134bb174d851024b9068afeaf53e35595be35489.webp",120070
1917333900,2304,"2026-04-06 22:25:45.407+00","general","https://media-staging.newsroll.app/stories/1917333900-fa3e55edaa7094327ebafb7a10440bedbe3b17e8bd16c08027ce7d8e052ace2c.webp",120070
4057826142,2303,"2026-04-06 22:23:24.591+00","tech","https://media-staging.newsroll.app/stories/4057826142-49e0996c02ee4ea46bb414db9c4848087099e9ed30a9f070d094828fee07e7c3.webp",120070
4034867038,2302,"2026-04-06 22:16:24.239+00","tech","https://media-staging.newsroll.app/stories/4034867038-6b5084bcb131c766d3c2352eede1ce445f88cd8295cdd95ad8f2e7285169eae4.webp",120070
4417291852,2301,"2026-04-06 22:10:46.143+00","general","https://media-staging.newsroll.app/stories/4417291852-f19e2702266d5c90f6d1767de3f80798b63731180076dc8fbbe920d0b6dbccc3.webp",120070
2643930289,2300,"2026-04-06 22:08:01.966+00","tech","https://media-staging.newsroll.app/stories/2643930289-c63bb39820d32ddf4a0dd5fa860671480a5e6486e6345d17011bb2a052dfe8ca.webp",120070
2115321188,2299,"2026-04-06 22:00:59.805+00","general","https://media-staging.newsroll.app/stories/2115321188-7439b0e1abdcdbc3ca776d36ed64dd19e7f684bf000aaa1989f7b77998a64a1c.webp",120070
1090866810,2298,"2026-04-06 21:54:17.989+00","tech","https://media-staging.newsroll.app/stories/1090866810-440e52c2da3c8556e49cc73df6d2f3d3b68176c50640f48c9ced2fcf573782b4.webp",120070
3563266005,2297,"2026-04-06 21:35:45.26+00","general","https://media-staging.newsroll.app/stories/3563266005-bb2e61bf539db41520be6530e7935893971a3eda9eb05dee41fc56c6abd10b7a.webp",120070
5223725089,2296,"2026-04-06 21:31:02.518+00","tech","https://media-staging.newsroll.app/stories/5223725089-5df03f7c8d5f589477fb33fc5205abf4a13b9824ecda5ee150944c3ae51b3efa.webp",120070
1716604234,2295,"2026-04-06 21:27:56.585+00","tech","https://media-staging.newsroll.app/stories/1716604234-b209c8286ea7499df6f86f21940c99370227c11b138deee2eadf4f119a8848ee.webp",120070
5276048858,2294,"2026-04-06 21:21:39.437+00","general","https://media-staging.newsroll.app/stories/5276048858-8434dd5f2e81aefddbdd91e58cae4152930b507bdc9cecc4ca00f6f463ed6ae2.webp",120070
2604923006,2293,"2026-04-06 21:16:01.622+00","tech","https://media-staging.newsroll.app/stories/2604923006-66a06c699fc78de175c14e36e4adacf930bdb075be34bf6d51ff613af3cc1bf8.webp",120070
4117324313,2292,"2026-04-06 21:05:55.698+00","tech","https://media-staging.newsroll.app/stories/4117324313-c5f992dbe7c51c031f4784f93015860684f8e78a27db1fe57e5e7cd884903d56.webp",120070
4056108882,2291,"2026-04-06 21:00:47.7+00","general","https://media-staging.newsroll.app/stories/4056108882-648d08232741e4f96d36d72d597a76a0afb2d0faa8ad5d5c80f7f83696ebbc8c.webp",120070
1508974062,2290,"2026-04-06 20:58:17.568+00","tech","https://media-staging.newsroll.app/stories/1508974062-e7eafc95680de51e180e95826d5628065eb6a33c219fb30eca1a11e71ce98a47.webp",120070
1177581495,2289,"2026-04-06 20:46:38.645+00","general","https://media-staging.newsroll.app/stories/1177581495-c5b596380b4502f7e60c76c2c388c00c6d9176f6b40a5164a1bcb91e277043e6.webp",120070
2473939072,2288,"2026-04-06 20:34:02.397+00","tech","https://media-staging.newsroll.app/stories/2473939072-fda45281c936423f30ca0301791b259b4550c99c2f95e870b69d103a65c30235.webp",120070
2496287083,2287,"2026-04-06 20:29:45.893+00","tech","https://media-staging.newsroll.app/stories/2496287083-6992f571d34d8845577223966cfaadfcfe5b5b76b844ebb40b9cb9be68cda2c4.webp",120070
4028864834,2286,"2026-04-06 20:25:43.772+00","general","https://media-staging.newsroll.app/stories/4028864834-c29b81fff65c4fd597573d9f0563638cc3c3adc67c793264d94c5a3f09ed3169.webp",120070
1558795626,2285,"2026-04-06 20:10:45.072+00","general","https://media-staging.newsroll.app/stories/1558795626-63a05e84f100b05105ec36d8c7fa9e8df31cc3a9dfc42b145a5198b266f8afd9.webp",120070
1142092530,2284,"2026-04-06 20:06:18.473+00","general","https://media-staging.newsroll.app/stories/1142092530-3edde444022163aec5e474cd8e31c525002723cf39f1b84bdb86aed5f4abc88a.webp",120070
2844756611,2283,"2026-04-06 19:55:57.53+00","tech","https://media-staging.newsroll.app/stories/2844756611-26730a8f628869de20691e2d7f21581c58dbf98dfdf9f35841bcb877c25a1e73.webp",120070
3422533802,2282,"2026-04-06 19:43:46.041+00","tech","https://media-staging.newsroll.app/stories/3422533802-f0e220761a5a6e046563ee31e18ee9f23b7e200e80addc7ecff0c1fa5c013e3a.webp",120070
2060770118,2281,"2026-04-06 19:43:07.176+00","tech","https://media-staging.newsroll.app/stories/2060770118-870ccfd36633a717c0f5c08fd120e481581b9f9aa275c4faecbd593f31fd0f94.webp",120070
1203469268,2280,"2026-04-06 19:31:08.315+00","general","https://media-staging.newsroll.app/stories/1203469268-5dc8114f79a49ef0887325098f139c719e3452a406eacc675cd9c2df90bf16f1.webp",120070
3565468915,2279,"2026-04-06 19:20:54.886+00","tech","https://media-staging.newsroll.app/stories/3565468915-9159320fc76296a6e4e360f5d21ab41a78252c0b490c17f61dd761d03924ebd2.webp",120070
2688860206,2278,"2026-04-06 19:15:44.281+00","general","https://media-staging.newsroll.app/stories/2688860206-3099893421ff96a49dd14af545dff9be3075268c6ce1d08bd763dafeedef9460.webp",120070
1075398060,2277,"2026-04-06 19:05:45.009+00","tech","https://media-staging.newsroll.app/stories/1075398060-cc8ddbe1e6b1f1d0e6bf0a4c1c4ee86bfa5b386e1129de2a354f25ff105a1db0.webp",120070
2656879539,2276,"2026-04-06 19:02:03.258+00","tech","https://media-staging.newsroll.app/stories/2656879539-eb9396993803c384ea9eef92937b41ddf578e1d5b87dd2e3065a1f0f3fa2e144.webp",120070
1061232749,2275,"2026-04-06 18:56:03.993+00","general","https://media-staging.newsroll.app/stories/1061232749-2fc63ac8b49a4ced2bb3a52875a5065293d710da7d668e828b20c2a6cb594c7b.webp",120070
4984975672,2274,"2026-04-06 18:50:45.052+00","general","https://media-staging.newsroll.app/stories/4984975672-59480c55a3b9180d8f586d403c8cbe0ebec1c0102fc97428a6aa624ded948a05.webp",120070
1349429002,2273,"2026-04-06 18:41:11.356+00","general","https://media-staging.newsroll.app/stories/1349429002-be911c1fbebefba2c32a1aa6b0b21b4df6009b60305a18e25c93da8dc27fdda6.webp",120070
1541663491,2272,"2026-04-06 18:37:47.41+00","tech","https://media-staging.newsroll.app/stories/1541663491-ea7e8a292aae0578cecc5fa65616098e3e1a003ef6f6c9d6654abe17071f09d9.webp",120070
1074461779,2271,"2026-04-06 18:37:02.084+00","tech","https://media-staging.newsroll.app/stories/1074461779-5a73c9633598fab12f6e72f523aabd4b6d52a51c1a37759af2244edf0afcb53f.webp",120070
1214957137,2270,"2026-04-06 18:27:45.073+00","tech","https://media-staging.newsroll.app/stories/1214957137-695646b68e94c2b20f2d36bf13ac9bb57d5892087ff996c60634caa4b46a1630.webp",120070
2461902959,2269,"2026-04-06 18:20:49.696+00","general","https://media-staging.newsroll.app/stories/2461902959-c4e46d8b16859ffe06f1d1846e91484ed0cff33722742fa44fbf1116c19f7371.webp",120070
1945373414,2268,"2026-04-06 18:15:44.266+00","general","https://media-staging.newsroll.app/stories/1945373414-97c11a256b907958965e85954db809bd9990a5249dac347e04e400f02ab74daa.webp",120070
2078296897,2267,"2026-04-06 18:05:45.22+00","general","https://media-staging.newsroll.app/stories/2078296897-10994c3a07e73190de0a30b5a13427383bf23b5c4fe9a575d522f5838d33c78d.webp",120070
1975109834,2266,"2026-04-06 18:00:55.72+00","tech","https://media-staging.newsroll.app/stories/1975109834-111a3e2663e8acaa9fe6991677d45275b4d5944965775feebc858b2209fec827.webp",120070
3238583547,2265,"2026-04-06 17:52:19.876+00","tech","https://media-staging.newsroll.app/stories/3238583547-9ef8efef64719cf3ac11000a9d9a5bfd49904691993ce22c08be5df3d183fc5a.webp",120070
4653959178,2264,"2026-04-06 17:46:04.375+00","general","https://media-staging.newsroll.app/stories/4653959178-a945a43d0346fa7d007dd832e60ae8575e8158f7f2aaeac421ae0d093d685df3.webp",120070
2457040780,2263,"2026-04-06 17:37:06.842+00","tech","https://media-staging.newsroll.app/stories/2457040780-cfc8642261b216f133d09566212377f9f72274d283971df4e990d63cee0c072b.webp",120070
1405918428,2262,"2026-04-06 17:32:20.678+00","tech","https://media-staging.newsroll.app/stories/1405918428-466daaa291dd08f8f04da680f67c05c593a481844c9134016cb8840c5ceb4d61.webp",120070
1308733894,2261,"2026-04-06 17:30:43.556+00","general","https://media-staging.newsroll.app/stories/1308733894-a6b54b94abbd67afba4a81c37b70fc5dad4dab889a387115134c8fb31a5a923a.webp",120070
1301822675,2260,"2026-04-06 17:16:56.729+00","tech","https://media-staging.newsroll.app/stories/1301822675-5c0a0a6d7c7a3870f0b059c6067878be37b1e3f2ea4d4931f9893b8bf08c0157.webp",120070
1558598987,2259,"2026-04-06 17:11:18.49+00","general","https://media-staging.newsroll.app/stories/1558598987-50a5441bc29de70be1912ede0cc6e93ee6d184e708165d99cc6aa35eac58b063.webp",120070
2779190571,2258,"2026-04-06 17:05:03.323+00","tech","https://media-staging.newsroll.app/stories/2779190571-bcdd580cb2ecaa92cf8aa9aecb5a3f2b593feb317446b2d52472b5ba67e1e91d.webp",120070
1979325057,2257,"2026-04-06 16:56:04.881+00","general","https://media-staging.newsroll.app/stories/1979325057-aefa8fb0edda40c05b8ac888878fd7a776931c2f0f904a6b593c5c19ceac8072.webp",120070
2780897298,2256,"2026-04-06 16:55:06.015+00","tech","https://media-staging.newsroll.app/stories/2780897298-d9203f09a9a88af1049f163de8a68cfa48973a6679e0a43e950e41e0de98a1fb.webp",120070
3306467901,2255,"2026-04-06 16:36:10.9+00","general","https://media-staging.newsroll.app/stories/3306467901-a6bd249b9a22d9ddc0bd058e44d29ffd4c16994b1ac4a7a3481047ffe4099664.webp",120070
4014372932,2254,"2026-04-06 16:30:45.321+00","general","https://media-staging.newsroll.app/stories/4014372932-273b59050a1c6feb54a10c177cfcf31a295e33f0ba2ad618b2deea38f4d6de3d.webp",120070
1193887755,2253,"2026-04-06 16:20:45.846+00","general","https://media-staging.newsroll.app/stories/1193887755-38f9941f273aa9050b4f16d181bb10f6d0859deca88d5de079ba05b98ecb583c.webp",120070
4479943206,2252,"2026-04-06 16:07:19.237+00","tech","https://media-staging.newsroll.app/stories/4479943206-a8e3eae41a0a8a75369e055429658502427274a61cf42a64c20adff7f285bde0.webp",120070
3770369710,2251,"2026-04-06 16:01:20.563+00","general","https://media-staging.newsroll.app/stories/3770369710-e2d00e6eb8419fdcf0af028a71faed12001ed1c3ed5617f01916fedb45f3ef7b.webp",120070
2941366084,2250,"2026-04-06 15:55:46.248+00","general","https://media-staging.newsroll.app/stories/2941366084-41db6539bc4426b1e36854de3bd4e5cb62aeb5c9ca78dd4f0b1d27b58feaeca9.webp",120070
1441515955,2249,"2026-04-06 15:51:44.582+00","tech","https://media-staging.newsroll.app/stories/1441515955-2a5f05dc58cf41f69a04853d8bc7f120a29f6bea81acf1a5cf00418530266472.webp",120070
4412166089,2248,"2026-04-06 15:45:54.072+00","tech","https://media-staging.newsroll.app/stories/4412166089-49ec0c4e57ab71b3deaf2f3febefc937db6889f8f65727d35c04075103257a03.webp",120070
2362813158,2247,"2026-04-06 15:40:44.561+00","general","https://media-staging.newsroll.app/stories/2362813158-57a5457219b024a9e8b4db15499521b0d6365f86be8f88816cb09d63f6439014.webp",120070
3180666507,2246,"2026-04-06 15:39:04.003+00","tech","https://media-staging.newsroll.app/stories/3180666507-431dd606acb6245a4572a1755201c764096ccc1e9b70c25493c284d966eef40a.webp",120070
2397768699,2245,"2026-04-06 15:31:54.832+00","tech","https://media-staging.newsroll.app/stories/2397768699-c5ad4984d10f5ec0a80dfa829e2ef037f82a9e95d15faf3db4b36df9cc252b05.webp",120070
3957889201,2244,"2026-04-06 15:26:19.736+00","general","https://media-staging.newsroll.app/stories/3957889201-2fe98eb846466433158f5c0834d6cc736df997553bfc494a128071c885a56ee6.webp",120070
3445547594,2243,"2026-04-06 15:14:01.071+00","tech","https://media-staging.newsroll.app/stories/3445547594-4784f226a3da5a0f2abe3e664721b177c1abce963051dd6e22efec8242b00fd8.webp",120070
2188949357,2242,"2026-04-06 15:05:43.623+00","general","https://media-staging.newsroll.app/stories/2188949357-29b856a1990ce3a56973cd9892a5c08b5edb7fc020f49e19fe69727f391cb5f4.webp",120070
3177972513,2241,"2026-04-06 14:51:18.485+00","general","https://media-staging.newsroll.app/stories/3177972513-5c60fdba42eda1f53ef9cac604d09145394ea1ad9620817d2b97af3f2c241155.webp",120070
2117362314,2240,"2026-04-06 14:40:44.595+00","tech","https://media-staging.newsroll.app/stories/2117362314-1c317d63a0979d183cc8eab2237c6939b9fa5672626b3e53a3bfef2170bf3fdc.webp",120070
5253863551,2239,"2026-04-06 14:30:45.859+00","general","https://media-staging.newsroll.app/stories/5253863551-e51d6f921ef96a5c662a615b4c705b0a515e1facd894bbeec47c57e2acf67142.webp",120070
3294202548,2238,"2026-04-06 14:17:01.171+00","general","https://media-staging.newsroll.app/stories/3294202548-30bf81e9ec452e385eaf111a05345a85b014ddd0d1558b45220802c717ce18eb.webp",120070
3017234638,2237,"2026-04-06 14:14:19.382+00","tech","https://media-staging.newsroll.app/stories/3017234638-b21238c8a19681d0650dbd00c5eab7f67a0a1c62888c2f857cd641e13052b04d.webp",120070
2529484085,2236,"2026-04-06 13:55:45.383+00","general","https://media-staging.newsroll.app/stories/2529484085-7f669987a73cc428e879fe4e18d1c22869301aa619de87d8a68e196ee8f7555d.webp",120070
4573643735,2235,"2026-04-06 13:51:16.41+00","tech","https://media-staging.newsroll.app/stories/4573643735-1d9c8988eb9ee39bd4958326bf1dfb514e447207e6ddbdd3b299d985068141c5.webp",120070
4973913956,2234,"2026-04-06 13:48:45.38+00","tech","https://media-staging.newsroll.app/stories/4973913956-084d12a1622c13028c42eb159f060faa4781815abf47dc7e6ea6e3e0e4293312.webp",120070
2950354870,2233,"2026-04-06 13:46:48.125+00","general","https://media-staging.newsroll.app/stories/2950354870-8ae8d1f36005bd737dfbc41e18b83077cfb0e4adc0a4d268ddd45c32822c2f64.webp",120070
1077759418,2232,"2026-04-06 13:44:54.409+00","tech","https://media-staging.newsroll.app/stories/1077759418-e9f8712535268f15e1df13ac5ed3546a062ede04e0ae3b2f7164b9495f196746.webp",120070
4829330636,2231,"2026-04-06 13:41:53.295+00","general","https://media-staging.newsroll.app/stories/4829330636-582390576c78610f3b1371941c86c86d2464e2d1847fa94b629a7a220dbb3d57.webp",120070
4069254618,2230,"2026-04-06 13:20:46.443+00","general","https://media-staging.newsroll.app/stories/4069254618-89013e79ef07a62778d49ec1ea0fb08d169c86e17e8d0b95215dfd3e8e595304.webp",120070
4719468856,2229,"2026-04-06 13:16:09.188+00","tech","https://media-staging.newsroll.app/stories/4719468856-846241aae367549a8116999437ce31be9acac3921f01fd10f580387f52413815.webp",120070
2489266170,2228,"2026-04-06 13:10:43.403+00","general","https://media-staging.newsroll.app/stories/2489266170-dc6ee965151c11b1d9708097fbffa74ded07d75f39371f82989efbd83bb447fe.webp",120070
3483104342,2227,"2026-04-06 13:06:55.717+00","general","https://media-staging.newsroll.app/stories/3483104342-d8539ca5ae761a87dada0e66cd14dc26b950d7294bd29b4bff17808e18896855.webp",120070
1820114249,2226,"2026-04-06 12:45:45.645+00","general","https://media-staging.newsroll.app/stories/1820114249-b5d3143e2fdca8ce4f2b685ff29ff4b84a31fd4fbd48370654f76ada2691e62b.webp",120070
3661656181,2225,"2026-04-06 12:27:51.364+00","tech","https://media-staging.newsroll.app/stories/3661656181-c9a464bc86fdf4d1c6abd74bce8bcd088beefd809d357c577b0dfd5575fbee40.webp",120070
4324792126,2224,"2026-04-06 12:20:50.307+00","tech","https://media-staging.newsroll.app/stories/4324792126-00272ec84a411fbe1234751098d4e54822931628734f5d2c7e564609e438512c.webp",120070
5156560290,2223,"2026-04-06 12:15:57.185+00","general","https://media-staging.newsroll.app/stories/5156560290-d96d3dbe654f7c98083a024a1d6ceef16bbc32d702024ad675552d206c20927d.webp",120070
5076209804,2222,"2026-04-06 12:10:50.863+00","general","https://media-staging.newsroll.app/stories/5076209804-791525706902b3521f1389d33301ddec676d580aa622de90fcb340a1edcce26f.webp",120070
1830740916,2221,"2026-04-06 12:00:55.285+00","tech","https://media-staging.newsroll.app/stories/1830740916-721f128a331ed46de7cd65350998eb492e26bbef8b53096cb264f423700baa42.webp",120070
4767882750,2220,"2026-04-06 11:41:09.395+00","general","https://media-staging.newsroll.app/stories/4767882750-adc625956b0b50cc22dd18868366cb8266a1a90b48f3c01e660c38195ed46d23.webp",120070
3283698599,2219,"2026-04-06 11:38:23.951+00","tech","https://media-staging.newsroll.app/stories/3283698599-03583c6ea4b24b43aca226ca8cfa76064adaae3d74dc72a34b905d31b0bcb714.webp",120070
1626534673,2218,"2026-04-06 11:35:49.553+00","general","https://media-staging.newsroll.app/stories/1626534673-58c38339d1708b2fe6c27b3fc2bf5d74d3b94b37d829ff5f02ea2e88733796d9.webp",120070
5074393623,2217,"2026-04-06 11:33:21.601+00","tech","https://media-staging.newsroll.app/stories/5074393623-addf3d880ca5f699f147598385e18ae202fd429234c88b75ef9c4129784d7c65.webp",120070
4834949644,2216,"2026-04-06 11:16:17.564+00","tech","https://media-staging.newsroll.app/stories/4834949644-112e16094ca33aefab348e0d2c7d87be59391639abec000ccbf4a1d251fdcd06.webp",120070
4849621275,2215,"2026-04-06 11:10:56.538+00","tech","https://media-staging.newsroll.app/stories/4849621275-89742d9a713e5b59478a9c28f2ac20276cbb77d9d398676eb5250615b0edcd1c.webp",120070
2944129306,2214,"2026-04-06 11:06:06.182+00","general","https://media-staging.newsroll.app/stories/2944129306-4bee08c908e6d8443efe901c16816cce67ea0cfa0649ce80a0e79b89256f7bf4.webp",120070
2037472952,2213,"2026-04-06 11:02:42.044+00","tech","https://media-staging.newsroll.app/stories/2037472952-3d4c7d816c802f6257573a64f80b18ecdb996d8c9dc415bd092cf4db46dce916.webp",120070
3543141496,2212,"2026-04-06 10:51:02.717+00","tech","https://media-staging.newsroll.app/stories/3543141496-3c0674351842681e520ad57240177dba92867aa5d8d47e9e08c81a30c74c4b5f.webp",120070
1591994978,2211,"2026-04-06 10:30:57.951+00","general","https://media-staging.newsroll.app/stories/1591994978-926c1de03b91ff539dd1d3e0e6e8893572066016828143569b5f0a9a8b0e6849.webp",120070
1264607775,2210,"2026-04-06 10:25:52.501+00","tech","https://media-staging.newsroll.app/stories/1264607775-236c0dec5122206593d9614668172c0a155cd2d3b887a0ce916c16441af67949.webp",120070
2304120746,2209,"2026-04-06 10:16:21.179+00","tech","https://media-staging.newsroll.app/stories/2304120746-236fdb74227f78e5e2f287593c5a602b5839d47d76e53430ebfe3623d5cfc2b1.webp",120070
2418909914,2208,"2026-04-06 10:13:56.935+00","tech","https://media-staging.newsroll.app/stories/2418909914-c887c81e74ce7b44a65ece0be364b0e65d89421c994b4c1b62e296c5b8ab0f2d.webp",120070
3020347889,2207,"2026-04-06 09:56:00.841+00","general","https://media-staging.newsroll.app/stories/3020347889-8eb982bd47ff6feea849752c01a1ac7eda0394d23a262a82df05d7205304de0d.webp",120070
3082346998,2206,"2026-04-06 09:50:52.848+00","general","https://media-staging.newsroll.app/stories/3082346998-6e8b0cc272f2106905b6edeb3d9e3f8d00f8165542d7e092f232076f3a215143.webp",120070
4486145448,2205,"2026-04-06 09:41:32.509+00","tech","https://media-staging.newsroll.app/stories/4486145448-2715c26923687c7404a16020eb83613fe34b603ee90926e342d7a02bfdf8dc2d.webp",120070
1095838981,2204,"2026-04-06 09:37:13.233+00","tech","https://media-staging.newsroll.app/stories/1095838981-353af88405eebc2b302464ebd4230278520baaf768d57a04865f2d8d1daa5881.webp",120070
3111081017,2203,"2026-04-06 09:21:15.08+00","general","https://media-staging.newsroll.app/stories/3111081017-66ec46c734cd7b36d19e549de47047f7c365b0d53a61d24f55f9fc952caf9965.webp",120070
2415399577,2202,"2026-04-06 09:15:52.15+00","general","https://media-staging.newsroll.app/stories/2415399577-b1d9bb975f7b6327d92f6ea7781757e068f002e259e05a68482493c1b6afa553.webp",120070
2952230884,2201,"2026-04-06 09:14:19.522+00","tech","https://media-staging.newsroll.app/stories/2952230884-87996f375d0d2275c7c5dc2e206a7353c5762fc29ed55a091ba39780cdbcc85f.webp",120070
4953404064,2200,"2026-04-06 09:01:29.208+00","tech","https://media-staging.newsroll.app/stories/4953404064-6ff18b6ba7b0d2214833bb755d5b38b275229f21aa7be9a6029d418e14a0b59a.webp",120070
3648271517,2199,"2026-04-06 08:51:11.249+00","science","https://media-staging.newsroll.app/stories/3648271517-7453fab81471c4559deff5f0b9cd0639f21cd35c06d1e65d69e25524c27ec4f2.webp",120070
4642438203,2198,"2026-04-06 08:46:01.335+00","general","https://media-staging.newsroll.app/stories/4642438203-3fc4e9aeca5c78ea7a37915be7f734eb8aac0730ca0e4911f64bd6d96568f4bd.webp",120070
4619107686,2197,"2026-04-06 08:40:54.728+00","general","https://media-staging.newsroll.app/stories/4619107686-c8739964898c36a388a0bda166876d0fe151a5aa1f931ef60b61688e34b701dd.webp",120070
1933180327,2196,"2026-04-06 08:37:10.837+00","tech","https://media-staging.newsroll.app/stories/1933180327-d56f302278a634979f57e4bff17ac787619408c86e74fed167f26bdfc1eb8313.webp",120070
4711855636,2195,"2026-04-06 08:26:16.769+00","tech","https://media-staging.newsroll.app/stories/4711855636-9301ce3ac0fde9a118193bcd5acda411680353142f47ffdb13fd943d10068589.webp",120070
5030132379,2194,"2026-04-06 08:22:28.437+00","tech","https://media-staging.newsroll.app/stories/5030132379-651ca9d31846dad6a7470331fbb99e943192520f3c17519384b019226bb39cd2.webp",120070
1888576920,2193,"2026-04-06 08:15:57.948+00","tech","https://media-staging.newsroll.app/stories/1888576920-5e96b1e137174eb61f80733751e5ee49f0564b1b9b092f7dcb52452ff9d75e66.webp",120070
1386153182,2192,"2026-04-06 08:13:57.34+00","general","https://media-staging.newsroll.app/stories/1386153182-e7e4077b156c50ca37869d48e515630e4e3699a4e59a72fc71aa85e45a8ac9e2.webp",120070
4352910378,2191,"2026-04-06 08:05:53.762+00","general","https://media-staging.newsroll.app/stories/4352910378-71e699a6f6883470b5cbcf3088583965ba3456f680ce28a8d10297f88653cae7.webp",120070
4270776500,2190,"2026-04-06 08:04:11.136+00","tech","https://media-staging.newsroll.app/stories/4270776500-663c5b7cc91ab2326b6c95571360a52ccb93a3f9d482f93653d903fc5cbc80a1.webp",120070
2108349096,2189,"2026-04-06 08:02:08.895+00","tech","https://media-staging.newsroll.app/stories/2108349096-b72fec4cbe8e62c0d9bd695c55ff214c184969d6bdb980f807f2933b7eb26418.webp",120070
4047772795,2188,"2026-04-06 07:58:27.954+00","tech","https://media-staging.newsroll.app/stories/4047772795-a33c5e5231809e32540008afcc878713ef85fac340a6db2d2e049403e57e9cf5.webp",120070
4306289338,2187,"2026-04-06 07:41:28.444+00","tech","https://media-staging.newsroll.app/stories/4306289338-5af190e60116b6d9c2ba03513916dcf6ecc042fdcb5a9378ce7ef2118c07d464.webp",120070
2811830338,2186,"2026-04-06 07:30:56.595+00","general","https://media-staging.newsroll.app/stories/2811830338-51eb48e25fe6c44401bb5ecf57c381ae59062eff52434bb8f85cdc578cedd6f7.webp",120070
3995296455,2185,"2026-04-06 07:27:02.741+00","tech","https://media-staging.newsroll.app/stories/3995296455-1ebe0c38383807e13ae5798d92e9513368f37886b82a1c4a6d0ec07e5da9e8cf.webp",120070
2576248636,2184,"2026-04-06 07:21:37.008+00","tech","https://media-staging.newsroll.app/stories/2576248636-14ffa36fd1581b30914e9e173a66a1bdc0aa3ccc945849f3e5c2dc42f773f19f.webp",120070
2260863426,2183,"2026-04-06 07:11:37.154+00","tech","https://media-staging.newsroll.app/stories/2260863426-59f57291ea1f8dbc5709254534396095e1aaac0f9ff3e106a71e95cba274cff4.webp",120070
5007249269,2182,"2026-04-06 07:09:28.195+00","tech","https://media-staging.newsroll.app/stories/5007249269-997f235136a7c8012bae590a210d74fb9dd1a3866c2f5db2d77d1c7863ff5cbb.webp",120070
2784125828,2181,"2026-04-06 07:01:18.279+00","general","https://media-staging.newsroll.app/stories/2784125828-ecff1e02517ee2a74d9c8c34272a7cc5016ddbf7625f821445348f27e8e3b352.webp",120070
3816289171,2180,"2026-04-06 06:55:52.985+00","general","https://media-staging.newsroll.app/stories/3816289171-ead0b0081ad74d1877e853cd10b4ffbe04c91a3e0e732b59117bc0b84e4097c1.webp",120070
3947807636,2179,"2026-04-06 06:49:59.978+00","tech","https://media-staging.newsroll.app/stories/3947807636-3ae0eb5f0659dc146ab69f62440460c43c59312aa77de53d4c4f02dceadc709d.webp",120070
1987179153,2178,"2026-04-06 06:47:45.022+00","tech","https://media-staging.newsroll.app/stories/1987179153-a693de796bf840882cba88c537c8b798cd43a2457dd16afd0e932e21937008e0.webp",120070
2371354790,2177,"2026-04-06 06:43:39.454+00","tech","https://media-staging.newsroll.app/stories/2371354790-b724e78f107e64d36b526cf87d357c4fdd535fab1abf9a4adc539cdd2d971aa9.webp",120070
4552754407,2176,"2026-04-06 06:31:44.62+00","tech","https://media-staging.newsroll.app/stories/4552754407-385d57bbdbd295cc5b6e56cb5d5d562ba8aaa6c8b21378e9310b6dbf909b60d9.webp",120070
4847763846,2175,"2026-04-06 06:26:11.789+00","general","https://media-staging.newsroll.app/stories/4847763846-a5ed0bfbf565a36c41e5e54c40a61ebe6685c01e4295da0cf273dbee3f829cdc.webp",120070
1560318701,2174,"2026-04-06 06:20:57.488+00","general","https://media-staging.newsroll.app/stories/1560318701-59942973a07a3cb6455b972e803f2be400a1fc1341b25b8bd1e94841c6c943c7.webp",120070
3128227334,2173,"2026-04-06 06:12:42.998+00","tech","https://media-staging.newsroll.app/stories/3128227334-ad7165e74bd6f63ee4992c5548a3b39e5afbc28f70d188fe2be6ec074e9b9498.webp",120070
4147489022,2172,"2026-04-06 06:01:59.581+00","science","https://media-staging.newsroll.app/stories/4147489022-7869d8be707b00b150820d91044601b928353a47dd9d13288ddb8eb032139a33.webp",120070
2344662414,2171,"2026-04-06 05:59:26.502+00","tech","https://media-staging.newsroll.app/stories/2344662414-5f04c7db7a78c920fc349ef18c6467ba2b6041d1efb668f2aceca2c6169ee704.webp",120070
4553880854,2170,"2026-04-06 05:51:12.523+00","general","https://media-staging.newsroll.app/stories/4553880854-8300a8949ec2fdb16433041cb57b0b88d98951254cce8e16f87d4a2d4e4849f0.webp",120070
5209712590,2169,"2026-04-06 05:46:21.813+00","tech","https://media-staging.newsroll.app/stories/5209712590-ab7dd81911390398006fe3255dd64ee96e19500be80292773d22b456ff294b54.webp",120070
1625218089,2168,"2026-04-06 05:37:39.764+00","tech","https://media-staging.newsroll.app/stories/1625218089-87a2189c779fcb01530414d3b0e1d4994b2c797c7af5bc0d138264defcfdc97c.webp",120070
3787533357,2167,"2026-04-06 05:33:24.399+00","tech","https://media-staging.newsroll.app/stories/3787533357-39f9dd5b7962eda6daa7ecc5ee7c420d84d0a8fbfd02942ddf8e94187a775617.webp",120070
3098125784,2166,"2026-04-06 05:28:34.709+00","tech","https://media-staging.newsroll.app/stories/3098125784-5ba4fe1df1089e435554c2802edec4492ff8de6f62ca64118cfe5fe82dc43126.webp",120070
2956760598,2165,"2026-04-06 05:16:01.425+00","general","https://media-staging.newsroll.app/stories/2956760598-7d9b9401b27f4c68e6a15865b8dad3f9615656c23b67c237497f4702e7319552.webp",120070
1886847782,2164,"2026-04-06 05:10:57.71+00","general","https://media-staging.newsroll.app/stories/1886847782-7c42e797088d74ad4f3087d0850623a70423f00190c518baf692634ecba68719.webp",120070
4643448334,2163,"2026-04-06 05:01:19.964+00","tech","https://media-staging.newsroll.app/stories/4643448334-83f326d6df0aadb9eab882499cd4afa4047a4b4d8e8691d6061cfe2b7f673c24.webp",120070
5006687705,2162,"2026-04-06 04:55:59.183+00","tech","https://media-staging.newsroll.app/stories/5006687705-ddc24c21fc020a73454821b340ebce6cb68a64c4e15e34e7d0dba31de1465ba1.webp",120070
2916880404,2161,"2026-04-06 04:51:43.445+00","tech","https://media-staging.newsroll.app/stories/2916880404-afd342d17286e8989f8bd0f01940bfce82e3779079785fa1d566ecac8053182a.webp",120070
5018157816,2160,"2026-04-06 04:50:55.436+00","tech","https://media-staging.newsroll.app/stories/5018157816-b53ee3f2172110fa8ee8b2167b3287df94fc7e669b81d0cb1fef3aec7beac972.webp",120070
4025144345,2159,"2026-04-06 04:40:53.003+00","general","https://media-staging.newsroll.app/stories/4025144345-528edc638b1f8bb3834d1dc529478b1fca2c00242a68fda7859e0263d402ae23.webp",120070
3049485948,2158,"2026-04-06 04:36:09.4+00","general","https://media-staging.newsroll.app/stories/3049485948-5938f5cdc735fac3268aaf20cee1159865492f199a0523803a4d4b4189f7d21a.webp",120070
4996290475,2157,"2026-04-06 04:25:53.094+00","science","https://media-staging.newsroll.app/stories/4996290475-b9869d6fe3eb88d1cd2dd2fdcde2e6c54c5dc1ce46fdaa8a38f26075ee075fc1.webp",120070
2694277759,2156,"2026-04-06 04:21:20.996+00","tech","https://media-staging.newsroll.app/stories/2694277759-cf513eabe7b04b9ae1fd5d50460c32bd317083c75e31786776e6893e1184029d.webp",120070
4664847495,2155,"2026-04-06 04:11:18.923+00","tech","https://media-staging.newsroll.app/stories/4664847495-3f759864ccb890c358ea852ca008de0597991fa11af60f19f5c07f7a9bae0cda.webp",120070
4655747695,2154,"2026-04-06 04:05:52.778+00","general","https://media-staging.newsroll.app/stories/4655747695-a421ee098e8daea2d9ac352704e9df13a1418f5ed29edfe65fd1ee44bae57396.webp",120070
4204538869,2153,"2026-04-06 04:03:00.032+00","tech","https://media-staging.newsroll.app/stories/4204538869-e01fbb46fad8ae5cae9e080873ea10eafcc319d2231d0c7c75d2927ae9ef2f07.webp",120070
1263931608,2152,"2026-04-06 04:01:23.169+00","general","https://media-staging.newsroll.app/stories/1263931608-d145c1072b073958cc17282fc98804a4a1324aaf0dba4ef1c5d1dd964c15ba9c.webp",120070
3866776728,2151,"2026-04-06 03:58:12.68+00","tech","https://media-staging.newsroll.app/stories/3866776728-5b95a1042f8f4a001085c0e3c39b42981dfc74e9ee9cb0cffb1df09815c4c1bb.webp",120070
3864917419,2150,"2026-04-06 03:47:32.796+00","tech","https://media-staging.newsroll.app/stories/3864917419-a463fd63b9c1327aa09bef4d1ac841db2c6e309e2d7cf15879ac832e2a15cf03.webp",120070
1157229335,2149,"2026-04-06 03:46:01.051+00","tech","https://media-staging.newsroll.app/stories/1157229335-202c597cccf5e16342f37029d7d1d2b5ba7156dc790db332a54db182ff6b2fdc.webp",120070
4732997862,2148,"2026-04-06 03:36:32.393+00","tech","https://media-staging.newsroll.app/stories/4732997862-1f8aa03d1d4e232d8f627331ee199569335b72e908e0f986448b4c48e00c3da5.webp",120070
2587121237,2147,"2026-04-06 03:30:59.15+00","general","https://media-staging.newsroll.app/stories/2587121237-eae723492eb01e24c0feaa663f18c34782bc867fa75819cae8a841bdc11ff242.webp",120070
4912916133,2146,"2026-04-06 03:21:03.716+00","tech","https://media-staging.newsroll.app/stories/4912916133-573608f835e892d42135322fc2f37ce1bb3813ed6bc3010df87817ed5526d4dd.webp",120070
1618190741,2145,"2026-04-06 03:15:51.972+00","science","https://media-staging.newsroll.app/stories/1618190741-53df7dadef760e5b04ee811bc58fe77f9e8a75bceae048b546c77bc5b782f3ad.webp",120070
4768280329,2144,"2026-04-06 03:10:58.148+00","science","https://media-staging.newsroll.app/stories/4768280329-ce9657085cf66fb7d463bd495e77249bf883c3c42c505109fccc60381f77f20d.webp",120070
3485699242,2143,"2026-04-06 03:07:44.274+00","tech","https://media-staging.newsroll.app/stories/3485699242-6e86dec7110ceba2f1458e9e8e73310e2b7efc39eb86d37f1c7fe0be1d778637.webp",120070
2414649079,2142,"2026-04-06 02:56:04.748+00","general","https://media-staging.newsroll.app/stories/2414649079-51eb48e25fe6c44401bb5ecf57c381ae59062eff52434bb8f85cdc578cedd6f7.webp",120070
2695460657,2141,"2026-04-06 02:48:06.297+00","tech","https://media-staging.newsroll.app/stories/2695460657-57d544dd445e6a18cee5b6855cc5ddf0e6e9b419b053d7b898230df2b7c78566.webp",120070
5226723829,2140,"2026-04-06 02:46:41.712+00","tech","https://media-staging.newsroll.app/stories/5226723829-e2bf366cebbec6e9f8ea93e3253a242081fd232df1c7a837a7709a52ac1c0b92.webp",120070
2483677903,2139,"2026-04-06 02:45:41.329+00","tech","https://media-staging.newsroll.app/stories/2483677903-874e4189a842f3d8ec43bf38ccf98954a5ccb9da253e724c2ab99604a50a4ffc.webp",120070
4014675908,2138,"2026-04-06 02:34:02.774+00","tech","https://media-staging.newsroll.app/stories/4014675908-f0d4d02580fce8af5bd99137aae4e5b23bd1d4ddedb58881f1b2676ea212345c.webp",120070
1070800684,2137,"2026-04-06 02:27:59.991+00","tech","https://media-staging.newsroll.app/stories/1070800684-92f2bbe7e14d808c21c3220984135b7e3fcfd49027e77aafca0d0b6aa8dc0024.webp",120070
1887840782,2136,"2026-04-06 02:20:51.147+00","general","https://media-staging.newsroll.app/stories/1887840782-674c5175c6d4721aebda3b37a2d9cf452dd5383e8487632736117db7be873b77.webp",120070
1361177284,2135,"2026-04-06 02:16:27.986+00","general","https://media-staging.newsroll.app/stories/1361177284-1241e93eca069eac8866444611cf58b01e45360aa8abc6d666138b14e1d2d36c.webp",120070
1229297072,2134,"2026-04-06 02:06:08.198+00","science","https://media-staging.newsroll.app/stories/1229297072-7062d21e694758ec4e2702c0e09c2f551197032417840098210a47015d4b27ee.webp",120070
5071365744,2133,"2026-04-06 01:52:32.628+00","tech","https://media-staging.newsroll.app/stories/5071365744-85f4a214f7513dc6e41071aa77733df747a768f2a82b9131682b63ff27c761ac.webp",120070
4234946118,2132,"2026-04-06 01:45:53.023+00","general","https://media-staging.newsroll.app/stories/4234946118-28f10c2152f942b788188787d2edda2e8e8f806303c2993ed505fcaedf830355.webp",120070
4682922448,2131,"2026-04-06 01:41:24.523+00","general","https://media-staging.newsroll.app/stories/4682922448-f471bfe04869bcc9f07c563d6e4e0c783e09c885487c5b96afe2e5a85adafe6c.webp",120070
2986746916,2130,"2026-04-06 01:34:23.509+00","tech","https://media-staging.newsroll.app/stories/2986746916-c61296d4c9dc026286f63f38ce378be4afe4d9c2383837c8c92891a5c30c03c0.webp",120070
1555834253,2129,"2026-04-06 01:17:31.52+00","tech","https://media-staging.newsroll.app/stories/1555834253-d856f6b039683f0d9bf1572155f6204af4752febc171b740ef985fd185f72e96.webp",120070
3173416580,2128,"2026-04-06 01:10:51.997+00","general","https://media-staging.newsroll.app/stories/3173416580-9a919570481741bf95b143ed886d51735aca2bf28ff4fd77e0005e63b94aaa26.webp",120070
4659813360,2117,"2026-04-05 23:59:11.627+00","tech","https://media-staging.newsroll.app/stories/4659813360-c7a01117295fecb7520a0a41bf91dc5d9cf2bd68d2a964a63b286ad68211044d.webp",120070
4516307309,2116,"2026-04-05 23:55:54.771+00","general","https://media-staging.newsroll.app/stories/4516307309-23b9dc1b52d51b98f7af9d3b2865ec81e6eae3d89eecf55dfb7e814f7a94049b.webp",120070
3357946329,2115,"2026-04-05 23:53:27.07+00","tech","https://media-staging.newsroll.app/stories/3357946329-f8621a4798aba865e1d0648f5e990798f3f93c2e79bc55211540a385c17efa5e.webp",120070
4289412656,2114,"2026-04-05 23:51:24.021+00","general","https://media-staging.newsroll.app/stories/4289412656-cdc271b049a8a173397496315bee151b551b3345d3cc5b644f5dedb75c47394e.webp",120070
1004384828,2113,"2026-04-05 23:37:08.428+00","science","https://media-staging.newsroll.app/stories/1004384828-0b072fd781ba0fab754011062db504b0822e9d4228e948599e692dae86a224b2.webp",120070
1583101386,2112,"2026-04-05 23:30:52.649+00","general","https://media-staging.newsroll.app/stories/1583101386-b2006c981a15d1134210b922d073774aa5ef22646e346d594aeb59247fa10a04.webp",120070
2194459892,2111,"2026-04-05 23:16:23.318+00","general","https://media-staging.newsroll.app/stories/2194459892-3bebf96d685fe1cfad9512a12211b67d40cd0ffc152d1e82076f963c22c00490.webp",120070
2440810387,2110,"2026-04-05 23:11:28.093+00","tech","https://media-staging.newsroll.app/stories/2440810387-4b5304fb63aad1445308217cfa4e0085a5f27577876afb396f37a923379b0ff0.webp",120070
2937160662,2109,"2026-04-05 23:09:16.917+00","tech","https://media-staging.newsroll.app/stories/2937160662-b566dffee3fedf3a1c2136956ed7205eec64e3d8497718126ec2360f612eb556.webp",120070
5016976033,2108,"2026-04-05 23:03:33.56+00","tech","https://media-staging.newsroll.app/stories/5016976033-29ca23f9f663795e9ba2bfaed3c7dd6290ea6def1999d5176b8660f51b492ebd.webp",120070
1531519877,2107,"2026-04-05 22:55:50.771+00","general","https://media-staging.newsroll.app/stories/1531519877-a74b72d8a456c5770a9bfb5af1591cd6e625c82f381ebd97759da2a42497d484.webp",120070
5012254838,2106,"2026-04-05 22:41:02.851+00","general","https://media-staging.newsroll.app/stories/5012254838-385ca5715e23e5067daf7d1b36f70e631875c82afe3d901c61285564fe8bb52f.webp",120070
1882391035,2105,"2026-04-05 22:39:13.554+00","tech","https://media-staging.newsroll.app/stories/1882391035-93559e49b9885fe47da8770e5ba8802d8f87e29ea4a726b8aa9a7bbb17077fd8.webp",120070
1884261988,2104,"2026-04-05 22:37:08.565+00","general","https://media-staging.newsroll.app/stories/1884261988-088efbd1ad3fb87ab46ab2c2830445a48d1eb2d4e41d00f34bed3995042404e2.webp",120070
4135194239,2103,"2026-04-05 22:28:25.435+00","tech","https://media-staging.newsroll.app/stories/4135194239-e754f74e76aecc9841937743aa4b100521ed0dc07e66dad37c648d465704ec4f.webp",120070
3055921815,2102,"2026-04-05 22:21:13.042+00","general","https://media-staging.newsroll.app/stories/3055921815-91f6e5b21f50f2864a9f6fc8e6a46c28908e2e9e7f8543c209754eccb31311d2.webp",120070
4259888194,2101,"2026-04-05 22:06:30.146+00","general","https://media-staging.newsroll.app/stories/4259888194-108753b626066988cbbb0adea88f98b9afd575ee8192199676ac274967ee2bbc.webp",120070
3893293035,2100,"2026-04-05 21:57:00.31+00","tech","https://media-staging.newsroll.app/stories/3893293035-e81558cd6f8b2e30a895c635e5139e1a94cf1d1e58b2ae146de71ce50be98527.webp",120070
3163709835,2099,"2026-04-05 21:55:59.848+00","tech","https://media-staging.newsroll.app/stories/3163709835-d33b739712bcca99762b4b69e5763b965c932b7cc9ab7c6d5f694fa279dcfddf.webp",120070
2604023316,2098,"2026-04-05 21:45:50.807+00","general","https://media-staging.newsroll.app/stories/2604023316-086c59812b6691035156538549dd4b717f5fcfc1bb9d856b95d8f36f6f395f0c.webp",120070
4513177365,2097,"2026-04-05 21:41:02.659+00","tech","https://media-staging.newsroll.app/stories/4513177365-fe97dd822e8ca17f3bb51f86a1a8a854c64002af60c21fff5a65b9bde7c928dd.webp",120070
3799691492,2096,"2026-04-05 21:31:33.815+00","general","https://media-staging.newsroll.app/stories/3799691492-995261da33876a880b2d7a7d9601cb0e6da2fb3e811d30b0cf5798878a3e07ab.webp",120070
1720610923,2095,"2026-04-05 21:20:00.8+00","tech","https://media-staging.newsroll.app/stories/1720610923-88113b5a833f8aa3047f010ef7484dfcd365d82e9915e9b84441b724382c778f.webp",120070
3783684338,2094,"2026-04-05 21:10:48.664+00","general","https://media-staging.newsroll.app/stories/3783684338-b21f01aedceaeb18d87dd5fee1777e9146f9303c0f0d875c27458387f3fa492a.webp",120070
4838628964,2093,"2026-04-05 21:04:18.994+00","tech","https://media-staging.newsroll.app/stories/4838628964-c0e2e7c102378ef5faad63ed4f8fb59fbc6c48f45c19c96bb6bf22b992898317.webp",120070
1550974075,2092,"2026-04-05 20:56:26.367+00","general","https://media-staging.newsroll.app/stories/1550974075-a9e3f566266a93721e279ab405bef435caca8c9a302119dfa00f310760ffa3aa.webp",120070
4076815457,2091,"2026-04-05 20:46:28.39+00","tech","https://media-staging.newsroll.app/stories/4076815457-6bd5b3e3b886bd7037ccb572688366b978dbbc8b6bc65d101a7f3b961f216679.webp",120070
4521731198,2090,"2026-04-05 20:45:46.65+00","tech","https://media-staging.newsroll.app/stories/4521731198-81ee4d7e5df92142aefb1b195efe08fbe0666d7ed58c77dd77bc485ab501cb76.webp",120070
5281466016,2089,"2026-04-05 20:35:54.795+00","general","https://media-staging.newsroll.app/stories/5281466016-9d848c731ca6e51f909c9242a4d3ed4566bf2c74a5d3642fffac6cda3c37ea3e.webp",120070
2072088937,2088,"2026-04-05 20:21:04.539+00","general","https://media-staging.newsroll.app/stories/2072088937-572b13154483ae9174463b9d40379f613621e0bbb5fe5b3287452fe2860ada5e.webp",120070
4778173662,2087,"2026-04-05 20:11:58.637+00","tech","https://media-staging.newsroll.app/stories/4778173662-43043b22ae685be72ec1b61c42af95119d8fe13744cd8905a374abdf5832f57b.webp",120070
3292269431,2086,"2026-04-05 19:49:13.203+00","tech","https://media-staging.newsroll.app/stories/3292269431-fae007937fe2e03fb433bf35f63a514d2821e8d0b11d8a894f7ff614ee15249b.webp",120070
1113394809,2085,"2026-04-05 19:46:26.512+00","general","https://media-staging.newsroll.app/stories/1113394809-e8e3130fd2bc2f71acfd575febfb482d582f2cfb1501df2c7a423b079df44fb0.webp",120070
1838524409,2084,"2026-04-05 19:41:07.109+00","tech","https://media-staging.newsroll.app/stories/1838524409-d02588fb89f78ed292e146a47779cd1c88181264ca0939a04363f74a5740c1a0.webp",120070
4838093396,2083,"2026-04-05 19:31:49.387+00","tech","https://media-staging.newsroll.app/stories/4838093396-104b3a2bfc9e498ee4820d9f417e2e88d87a850f414a199f481e9036271949bc.webp",120070
4439712588,2082,"2026-04-05 19:27:28.699+00","general","https://media-staging.newsroll.app/stories/4439712588-2aa363dd8ed3951f855d08f06cf5a52bdfdc88144778c153624b01d07fc835ce.webp",120070
1030420716,2081,"2026-04-05 19:16:21.267+00","tech","https://media-staging.newsroll.app/stories/1030420716-eef419ff16a62a74cb903e3e8d436f31d971fcda161271b09f9f1c56d9d58239.webp",120070
5078409907,2080,"2026-04-05 19:11:21.983+00","general","https://media-staging.newsroll.app/stories/5078409907-0f6a37334570f8652fc1ff1a00d628d545d4eb5b729603c94050dac48663b31d.webp",120070
3994847223,2079,"2026-04-05 19:06:58.896+00","tech","https://media-staging.newsroll.app/stories/3994847223-0e0c44109d275db5e5b48ae5c793a0826269355cb02cf6eb23aa99681d1b23b1.webp",120070
2583503071,2078,"2026-04-05 19:02:10.26+00","tech","https://media-staging.newsroll.app/stories/2583503071-a984a91c28630c853bd925d52df81b2f4f5925965b3d0e58339ddec446f60238.webp",120070
1863392411,2077,"2026-04-05 18:36:23.01+00","general","https://media-staging.newsroll.app/stories/1863392411-664bb8168630a4b9bc8267e2ec18a487c38625b8d46d07e5ee1a304c16ce10d9.webp",120070
2817101264,2076,"2026-04-05 18:32:21.275+00","tech","https://media-staging.newsroll.app/stories/2817101264-9699b3dbdfc04cc1bb26979d16698fc5c2042c685a0e2300e7bee361eeaeff14.webp",120070
3186653808,2075,"2026-04-05 18:27:06.594+00","tech","https://media-staging.newsroll.app/stories/3186653808-15187a3653d4e57d8af3671f6dc6f281dacbecc15e993d03efc1dfae21dc7083.webp",120070
1967482928,2074,"2026-04-05 18:20:51.271+00","general","https://media-staging.newsroll.app/stories/1967482928-31cc4eebb59dff6d163f4964335116f0104e3379118c8940b7a4e10decf2e39f.webp",120070
2592579345,2073,"2026-04-05 18:18:10.074+00","tech","https://media-staging.newsroll.app/stories/2592579345-47b46f299d320f47a6737f51835d581e48d5be0bbeb21a6ef5cfba2c4312e5ba.webp",120070
4916514144,2072,"2026-04-05 18:09:50.019+00","tech","https://media-staging.newsroll.app/stories/4916514144-72e661f7880c0457b7de8b42583cf7ff0c687c1933d20f67cb6171b48d3f79fe.webp",120070
4859018901,2071,"2026-04-05 18:03:11.705+00","tech","https://media-staging.newsroll.app/stories/4859018901-f43021883c626492864479dd6abdae05b4d694aecf6c53969e3b04a35252e1ae.webp",120070
4522279131,2070,"2026-04-05 18:01:08.602+00","general","https://media-staging.newsroll.app/stories/4522279131-ba6c459593930264237abd2f09a369c5c39586069381c2054da69ba5ea78b259.webp",120070
3060269451,2069,"2026-04-05 17:46:17.04+00","general","https://media-staging.newsroll.app/stories/3060269451-8706ab863aa6cf4476f4e43ec2c5e9a290922d78a7cbadbae74b41892f6d5d86.webp",120070
4783243563,2068,"2026-04-05 17:32:29.12+00","tech","https://media-staging.newsroll.app/stories/4783243563-adc1c96a64ba6eb029721381f489b01400b2f54ec110c36bb96e39c424fd5c2f.webp",120070
4554064475,2067,"2026-04-05 17:26:13.516+00","general","https://media-staging.newsroll.app/stories/4554064475-4199f866f0346638dde6228d809eadb62ab72ce8498fefcb5e6bf3a3e1f0f907.webp",120070
3367759060,2066,"2026-04-05 17:22:53.22+00","tech","https://media-staging.newsroll.app/stories/3367759060-6387bb76892363341fb51998e99cf036d07d6272c6158c5d69de943a3fe193da.webp",120070
5190365980,2065,"2026-04-05 17:12:21.925+00","tech","https://media-staging.newsroll.app/stories/5190365980-41e7e330d41b58ec72215adf5c1f1b0f35cdf3a53b02edb3761496197d1a40e5.webp",120070
1660466935,2064,"2026-04-05 17:05:52.284+00","general","https://media-staging.newsroll.app/stories/1660466935-925d5ccf112d2758109ee66c16b9d3e3eb7a0a522297d61a0b1e21e803e236a6.webp",120070
3492491538,2063,"2026-04-05 17:01:41.864+00","general","https://media-staging.newsroll.app/stories/3492491538-a775d2c8b07baf277e483b9552d3db990146113c2309bc764811722b91d2c175.webp",120070
4484934654,2062,"2026-04-05 16:51:44.847+00","tech","https://media-staging.newsroll.app/stories/4484934654-ba326fabc14e92dd755e5390c11349c60d28a7ad66778cd8019d26422dbacc11.webp",120070
4991371722,2061,"2026-04-05 16:51:12.473+00","general","https://media-staging.newsroll.app/stories/4991371722-ec45817efc9923eed5fa266746b3307bdcfc812820aa766c4dc5f14fa2f78e4c.webp",120070
4492582515,2060,"2026-04-05 16:45:50.136+00","tech","https://media-staging.newsroll.app/stories/4492582515-c320b726ad141921219838a96cdaca58e82521f20d188612a54b7c21cb5c4f61.webp",120070
2950624062,2059,"2026-04-05 16:38:05.237+00","tech","https://media-staging.newsroll.app/stories/2950624062-a9ae9fe95ddc714299eabbfdb8e84d5bd2a24c674afcc7499aeba420cd9ba21f.webp",120070
4651583887,2058,"2026-04-05 16:35:28.972+00","general","https://media-staging.newsroll.app/stories/4651583887-265d5192d68f8e2c2a5177e916c981747a679ec1d6af55ff013c86a9c62f9156.webp",120070
4132044867,2057,"2026-04-05 16:26:04.34+00","general","https://media-staging.newsroll.app/stories/4132044867-c4109f0c79bf955f4d909ed6c25614dcc35452ce2c5b2b8a3daec1fbc98f6957.webp",120070
3681129413,2056,"2026-04-05 16:20:36.045+00","general","https://media-staging.newsroll.app/stories/3681129413-6af19618a9f325139fa3374314beff65b623def75582f6f2789ec787ab6f1c0d.webp",120070
1582999731,2055,"2026-04-05 16:15:38.553+00","tech","https://media-staging.newsroll.app/stories/1582999731-e1e585da9bf59cc3518778f5668bb3f4e130c75d5851d91bab8ad48a0c59fb3d.webp",120070
2443305518,2054,"2026-04-05 16:05:28.815+00","tech","https://media-staging.newsroll.app/stories/2443305518-5cd4ba005f4946581097c05598fb184c56c6899d31af8ee6159a93be8f6d94bf.webp",120070
3014930291,2053,"2026-04-05 15:55:59.638+00","tech","https://media-staging.newsroll.app/stories/3014930291-fe0de2afa5f6090b10bfdab455ada794fd1fa5690053a35fc5bad2b1a8395910.webp",120070
3881739301,2052,"2026-04-05 15:45:36.264+00","general","https://media-staging.newsroll.app/stories/3881739301-d5e95e36df7aa03f9bd8adaa7061873f133ad2147e041ea7cddd939764a39af2.webp",120070
4141863031,2051,"2026-04-05 15:42:00.672+00","tech","https://media-staging.newsroll.app/stories/4141863031-7e4aaae4c496b3f1f61a983760bc8f6622a1c386cc08941c546c00f959dc2413.webp",120070
2682437965,2050,"2026-04-05 15:30:32.318+00","general","https://media-staging.newsroll.app/stories/2682437965-4a127fbf35e179ad4d9269512aceddd53dbc66e103b89fdf00a1e20f36549d1b.webp",120070
1075796184,2049,"2026-04-05 15:23:49.907+00","tech","https://media-staging.newsroll.app/stories/1075796184-5c0e0133a961cf742253ef7b78485b0eab2b9051b1a99729fa5c8ef0355f4e7a.webp",120070
3689355073,2048,"2026-04-05 15:11:09.905+00","general","https://media-staging.newsroll.app/stories/3689355073-290f4c7aeb82a86aa3ec9d4515fd98f2b71ca34870ec3169919967ca9824b758.webp",120070
1831992975,2047,"2026-04-05 15:06:45.569+00","tech","https://media-staging.newsroll.app/stories/1831992975-fb63b05761b8ff68a7739d5c45ab10693c9c407243919b7e47fa8cedb8f78e21.webp",120070
3507258782,2046,"2026-04-05 15:01:12.303+00","tech","https://media-staging.newsroll.app/stories/3507258782-bb3f9d39531a184876d627c90786178f981840e5d3036e8ee86adb6c6f1402ec.webp",120070
1105523826,2045,"2026-04-05 14:55:30.046+00","general","https://media-staging.newsroll.app/stories/1105523826-b92d0a18e66c098692d6e78174e9e0107b4c44a1d3de058b9a4909851e3ae21d.webp",120070
3777679720,2044,"2026-04-05 14:50:54.266+00","tech","https://media-staging.newsroll.app/stories/3777679720-68198e13ac01c4b627f5050ff2a3be0e8cdd7ded71b4f67f45467acc9a3df10f.webp",120070
1760947353,2043,"2026-04-05 14:40:44.102+00","tech","https://media-staging.newsroll.app/stories/1760947353-de9cacc5e5c12e81278064b08b907a3170706f5148158308798092ce7c579aed.webp",120070
4102943530,2042,"2026-04-05 14:36:19.414+00","general","https://media-staging.newsroll.app/stories/4102943530-498ea9c62d3cfabd880ac23117b3b6aeeadbc091ea7d5aaca2c7a0766690b59b.webp",120070
2184197825,2041,"2026-04-05 14:30:31.057+00","general","https://media-staging.newsroll.app/stories/2184197825-7d133a675045179649cadfd57462701fd446dadf34c4a984cab14fad09c58ec8.webp",120070
5069648698,2040,"2026-04-05 14:20:30.918+00","general","https://media-staging.newsroll.app/stories/5069648698-081c18f1936e2db20fafd6631113287865f96fca2ed217d3a5f2b5c73f208d5c.webp",120070
2121535826,2039,"2026-04-05 14:13:50.187+00","tech","https://media-staging.newsroll.app/stories/2121535826-d76c665cc513a7c9cd7ca4a1f3f9f36d58babbe11c0ae6944a594c5be4bf7c0d.webp",120070
3965875352,2038,"2026-04-05 14:10:27.013+00","general","https://media-staging.newsroll.app/stories/3965875352-d71cb3a3e686ebd82c8a81a9fc4d310da5cdb996bee34d98d0b547d84c1dd7fb.webp",120070
3078876345,2037,"2026-04-05 14:01:30.15+00","tech","https://media-staging.newsroll.app/stories/3078876345-3f268ac4cdca0f8b4565016742f48ac942481a809debfb59cfdfaa2d66b4191c.webp",120070
3329308824,2036,"2026-04-05 13:56:40.287+00","tech","https://media-staging.newsroll.app/stories/3329308824-01013c6faca78f40c7dd6917db7b0a28b2e79e0613a2cb25fa7d139bc4ddc0f0.webp",120070
4258872387,2035,"2026-04-05 13:50:46.371+00","general","https://media-staging.newsroll.app/stories/4258872387-aca23e444dc3dac8c39bfc6910bf7403743d0def075b54494738dcedf329a221.webp",120070
2464793379,2034,"2026-04-05 13:45:31.048+00","general","https://media-staging.newsroll.app/stories/2464793379-ff66ce3f12c3e01a14b23cb2969b4a2983157836c85957f7ad0217f5e187048b.webp",120070
5100074175,2033,"2026-04-05 13:40:53.611+00","tech","https://media-staging.newsroll.app/stories/5100074175-f6ff7eca16ce0d5675771c06048165eca341e918251c0d43dc3da55f96cab626.webp",120070
5229554873,2032,"2026-04-05 13:26:12.223+00","tech","https://media-staging.newsroll.app/stories/5229554873-b723c8b1cfc1ba6c293b20a7f4ad1245bcc3226ffab387969b7c60d08617268d.webp",120070
2561125011,2031,"2026-04-05 13:15:37.747+00","general","https://media-staging.newsroll.app/stories/2561125011-9e7c706e5d352d6c99a7f3e7d5046f924b67f1c0d0d667beb7eda9d7fe3bc719.webp",120070
1727778943,2030,"2026-04-05 13:10:30.182+00","general","https://media-staging.newsroll.app/stories/1727778943-a55c18f53306ed603f6c789410d2075d8c39dce4678753b3b5d1279744aba611.webp",120070
5165503793,2029,"2026-04-05 13:06:02.088+00","tech","https://media-staging.newsroll.app/stories/5165503793-246cb215e1b0695a0c9337e239df950f8e733538cb5ec4663bcdc193ef24048b.webp",120070
3016784560,2028,"2026-04-05 13:03:56.47+00","tech","https://media-staging.newsroll.app/stories/3016784560-dcec15474e1bf0c100ff79595d656f54c6af5067d9e1b07bba890f00d2711255.webp",120070
4152226594,2027,"2026-04-05 12:50:50.16+00","tech","https://media-staging.newsroll.app/stories/4152226594-f2102dc20e0978994192af23396234d9a160451794fa1a971ffc2b121fa9410a.webp",120070
2282839523,2026,"2026-04-05 12:40:46.359+00","general","https://media-staging.newsroll.app/stories/2282839523-40e1996802b7e12824a90afc4b0107865b45e3a74ca78e942b9a3b10e67caa13.webp",120070
3048529424,2025,"2026-04-05 12:30:57.38+00","tech","https://media-staging.newsroll.app/stories/3048529424-de921b34a157400466e229cb059393b94cd2c06e5ca62f362d89ad2244df2d7e.webp",120070
1649663474,2024,"2026-04-05 12:05:40.195+00","general","https://media-staging.newsroll.app/stories/1649663474-da2ec05be0258c93ae22360441a00d71b1f3719291e561387c39484d25879002.webp",120070
2164148669,2023,"2026-04-05 12:00:33.914+00","general","https://media-staging.newsroll.app/stories/2164148669-06d5ed2a2f0a101857334e2c613565bbe3ee0fa563c49e2d09b64f64835da01b.webp",120070
3417511181,2022,"2026-04-05 11:53:49.55+00","tech","https://media-staging.newsroll.app/stories/3417511181-4c98b027ac53869e1caddf78ede2314375621067c1924e6d76d64798e482d1fc.webp",120070
4946396752,2021,"2026-04-05 11:30:52.373+00","general","https://media-staging.newsroll.app/stories/4946396752-a20a59400050498a7ed44217c38cce9966d4ed9c51eb6c52a75d8daa3fef0748.webp",120070
2588496103,2020,"2026-04-05 11:25:30.079+00","general","https://media-staging.newsroll.app/stories/2588496103-e4df9bcd852c901b0024640b9d43b59816ce3b0a1f4be7e2cdc8ebbf039ec40e.webp",120070
1333227220,2019,"2026-04-05 11:20:58.987+00","tech","https://media-staging.newsroll.app/stories/1333227220-bff5b446534d5b995d1914fa085886559c177ab951ea9e9cb393867409bf9ae8.webp",120070
3532374187,2018,"2026-04-05 11:00:40.8+00","general","https://media-staging.newsroll.app/stories/3532374187-58040ea8673afd9d2fb73b416d3ce57ae05d97b7a5377fb34b76c8b48adac0f5.webp",120070
4211222730,2017,"2026-04-05 10:55:45.638+00","general","https://media-staging.newsroll.app/stories/4211222730-9a415c5f10db77a6930025740d33cf929f23fb0b8904ff459323c13c541ccf53.webp",120070
5025120692,2016,"2026-04-05 10:50:29.629+00","general","https://media-staging.newsroll.app/stories/5025120692-652526a67a9e788a1676ff6cdc42e540cd24bdb70a8059980180366371519dfe.webp",120070
2776079892,2015,"2026-04-05 10:32:29.264+00","tech","https://media-staging.newsroll.app/stories/2776079892-71adb8951c28f5e50abdaf72a3e0255d1c22fabce487356fe2824bd049724c1f.webp",120070
3541626344,2014,"2026-04-05 10:20:42.815+00","general","https://media-staging.newsroll.app/stories/3541626344-9f21594aa93c8a06c72101615b54167a950783d0a3de206c4112e9a121a73dd0.webp",120070
1898761664,2013,"2026-04-05 10:15:29.328+00","general","https://media-staging.newsroll.app/stories/1898761664-f82058011d13af30d6f18c4d9f98ac0c15a87911179a2ac45398deb36d8652ed.webp",120070
2604021837,2012,"2026-04-05 09:51:40.146+00","tech","https://media-staging.newsroll.app/stories/2604021837-c4a39882901cf07ac0f366de8ee8eec3ad739052ff99ec21001541b3576fdadb.webp",120070
2384758917,2011,"2026-04-05 09:45:31.874+00","general","https://media-staging.newsroll.app/stories/2384758917-d3e6b4cfc34b5092c9c79d5c534cdf63ded8c23f8f2e9d25b9b95610ac39a4a0.webp",120070
4685272365,2010,"2026-04-05 09:40:29.567+00","general","https://media-staging.newsroll.app/stories/4685272365-a0b9aa81cda8abe0b2c74725ace16a7e36d256224bad68bf7387972714509211.webp",120070
3549805364,2009,"2026-04-05 09:35:31.027+00","tech","https://media-staging.newsroll.app/stories/3549805364-abaa81a635a76bdcf24dd2e2a0ada212e9fd2ba65b0a3768df478c6faefed835.webp",120070
4311391209,2008,"2026-04-05 09:10:42.767+00","general","https://media-staging.newsroll.app/stories/4311391209-4ed2184bcbf6bcb3f84c583635ba23dde0704bab5a679966a5db08e84ff91b00.webp",120070
1822504078,2007,"2026-04-05 09:08:23.682+00","tech","https://media-staging.newsroll.app/stories/1822504078-a7fef749a0d5dba7e87f0277c563af91dee96f586a6b81cb07bd27a116b76d3b.webp",120070
3544821291,2006,"2026-04-05 09:05:39.437+00","general","https://media-staging.newsroll.app/stories/3544821291-e16a9ce13a522cbeb0d17dd0cc053c38c8ac9421a1673ad92928a99f3d9f8978.webp",120070
1239875968,2005,"2026-04-05 08:41:45.256+00","tech","https://media-staging.newsroll.app/stories/1239875968-d4077cc2cbf58975858f466ab2c6d2acdef87700e2782bf992f8cb4ba79dc904.webp",120070
3392817060,2004,"2026-04-05 08:35:36.722+00","general","https://media-staging.newsroll.app/stories/3392817060-db50f48741d18e8572279207a87392807a2c1520ecc9445ec866bcca1fa87ad3.webp",120070
1732846036,2003,"2026-04-05 08:25:31.305+00","tech","https://media-staging.newsroll.app/stories/1732846036-ffd6293d56d07385745cfaca8f31d3f77f1b796c273ed8f8d2002df42da0d44e.webp",120070
5141191500,2002,"2026-04-05 08:01:02.907+00","general","https://media-staging.newsroll.app/stories/5141191500-f86982e92efc260e5cdb3027045b89d21264d4955d5e52718ed2daa53e8d9b09.webp",120070
4258962510,2001,"2026-04-05 07:55:59.018+00","tech","https://media-staging.newsroll.app/stories/4258962510-ebc422546455264cea662ec3ec6c1b6a0646a83bf75b19c635f756314258ba0a.webp",120070
2971186605,2000,"2026-04-05 07:35:47.556+00","tech","https://media-staging.newsroll.app/stories/2971186605-007ea6168560e1c221fd542db619c6211d45058737daf52d8fc1c0aba1ecbfc9.webp",120070
1905607061,1999,"2026-04-05 07:31:52.516+00","tech","https://media-staging.newsroll.app/stories/1905607061-1bc9ff9cfb3244f58d03a98d203ee0b1f61bfe5c37f89f736d5174ec24bc996c.webp",120070
4386462142,1998,"2026-04-05 07:25:37.905+00","general","https://media-staging.newsroll.app/stories/4386462142-9cb1d80a12d33f0450246ab35ca2ea71a5412bc0b1c330ca3aa6ecde3d663726.webp",120070
2207252681,1997,"2026-04-05 07:20:29.252+00","general","https://media-staging.newsroll.app/stories/2207252681-d46b33c2e32294e1cb8375b72ed2f4f658801c22197afaf6297be74c78a7d188.webp",120070
2409518580,1996,"2026-04-05 07:06:30.664+00","tech","https://media-staging.newsroll.app/stories/2409518580-a38b8d91ec2e41e7168acfc7a8c23445282160a97d6daf21fc751438b34cce88.webp",120070
5157499473,1995,"2026-04-05 07:00:40.835+00","tech","https://media-staging.newsroll.app/stories/5157499473-5d065950b5abe2df3156354fdb2e32e27d373924596c8848d18d6112460d2b09.webp",120070
1201750690,1994,"2026-04-05 06:53:13.433+00","general","https://media-staging.newsroll.app/stories/1201750690-ba63659fa9a61a34e1041b3c77e7eb9d152fa2221e2585fe750066220ec1f065.webp",120070
1551815323,1993,"2026-04-05 06:48:05.539+00","tech","https://media-staging.newsroll.app/stories/1551815323-725ae37bd243ff3898c7ea15c02107a3e79b7176bbc9ed690d0190e7e04ffa06.webp",120070
2582741881,1992,"2026-04-05 06:45:27.686+00","general","https://media-staging.newsroll.app/stories/2582741881-1273c7cf689b49abc31828571cddcef696d106770b2c260f3c772514583a5070.webp",120070
1008389915,1991,"2026-04-05 06:31:44.452+00","tech","https://media-staging.newsroll.app/stories/1008389915-5c4989f0a615b39819e3c3e60d3e5aa68ce998d47b5bccad8936cd2a74d51953.webp",120070
4186065989,1990,"2026-04-05 06:22:16.474+00","tech","https://media-staging.newsroll.app/stories/4186065989-260e88f680a0d7a63fb8c7641efe65fcdc06f90da443854c37bdaf7df238a16b.webp",120070
1650020748,1989,"2026-04-05 06:15:48.203+00","general","https://media-staging.newsroll.app/stories/1650020748-b9409eb6879c1529090caee2f0fefd516e79222856ac41e9faecbeddf868288b.webp",120070
2014625638,1988,"2026-04-05 06:10:33.613+00","general","https://media-staging.newsroll.app/stories/2014625638-0bcf07eaedccce8780602428f5a60498bb8d4105908220c61067dc6b8781dba2.webp",120070
4967486794,1987,"2026-04-05 05:55:52.79+00","tech","https://media-staging.newsroll.app/stories/4967486794-7e440e173032cbf6e02817e84ebe67e59a851a27cdcb6950f5f6c3fc52ba0d51.webp",120070
3646488512,1986,"2026-04-05 05:40:58.222+00","general","https://media-staging.newsroll.app/stories/3646488512-64eba9db3fcae5f956a97eb5d2d4160e3a0338b396c79ca6caffeb6731930674.webp",120070
1053711991,1985,"2026-04-05 05:35:30.147+00","general","https://media-staging.newsroll.app/stories/1053711991-7c42e797088d74ad4f3087d0850623a70423f00190c518baf692634ecba68719.webp",120070
1791487759,1984,"2026-04-05 05:33:48.344+00","tech","https://media-staging.newsroll.app/stories/1791487759-5072330d698c6eced938b1601d5691055ef334bb216cde057afad7694811ff13.webp",120070
3993550001,1983,"2026-04-05 05:30:28.07+00","general","https://media-staging.newsroll.app/stories/3993550001-3a2f51732fb567db2e18f91f740a872a78044e1b5672fcc8009ee688b52d38f9.webp",120070
1834978272,1982,"2026-04-05 05:20:56.755+00","tech","https://media-staging.newsroll.app/stories/1834978272-129d9ab7b6c796c2fc5b031029275586e95aac49f5f4f6f8c8b09a2cec5163e1.webp",120070
1816684358,1981,"2026-04-05 05:12:01.072+00","tech","https://media-staging.newsroll.app/stories/1816684358-0439d88058d9bfcca68074dc1f751afedc1d2e6a8b5c0bcd39f9390f54284a7f.webp",120070
3581219253,1980,"2026-04-05 05:05:37.822+00","general","https://media-staging.newsroll.app/stories/3581219253-974da3041c63fad8c639d5d6362ca4d3d3b4d39eeb2662f6413c9c69f0671380.webp",120070
2061731223,1979,"2026-04-05 05:00:35.322+00","general","https://media-staging.newsroll.app/stories/2061731223-5f3d9cdc613ede8ca317a2cf7ca5edd3fce35782168bda7f61ff0805d9616d15.webp",120070
1675726703,1978,"2026-04-05 04:55:38.732+00","general","https://media-staging.newsroll.app/stories/1675726703-43890aa354d5a00d5bad773f56adde2d5bbdcd5dd0639c38eb68206d897eda37.webp",120070
1586816119,1977,"2026-04-05 04:47:05.393+00","tech","https://media-staging.newsroll.app/stories/1586816119-a0d316b8c27bd5f3d8ec8d6b9e025aa4016f32aef71323bafe7e94c5cafb4c0c.webp",120070
3524337567,1976,"2026-04-05 04:36:14.729+00","general","https://media-staging.newsroll.app/stories/3524337567-d06d96e98a2bb5b9a9654ce2337c817399117d051dab425b1434d69c2c3a7365.webp",120070
1150274006,1975,"2026-04-05 04:30:38.513+00","general","https://media-staging.newsroll.app/stories/1150274006-1ece00b71c45ee3ffb9e72655fe5616a525a52f8f4efbb55404f33910ea014df.webp",120070
1444892294,1974,"2026-04-05 04:25:29.239+00","general","https://media-staging.newsroll.app/stories/1444892294-995689699a7687af0a140370bf935820c7751254a661f0c5d27adf050f3ffa71.webp",120070
1431460001,1973,"2026-04-05 04:21:45.044+00","tech","https://media-staging.newsroll.app/stories/1431460001-bf7db4a1636779aa08cb972c0cbc2e95741dd8258a1841d3fb6f9e434a3d97c0.webp",120070
1650770800,1972,"2026-04-05 04:20:36.114+00","general","https://media-staging.newsroll.app/stories/1650770800-588cc29b188655c5073ba0de6ccfe93b7c7cf740232ccdaab7e5c52a0023fc24.webp",120070
5030920778,1971,"2026-04-05 04:10:29.396+00","tech","https://media-staging.newsroll.app/stories/5030920778-df9bfbcb7ac8e4b8ca566d23aa34d092267855e6852fed126ac2356b9d7abe47.webp",120070
3429071545,1970,"2026-04-05 04:06:01.118+00","tech","https://media-staging.newsroll.app/stories/3429071545-6412956900212d6f1e03e8c0604bd01b82bf173b9878609b432104a50958ffb5.webp",120070
1435276782,1969,"2026-04-05 04:02:27.877+00","tech","https://media-staging.newsroll.app/stories/1435276782-a1201a8f7ebd658e02240a1828bcfd6cc49437d3ee589bbf5f4bd61fad54011e.webp",120070
4752887717,1968,"2026-04-05 03:56:08.346+00","tech","https://media-staging.newsroll.app/stories/4752887717-186a8523c724251bdc14f21549a9e1834a5f8944f6eb9e7547f05fa2bcb31c16.webp",120070
2288694001,1967,"2026-04-05 03:50:29.124+00","general","https://media-staging.newsroll.app/stories/2288694001-cd31a0f597684389e10903e18f9a18ce7f7ce904af890de20277684a473c61e1.webp",120070
4546639555,1966,"2026-04-05 03:40:29.65+00","tech","https://media-staging.newsroll.app/stories/4546639555-cd18755541f98fee0cfd3102e8a2d8b84a955bb00fcb7ea99188f85951e2670c.webp",120070
1799254932,1965,"2026-04-05 03:29:17.876+00","tech","https://media-staging.newsroll.app/stories/1799254932-5a43124e59fb4432374efdfadb72166aa24f2033dc8ae70411de3075eb920b62.webp",120070
1694974014,1964,"2026-04-05 03:20:40.23+00","general","https://media-staging.newsroll.app/stories/1694974014-2677cd16b214cd7a7d7632c234b60afdf2b3ef9cebef5edb9b0a2d652393666e.webp",120070
4920451527,1963,"2026-04-05 03:15:28.09+00","general","https://media-staging.newsroll.app/stories/4920451527-72e141547df967b3ba0af420fc4df0f1e8560bddb6360221420dc36cdb55ab54.webp",120070
4173678866,1962,"2026-04-05 03:13:52.072+00","tech","https://media-staging.newsroll.app/stories/4173678866-e5acbd7eb0c96b1bf4ee5778e34a513b7953bb4962ad8b9d93845742a034ef54.webp",120070
2852724516,1961,"2026-04-05 03:07:21.511+00","tech","https://media-staging.newsroll.app/stories/2852724516-85c6c2ab22ab7389158ae07b0c65111f121878fd0d3e15400be56e7afd460986.webp",120070
2450900964,1960,"2026-04-05 02:56:19.382+00","tech","https://media-staging.newsroll.app/stories/2450900964-a1a4ec2e0144576bb24def8f14ca881751a76b45ed666d83cb4e7bdebc09fe43.webp",120070
2101719453,1959,"2026-04-05 02:51:45.753+00","tech","https://media-staging.newsroll.app/stories/2101719453-10277a0df1da7f944f6f9dbd90b0ef212c463421e9b67f41e8346f1069adfa39.webp",120070
1702924101,1958,"2026-04-05 02:46:40.289+00","tech","https://media-staging.newsroll.app/stories/1702924101-85d90233b014cce16930982a8b225fc898ef46f997064199a1a2481465b8ed20.webp",120070
3421016835,1957,"2026-04-05 02:40:28.649+00","general","https://media-staging.newsroll.app/stories/3421016835-f28ea1304fad3753d36924b5f9780692eb07e2d1eddb59d6d8beb244c722dbf6.webp",120070
4509202941,1956,"2026-04-05 02:30:32.373+00","tech","https://media-staging.newsroll.app/stories/4509202941-596495781411e114f42477c39adaf83593c03b451c9d199c900be0b12fd63156.webp",120070
4400787648,1955,"2026-04-05 02:20:57.374+00","tech","https://media-staging.newsroll.app/stories/4400787648-09109e3bc2df4d5a76ec586af08aff009a2b2cae7b9cc3274d5133cf61ae00e0.webp",120070
2208747468,1954,"2026-04-05 02:10:56.775+00","general","https://media-staging.newsroll.app/stories/2208747468-efa173ccb0821e683c66028b2f1c8a2f47a60d7c70531f1b0702e1f7bd692bcb.webp",120070
2679436269,1953,"2026-04-05 02:05:44.794+00","general","https://media-staging.newsroll.app/stories/2679436269-9a5cea67c02bed6f3e92fb7b74a6c44baed5c58b329bfb3fc38fd4d8e42d2fca.webp",120070
2042173518,1952,"2026-04-05 01:58:50.87+00","tech","https://media-staging.newsroll.app/stories/2042173518-ce92150ca4f684dc3a70eab2dc3cd72f0be4fd4f2a2c2d5c9fab75fc3c1b9599.webp",120070
3763115601,1941,"2026-04-04 23:55:38.319+00","tech","https://media-staging.newsroll.app/stories/3763115601-53b78288efb5da748629a697e7efa05841a94b25256c7df0faa34b12ead99fe1.webp",120070
2582417654,1940,"2026-04-04 23:52:06.302+00","tech","https://media-staging.newsroll.app/stories/2582417654-763912242268ab8d40155f7c92604b37baa72683aead12aa61450979331f3062.webp",120070
1810612763,1939,"2026-04-04 23:45:29.544+00","general","https://media-staging.newsroll.app/stories/1810612763-83e039f21cbab27ac92055baa86a13d8af4b6b9e377fc58a877d1cc6053ba884.webp",120070
1382579557,1938,"2026-04-04 23:40:28.017+00","general","https://media-staging.newsroll.app/stories/1382579557-75490fb80527df72d0f62b27a3a2d3b0ac4726e17bcdb0e9ff33b5973a9c9478.webp",120070
3812131016,1937,"2026-04-04 23:25:59.498+00","tech","https://media-staging.newsroll.app/stories/3812131016-ee791936e2d75c8ed5cacfc8c7fac3fbecd1de98ebe7eaef551e37e51eea5c40.webp",120070
4494745350,1936,"2026-04-04 23:21:01.913+00","tech","https://media-staging.newsroll.app/stories/4494745350-3470ea1e2fdefd2b59747b805a5838b29a714e81cf684f79897261d1aa4bc9df.webp",120070
2806520020,1935,"2026-04-04 23:16:34.83+00","general","https://media-staging.newsroll.app/stories/2806520020-bab950feb43b959ead273763d23a7c719382ce422db462b1242099d07eeeb47e.webp",120070
4001427525,1934,"2026-04-04 23:10:28.302+00","general","https://media-staging.newsroll.app/stories/4001427525-8b0f265fe17962d987b078204705de7d215443f3ef1058578a050f053f75e1ae.webp",120070
4303132473,1933,"2026-04-04 23:08:46.728+00","tech","https://media-staging.newsroll.app/stories/4303132473-dee86a8cf4361e451b0f0a3821988903af801c493dd868f3095ac76f443c8faf.webp",120070
1786259638,1932,"2026-04-04 23:04:08.378+00","tech","https://media-staging.newsroll.app/stories/1786259638-854da981734a9fcf85e0cb757a3d7e72b12471b3b8fad235968c43232c044d8f.webp",120070
3240733257,1931,"2026-04-04 22:50:36.441+00","tech","https://media-staging.newsroll.app/stories/3240733257-d9e2df5d46eeb9969db593d66e69dac3996cd612401a45952b47da4967b7a289.webp",120070
4203811740,1930,"2026-04-04 22:41:48.233+00","general","https://media-staging.newsroll.app/stories/4203811740-8a45e6c51248e2f09b3c3140a66557607885a8afa086e8a0cfd60de42690abca.webp",120070
3929946376,1929,"2026-04-04 22:35:29.274+00","general","https://media-staging.newsroll.app/stories/3929946376-6d9677f4f2d3eaa2c1e9abaefc8f738429e1c5a258539d56c0b7f7407808d0de.webp",120070
4785845495,1928,"2026-04-04 22:25:51.692+00","tech","https://media-staging.newsroll.app/stories/4785845495-7c8ba72ab463b819f2361027e72a786d32b8451560e513417324710224113e64.webp",120070
4183207690,1927,"2026-04-04 22:20:51.619+00","tech","https://media-staging.newsroll.app/stories/4183207690-2526cd1f175aabd135524fc7de89060b5c79ca50fa7de482caf5f5dc99823505.webp",120070
4611875410,1926,"2026-04-04 22:16:05.746+00","tech","https://media-staging.newsroll.app/stories/4611875410-f66e49156cbf82924237287567c470dc222296e1d75dccfbbf5c7e2d82559931.webp",120070
3461193637,1925,"2026-04-04 22:06:22.505+00","general","https://media-staging.newsroll.app/stories/3461193637-9f364e809e8ce93661d815b440680c36a54612403df0199820b837e4d466d5d1.webp",120070
2773219513,1924,"2026-04-04 21:53:01.119+00","tech","https://media-staging.newsroll.app/stories/2773219513-81f72973db59eecdc49a1d8e519f76475e62a444350859ab8d1517a9d39cfd98.webp",120070
5048310702,1923,"2026-04-04 21:51:47.762+00","tech","https://media-staging.newsroll.app/stories/5048310702-bafd5c87935465121e60c7391f3b818cfbba4956fd1c2d16fc1d4e8f75eb77c6.webp",120070
1002532520,1922,"2026-04-04 21:35:42.354+00","tech","https://media-staging.newsroll.app/stories/1002532520-ff3bce5b65d5093f74eee597a6978a6a39f3b20caf1847e01fbb32fa9ae216b2.webp",120070
2291112907,1921,"2026-04-04 21:33:05.365+00","general","https://media-staging.newsroll.app/stories/2291112907-1b6de00e98f7fc5f5fe2dd57de00d65a8493cfc636714b1f01a1f0d96ab3f0b0.webp",120070
2944321404,1920,"2026-04-04 21:15:33.68+00","tech","https://media-staging.newsroll.app/stories/2944321404-f2ee11d066ac55b57224f2fa32c8bfdfdd1563e9f2d955cc94a019a93606f42d.webp",120070
1556575950,1919,"2026-04-04 21:02:39.073+00","tech","https://media-staging.newsroll.app/stories/1556575950-0c148aa8de162a7005fa88c3541f75e6f71e20631483446e0e4ca76570dd52c9.webp",120070
1507225449,1918,"2026-04-04 20:58:30.805+00","tech","https://media-staging.newsroll.app/stories/1507225449-92957a576452bb28f91e11f664564cda62d0306fe2722a608d66ed68f5bee5c1.webp",120070
2448930396,1917,"2026-04-04 20:50:42.242+00","general","https://media-staging.newsroll.app/stories/2448930396-6f40f38560e2c4a248741022a65a27c9f4a3877bb1be14a0d4eb7bf84e1c5e17.webp",120070
3230705208,1916,"2026-04-04 20:49:09.858+00","general","https://media-staging.newsroll.app/stories/3230705208-9a765ba8543adeab82a2943f7827c54a62a694f49966aa2cbbfe982bbe615120.webp",120070
4157775766,1915,"2026-04-04 20:43:24.007+00","tech","https://media-staging.newsroll.app/stories/4157775766-4723ead0f55553dc186fb24f40fe547bcff372ee43a66ba823e1af6f3f3b78c4.webp",120070
1851995235,1914,"2026-04-04 20:15:42.737+00","general","https://media-staging.newsroll.app/stories/1851995235-869bef315b33a8417e48a44f3be3ceecedd97140ed40e706633b428c494fce1d.webp",120070
3413635124,1913,"2026-04-04 20:11:07.026+00","general","https://media-staging.newsroll.app/stories/3413635124-19e7d43b061d17a03e27f705b0a13b1ffaab8bfb0a4d3b87aa064450f423b83e.webp",120070
5021341419,1912,"2026-04-04 19:56:37.964+00","tech","https://media-staging.newsroll.app/stories/5021341419-c122ae083f7915109c5ecf2cab585a04dffc6b43fe54571384d22fbfbdb8ca66.webp",120070
4021878819,1911,"2026-04-04 19:51:57.588+00","tech","https://media-staging.newsroll.app/stories/4021878819-474ef486ac7531399e84ca86ce82ffd253d3a95a6c5e9ca79a715b349575dba8.webp",120070
1834570940,1910,"2026-04-04 19:40:45.595+00","general","https://media-staging.newsroll.app/stories/1834570940-ad53802ed8170a10b7e8e4cc36f5caae4bd836e2e7b1b3c092b49f9c6a65e3da.webp",120070
1962687354,1909,"2026-04-04 19:36:12.555+00","general","https://media-staging.newsroll.app/stories/1962687354-f6d83f58571f5d10b6b4f409454adb82e435b0d496b3ed83ce678fbf41b136b2.webp",120070
2751075102,1908,"2026-04-04 19:30:30.905+00","general","https://media-staging.newsroll.app/stories/2751075102-d2af762aee736a9e9a4807d4f5bc8c5815a2597c2bbd759d22f61f9751053da3.webp",120070
2195940158,1907,"2026-04-04 19:28:27.629+00","tech","https://media-staging.newsroll.app/stories/2195940158-0991cef2a996ed113623765fe242bfc1fddea4e8068288fa8a87646878c9d96c.webp",120070
1379949791,1906,"2026-04-04 19:10:29.294+00","tech","https://media-staging.newsroll.app/stories/1379949791-c370bcd5dae32d1daf2bb955b8da20df50a4db4687dd14d49133554a19e98afd.webp",120070
1583180422,1905,"2026-04-04 18:56:10.677+00","general","https://media-staging.newsroll.app/stories/1583180422-eeb396c15b707147d2af9c1ae0763cc72afbb50c62fa386488adab907803631b.webp",120070
3387864217,1904,"2026-04-04 18:41:10.279+00","tech","https://media-staging.newsroll.app/stories/3387864217-30d14c3228d866fd48c9f1b67c46a31272db6e8600f6255cecc6e43bb3d20045.webp",120070
3848045816,1903,"2026-04-04 18:27:18.954+00","tech","https://media-staging.newsroll.app/stories/3848045816-f721ee8cdc348dfdf89d2b2165733667ab35170feed18c61d0323e80c62f5340.webp",120070
5162440530,1902,"2026-04-04 18:21:11.359+00","general","https://media-staging.newsroll.app/stories/5162440530-a51b91b06fc8dbdb30a3f498e3062294e8cd04173de513539a79d7d09f585e8c.webp",120070
3900421424,1901,"2026-04-04 18:16:03.069+00","general","https://media-staging.newsroll.app/stories/3900421424-8b97ae41a0c6b61dbf13c639dc13842864b31e84874d98e751bcfd3755ba6ef4.webp",120070
3480294287,1900,"2026-04-04 18:14:02.965+00","tech","https://media-staging.newsroll.app/stories/3480294287-a2c295dce01a5138bdeb7e7dcfabcb6ddf74a8334970c400a1ef77c21ea8247c.webp",120070
3551893297,1899,"2026-04-04 18:11:26.209+00","tech","https://media-staging.newsroll.app/stories/3551893297-9b23ba41ef17c6e23fcab3363b2727cd471f39eb8ddfe2bd893dde9aac29e43b.webp",120070
2819204843,1898,"2026-04-04 17:46:10.715+00","general","https://media-staging.newsroll.app/stories/2819204843-9a5fc6dbd6d577a2dc3f3459732b299980a8dd2d2617d29e447209de6b982e23.webp",120070
4730068267,1897,"2026-04-04 17:35:33.403+00","general","https://media-staging.newsroll.app/stories/4730068267-e96f87034daa8ec8c63a29c095effcfc2d08a6044c8290e7efe6fe8fe156f2d1.webp",120070
2788406437,1896,"2026-04-04 17:30:37.608+00","tech","https://media-staging.newsroll.app/stories/2788406437-831eb9b4663e8c48ed2b3f32bbf434130a746d6a45e07e41ce8386f0b25a5943.webp",120070
2932018272,1895,"2026-04-04 17:21:16.808+00","tech","https://media-staging.newsroll.app/stories/2932018272-b75d09bee471d1b45bea414d29f92e1e0aa163dfc9f072e37757f514b44dc355.webp",120070
3418977080,1894,"2026-04-04 17:17:22.603+00","tech","https://media-staging.newsroll.app/stories/3418977080-ab1e84a833228f1b3fa2dfa6e8ffcbbb5fe7718ca04616ccb2b629ccf9df9847.webp",120070
1996889875,1893,"2026-04-04 17:10:59.698+00","general","https://media-staging.newsroll.app/stories/1996889875-aac9b15515eeac64fcefd3c76da7b9e1bc55e9426e158965cd8dd9a55aaefb9b.webp",120070
4045899968,1892,"2026-04-04 17:06:44.139+00","tech","https://media-staging.newsroll.app/stories/4045899968-754eab773e9f1e225bb1fd436edcb0d75250b352a358fa4da5390e6e5b98153f.webp",120070
3227994608,1891,"2026-04-04 17:04:14.298+00","general","https://media-staging.newsroll.app/stories/3227994608-1bb8cc329f02c52046d987f9aea3f13c243b53a3bb5f136e282ef2739c82ef44.webp",120070
2204865147,1890,"2026-04-04 16:58:37.225+00","tech","https://media-staging.newsroll.app/stories/2204865147-c6ec5f7a703cc2747a136626018b7d246837c0bb58d5b39896618376574fecb9.webp",120070
5287746683,1889,"2026-04-04 16:40:30.294+00","tech","https://media-staging.newsroll.app/stories/5287746683-50185964c83a3180ea5f6f45213f54e90353b2fc224e8f5deeeb10a4710bf603.webp",120070
1722915956,1888,"2026-04-04 16:35:51.363+00","general","https://media-staging.newsroll.app/stories/1722915956-4aa17ba10372756fc1cde2a238de3b86c028c60a649a45afd623888937032287.webp",120070
2358255114,1887,"2026-04-04 16:31:50.895+00","tech","https://media-staging.newsroll.app/stories/2358255114-dcd1238bf8afff2065bc844f6860dc22905c7e74e96161e09075ffd3380f26f2.webp",120070
1584219540,1886,"2026-04-04 16:26:02.72+00","general","https://media-staging.newsroll.app/stories/1584219540-0518139791bce56d97d21cf1d2b9d9d6bea8fc75c1678437b6fc150f4e8affa3.webp",120070
2179447478,1885,"2026-04-04 16:16:16.959+00","tech","https://media-staging.newsroll.app/stories/2179447478-8862482fb2f67bbed52c2e5bc99126e6263dc9d4a3973d2eaed8fbb77dfeefee.webp",120070
1647210819,1884,"2026-04-04 16:10:40.459+00","tech","https://media-staging.newsroll.app/stories/1647210819-83f32b2a9a39b9bb32a0b63a648e13f4c1780a1e00e897ddf0786831531dcd00.webp",120070
2393932219,1883,"2026-04-04 16:05:56.649+00","tech","https://media-staging.newsroll.app/stories/2393932219-ebcdb7819eabc585e427e275a673f378076c803a3fcdedfae7d704bc5bbdd72f.webp",120070
2440977386,1882,"2026-04-04 16:01:21.047+00","general","https://media-staging.newsroll.app/stories/2440977386-7925ef931b509c3ac3fc86ad6c4f2a0626fe4d34497f3fc180eb6bd13c90730c.webp",120070
2882138463,1881,"2026-04-04 15:49:17.545+00","general","https://media-staging.newsroll.app/stories/2882138463-ca03f57454b2202be7132d59a045a0c579ce82af78b63614f1eb8193eca2fa50.webp",120070
1065601208,1880,"2026-04-04 15:44:01.615+00","tech","https://media-staging.newsroll.app/stories/1065601208-92736ac458ecf3dcf680d4576793643591fe927870bdf8b1a3502f096a8eef1a.webp",120070
3157066552,1879,"2026-04-04 15:25:53.552+00","general","https://media-staging.newsroll.app/stories/3157066552-aea988de38aa6b02a7ac0ee61bccf625b0925d74db25b58bfa0e2e84fdbf7e39.webp",120070
4086224355,1878,"2026-04-04 15:21:37.879+00","tech","https://media-staging.newsroll.app/stories/4086224355-0bc3ff1422890a67f4be568255dfdd73452a6ebcdfea7809ce6a685c70f2b549.webp",120070
3903708436,1877,"2026-04-04 15:15:30.243+00","general","https://media-staging.newsroll.app/stories/3903708436-a4a48d48d608afb69bcc8ec773f07f9ffd894db61e0d0eef28cd217a2eb8db54.webp",120070
4626520897,1876,"2026-04-04 15:10:43.467+00","general","https://media-staging.newsroll.app/stories/4626520897-f9518fea8adcbb2651063ca2626ae65d9083234e6b9301dd682a725cd75fb906.webp",120070
4407655330,1875,"2026-04-04 15:01:47.606+00","tech","https://media-staging.newsroll.app/stories/4407655330-c7ac74db16e5e8fa0ee6454dad8b39b34d44a8361cdaf1ff528ccd68a8bca007.webp",120070
3776834044,1874,"2026-04-04 14:55:51.702+00","tech","https://media-staging.newsroll.app/stories/3776834044-53b871aa0264cb67e62da3836076509a854f23a41cc65101c02a6578a791a921.webp",120070
2724534443,1873,"2026-04-04 14:51:14.76+00","general","https://media-staging.newsroll.app/stories/2724534443-9d51de05467a6eff5375406ec553e412e1aa94dfb8c1e73173ca8a01efabb475.webp",120070
2975863677,1872,"2026-04-04 14:41:56.893+00","tech","https://media-staging.newsroll.app/stories/2975863677-5b2db8eecec36b4ba9b90d372800ceaaeb97831cf9c4c401d5292e5561a67f38.webp",120070
2809472471,1871,"2026-04-04 14:37:07.679+00","tech","https://media-staging.newsroll.app/stories/2809472471-515083bcb482638a3c5198128699a4540d9b123a73e2f1afd3628c6757b2e954.webp",120070
2617662565,1870,"2026-04-04 14:34:33.15+00","general","https://media-staging.newsroll.app/stories/2617662565-3a2d4532ba0cd95e372a3058804026c2382a16c4f7bd0d22ca760b6c971cf937.webp",120070
2774522310,1869,"2026-04-04 14:31:48.387+00","general","https://media-staging.newsroll.app/stories/2774522310-8cb8a5b3f7e8e8ec61e6dd53bf1c5ab89118cae2377d57bc86ff0f75a52a5b30.webp",120070
2519985433,1868,"2026-04-04 14:18:57.887+00","tech","https://media-staging.newsroll.app/stories/2519985433-db3b8c644f49f9a7c05d06cdb2567b052af124457d651660a55533cedf48eef6.webp",120070
3545676966,1867,"2026-04-04 14:16:06.239+00","general","https://media-staging.newsroll.app/stories/3545676966-d98555bc6a6c2147a01844d2fc2f0e0f3801812b3444fdf963712f584e176b25.webp",120070
3915503616,1866,"2026-04-04 13:55:29.246+00","general","https://media-staging.newsroll.app/stories/3915503616-ce42a792ce5951a1a34fd304a735efa27a0272cd19cdf3855eeb7560af464edb.webp",120070
4156916374,1865,"2026-04-04 13:45:32.252+00","tech","https://media-staging.newsroll.app/stories/4156916374-ed028904ac4ddf6bf4e352d4997eacf1f1e59031d472f6820fb2d8e5521cf2c3.webp",120070
2547074177,1864,"2026-04-04 13:41:08.14+00","general","https://media-staging.newsroll.app/stories/2547074177-a086fc385fbca3c68051ce7548264d27ce99d6a83581cf07efab318a7adb66af.webp",120070
3843642727,1863,"2026-04-04 13:30:54.431+00","tech","https://media-staging.newsroll.app/stories/3843642727-56c3351522474caf9f991be4cb7974ca8260766ae2da911762392df8288a0b9a.webp",120070
1362266775,1862,"2026-04-04 13:19:03.185+00","tech","https://media-staging.newsroll.app/stories/1362266775-88bde2cf073c20fd5f0a34b69e3ea4c2c2eb6f8e3e9b0a1df333c606a9243062.webp",120070
2033558104,1861,"2026-04-04 13:06:11.434+00","general","https://media-staging.newsroll.app/stories/2033558104-0ea30457bea13edf5118b88ec15b59d713c651fbecc51c7220031153dcfc35ad.webp",120070
3621671020,1860,"2026-04-04 13:01:16.274+00","tech","https://media-staging.newsroll.app/stories/3621671020-67a83c44d83f99b417e1c2927ce5400b4af8eb07320da790e828423508b13506.webp",120070
2608103077,1859,"2026-04-04 12:59:51.249+00","tech","https://media-staging.newsroll.app/stories/2608103077-45c2846222d409fd8b91f17cee2f3c4271480b68372e7fb7a1779ebe1f245abd.webp",120070
2126294911,1858,"2026-04-04 12:36:23.442+00","tech","https://media-staging.newsroll.app/stories/2126294911-3fc20559d9546d25c3ffe8a373d76e42ed335f0345b4e20b5d49cce691a4abec.webp",120070
1730687479,1857,"2026-04-04 12:31:27.7+00","general","https://media-staging.newsroll.app/stories/1730687479-22f17657e4aa2d67c9fd163a2796455175739d3e3cb7b96645e26d5a5fd90d7a.webp",120070
5294944503,1856,"2026-04-04 12:27:02.93+00","tech","https://media-staging.newsroll.app/stories/5294944503-dc3ab2ac917959a85fc19ee5cb1d6529153be7c46c88a165c477d0557edc09b9.webp",120070
5170222883,1855,"2026-04-04 12:11:24.885+00","general","https://media-staging.newsroll.app/stories/5170222883-336dff0218cb5d727c004bd71b9d1df35560e09692c7338b424fc6556c26a955.webp",120070
3895769338,1854,"2026-04-04 11:55:36.852+00","general","https://media-staging.newsroll.app/stories/3895769338-514af371a94545970247996c632cc7964f8c07cc5386211b8973629f5c852d7c.webp",120070
4127164666,1853,"2026-04-04 11:50:41.521+00","tech","https://media-staging.newsroll.app/stories/4127164666-2d64ebd845f2e37b40038265cf1ca030698164370c88e00fbb258e091c634ea5.webp",120070
4245296353,1852,"2026-04-04 11:42:50.714+00","tech","https://media-staging.newsroll.app/stories/4245296353-a68706120f93d974d12aedf81a3ea380f8aebf34eeea0ebb83390345ee166593.webp",120070
2770958591,1851,"2026-04-04 11:35:33.094+00","general","https://media-staging.newsroll.app/stories/2770958591-68f422cd5d10634aa71ebadc0048b219c8203b09ef2fda1e581a10d6013a9e61.webp",120070
2037955540,1850,"2026-04-04 11:20:35.35+00","general","https://media-staging.newsroll.app/stories/2037955540-4177515447d874da447f07715f598add1433f473fe084ed850d951d0ba6a51e3.webp",120070
5114814666,1849,"2026-04-04 11:15:39.493+00","tech","https://media-staging.newsroll.app/stories/5114814666-ccac51eb02689979f352555accaed8db387ca430a3376cdb72ae215eabd5d909.webp",120070
2696385437,1848,"2026-04-04 11:10:33.56+00","general","https://media-staging.newsroll.app/stories/2696385437-ff2a41d2f84dd26b3b60977d616152156701d8ff319c23ee6a777697a818013f.webp",120070
3538844067,1847,"2026-04-04 11:05:46.044+00","tech","https://media-staging.newsroll.app/stories/3538844067-c1f6d0679aa7c4c3954d8d91a01e61b9d58292863a64bc617cda5881c20c77f3.webp",120070
1252727296,1846,"2026-04-04 11:00:44.529+00","general","https://media-staging.newsroll.app/stories/1252727296-f2785e61060a07812bdc1f071d143269af4caa4d8c8e4765ffa86e685c02b939.webp",120070
2239151660,1845,"2026-04-04 10:45:34.653+00","general","https://media-staging.newsroll.app/stories/2239151660-2849d5f566d96a8f55a444aad717c9119cc8220af3e783ee4dc8e6ff251ba474.webp",120070
1059197432,1844,"2026-04-04 10:40:35.132+00","tech","https://media-staging.newsroll.app/stories/1059197432-d3ee01185940d73869bc108b4cfb435a2d894990176d708217db86eb1c41ffb0.webp",120070
2578160964,1843,"2026-04-04 10:35:32.817+00","general","https://media-staging.newsroll.app/stories/2578160964-7b82b5f8795a108f38d3d37765266e15ca2ab86fc92835c7049aa48d5fe714fb.webp",120070
3138473765,1842,"2026-04-04 10:32:32.32+00","tech","https://media-staging.newsroll.app/stories/3138473765-dc339cd9030a02c96dd9d7c084540f8511b809706bca09adda7690552a330c89.webp",120070
2936046221,1841,"2026-04-04 10:25:33.204+00","general","https://media-staging.newsroll.app/stories/2936046221-370a0f7fa25ec6e18ff54c7fcd861ed180734183bd55f3cf2b22add38cc1b670.webp",120070
5198433598,1840,"2026-04-04 10:10:38.333+00","general","https://media-staging.newsroll.app/stories/5198433598-4c185547b94a393af8eda7bdd0b6ca3c6f0004df649cfe40821c8d7257af9936.webp",120070
1562874213,1839,"2026-04-04 10:05:37.369+00","tech","https://media-staging.newsroll.app/stories/1562874213-4003e1a4ff2444036f5a29c59692e9b918b798e4f546942582ae7fc7663e3af6.webp",120070
4395027209,1838,"2026-04-04 10:00:38.791+00","general","https://media-staging.newsroll.app/stories/4395027209-a7e3bf142b252ce607a3ea232f2389badaf378029525e7078b409907e72579d9.webp",120070
3837033036,1837,"2026-04-04 09:55:27.099+00","general","https://media-staging.newsroll.app/stories/3837033036-2fadc6ef58413f00ecc0f455d7aa74d72f01eb735c963fa01cd4a8ceb87f31a5.webp",120070
3315854272,1836,"2026-04-04 09:35:47.658+00","general","https://media-staging.newsroll.app/stories/3315854272-333e5de6ae58886203520ba623efa3d633406974cbb8ab5d84511ed4bd9108e1.webp",120070
3359801598,1835,"2026-04-04 09:31:18.422+00","tech","https://media-staging.newsroll.app/stories/3359801598-074b8c1f72224272a7b4e2291e7d8fbd3c105eb37291fa9301168c13ed5e3541.webp",120070
2909991453,1834,"2026-04-04 09:25:26.054+00","tech","https://media-staging.newsroll.app/stories/2909991453-0dfac543f5521e3e91e1528c7069d723f8d6cdfd6104fdedc0a68d16c5bc211f.webp",120070
2170966042,1833,"2026-04-04 09:20:26.658+00","general","https://media-staging.newsroll.app/stories/2170966042-b399395c3809925b2e313a1c15e145ac6fa193f939237e123218f3d6a6140aea.webp",120070
5284548328,1832,"2026-04-04 09:15:43.613+00","tech","https://media-staging.newsroll.app/stories/5284548328-d072be6ca8b0756ace735e16cb9666fba1bf125c5d7e4c7c31dbe81962674f22.webp",120070
4990171720,1831,"2026-04-04 09:05:41.523+00","tech","https://media-staging.newsroll.app/stories/4990171720-74d8feecbc4f20de5545ae4fd83150d6a477d5a8386815e12f02d020557299f6.webp",120070
1888686017,1830,"2026-04-04 09:02:12.568+00","tech","https://media-staging.newsroll.app/stories/1888686017-926d1bed0c5973dedeb105364acd6a37239ad517e49238a7355dd8574f7818c5.webp",120070
2917153428,1829,"2026-04-04 09:00:50.685+00","general","https://media-staging.newsroll.app/stories/2917153428-df3481b77d70edc3c1aebec240c43d34edbe0e1e5e285b77302b4c9e49e58272.webp",120070
1400885525,1828,"2026-04-04 08:51:38.964+00","tech","https://media-staging.newsroll.app/stories/1400885525-3e0889f52a875331c381c1a4f4b59d291fa67cb2b9999c503f3571c792867982.webp",120070
4868292158,1827,"2026-04-04 08:36:06.023+00","tech","https://media-staging.newsroll.app/stories/4868292158-89f53f58f4046993db7e9f4e6187b246a7ebf98b24b764747db5f5b69b97c93a.webp",120070
5183127217,1826,"2026-04-04 08:30:47.145+00","tech","https://media-staging.newsroll.app/stories/5183127217-ecd9a2fe04daaaf3129b78ca31b09c74e66466bb3a239667d9eefad0e0bb1b1e.webp",120070
1703423562,1825,"2026-04-04 08:25:39.561+00","general","https://media-staging.newsroll.app/stories/1703423562-4ee9360749170b01b07903a685be7b313431c0e8d04b6a2abd8ad15791e48830.webp",120070
1137271493,1824,"2026-04-04 08:20:28.001+00","tech","https://media-staging.newsroll.app/stories/1137271493-0381c166bd57f70b9551ead5f9b31ee3aae8dc34dacfe49927374e7a48c51290.webp",120070
1078359662,1823,"2026-04-04 08:15:44.554+00","tech","https://media-staging.newsroll.app/stories/1078359662-fc8d0a4b3e10a308535698050922c277ff0fe5a81a242aba8f24d11b258bacde.webp",120070
4651550981,1822,"2026-04-04 08:05:34.65+00","tech","https://media-staging.newsroll.app/stories/4651550981-2fec62cec5ff4a03bd613d130ac3b2ed5485123da4041458f840968c97efca12.webp",120070
1804915733,1821,"2026-04-04 08:01:21.508+00","tech","https://media-staging.newsroll.app/stories/1804915733-b3534f630e8ea0a629772ed4cf2d20188410371cde370a53739f767b6cc69584.webp",120070
5144394286,1820,"2026-04-04 07:55:55.198+00","tech","https://media-staging.newsroll.app/stories/5144394286-5db5da02fd6796f8be7b527c31b484adeeec091c06d608bd850ed20f7f05b55d.webp",120070
4871989757,1819,"2026-04-04 07:51:54.782+00","tech","https://media-staging.newsroll.app/stories/4871989757-7862077f1d71c2434db2cc57beb0ba9b86c2b553e637edaa8e9f0cba921e3eb6.webp",120070
2146249904,1818,"2026-04-04 07:50:45.881+00","general","https://media-staging.newsroll.app/stories/2146249904-fbeac4e85af7ae31a08d59e95276cbe6863d7bfd2569591878ff9ae55552f237.webp",120070
4448215758,1817,"2026-04-04 07:43:28.66+00","tech","https://media-staging.newsroll.app/stories/4448215758-c9aab71bfd384ed9952ca5665715e1b25899c13a6cdec687c4a828cad3bd070b.webp",120070
2178940858,1816,"2026-04-04 07:35:27.842+00","general","https://media-staging.newsroll.app/stories/2178940858-9bd76e03dbedb82ac83c33c9a4d458d1b84224bbc17b17e8597865f9d92e922d.webp",120070
1664148984,1815,"2026-04-04 07:25:59.597+00","tech","https://media-staging.newsroll.app/stories/1664148984-29ab1dd9647e6ca69defd02096478fc862b69b73f37d3c62df2d6dead8037fa6.webp",120070
3297902803,1814,"2026-04-04 07:20:50.803+00","tech","https://media-staging.newsroll.app/stories/3297902803-6842d96a84dea4cb2f4e460aef257b51b4ff53c3d56aec19a967c060aa93af41.webp",120070
3796947221,1813,"2026-04-04 07:15:40.995+00","general","https://media-staging.newsroll.app/stories/3796947221-519985a9d9e01ac123726ec6fa382c6374cadcf70f04d2c9663eb27d6ea825f8.webp",120070
3596303075,1812,"2026-04-04 07:10:29.519+00","tech","https://media-staging.newsroll.app/stories/3596303075-1e47dc871cba25c4306473c22c865f1197ba6d4351443dffe7c2c1436e89a4db.webp",120070
2419192699,1811,"2026-04-04 07:06:01.688+00","tech","https://media-staging.newsroll.app/stories/2419192699-6d6a4ba58c955bbcc5ae05936690851145014985851bafeac7d239df46d04f8d.webp",120070
1125784878,1810,"2026-04-04 06:55:41.546+00","tech","https://media-staging.newsroll.app/stories/1125784878-7a801a2367578e531a87fcdf3c97d57f1ff3f74b5936dbd3b2dc47e3e526bb44.webp",120070
1736180798,1809,"2026-04-04 06:51:08.205+00","tech","https://media-staging.newsroll.app/stories/1736180798-07a182217990d9988b2b400be6b9e8d3fbfda0901ce7722c31c7280ff3b3f1dd.webp",120070
2179904306,1808,"2026-04-04 06:46:35.468+00","tech","https://media-staging.newsroll.app/stories/2179904306-35e1bbd7072bccf9b251ea2bcfe027811be60b3baaf595a8a7382fb69d504378.webp",120070
4138675882,1807,"2026-04-04 06:44:38.401+00","tech","https://media-staging.newsroll.app/stories/4138675882-1fba005dbd6e3b129793c7b6c1b116800b8a96278398fedd83e2baedec2b4b0f.webp",120070
1666731484,1806,"2026-04-04 06:40:37.966+00","general","https://media-staging.newsroll.app/stories/1666731484-f025e71cbb70a6192dd5f8b1e3ade4ecbfc2ac186ea29c4a99ac08697eb3288a.webp",120070
4335360442,1805,"2026-04-04 06:25:31.381+00","general","https://media-staging.newsroll.app/stories/4335360442-027cbe469e13c62b86b9e8bddd7b10d7c727bd87030c22da118db7684ad91c99.webp",120070
1398258209,1804,"2026-04-04 06:20:39.842+00","tech","https://media-staging.newsroll.app/stories/1398258209-1de5e6f72e109e1070063d9e9169d461803afde1336d3b127de95ae71f5e55fe.webp",120070
2393897325,1803,"2026-04-04 06:10:41.574+00","tech","https://media-staging.newsroll.app/stories/2393897325-4f463965a6f3e984cf56a0034513ac2f205b8661e712d63411ec29e21b238170.webp",120070
3749295507,1802,"2026-04-04 06:05:45.369+00","general","https://media-staging.newsroll.app/stories/3749295507-f393ce41d7881aa1dd858573971120673f05ecfac0344e175acf124c7c8c86df.webp",120070
2179450758,1801,"2026-04-04 06:00:59.876+00","tech","https://media-staging.newsroll.app/stories/2179450758-dd7ab75239fdac9bd97c193b4169af1d77ebb6f180c6b1371de62d70e16fd62f.webp",120070
3133567742,1800,"2026-04-04 05:50:30.24+00","general","https://media-staging.newsroll.app/stories/3133567742-7c42e797088d74ad4f3087d0850623a70423f00190c518baf692634ecba68719.webp",120070
1369548404,1799,"2026-04-04 05:45:35.526+00","tech","https://media-staging.newsroll.app/stories/1369548404-632a7f7fd9474afe95edb45d6af71b981efe432b7ccf2fb6cf1818c85270de27.webp",120070
1042911156,1798,"2026-04-04 05:35:42.431+00","tech","https://media-staging.newsroll.app/stories/1042911156-b57620bff2c19dccc7707c9ba8ac02d7c7824dcae51dcb208d333f441c1ad7e9.webp",120070
1080381266,1797,"2026-04-04 05:33:18.281+00","general","https://media-staging.newsroll.app/stories/1080381266-62ccf9dda8255dac8dedcd8bd2ee6a8beaf306ef7ddaabde194465af11a1b50f.webp",120070
2077373386,1796,"2026-04-04 05:25:39.638+00","tech","https://media-staging.newsroll.app/stories/2077373386-b991e6db99849bc9cd42175e1e1e4753bc44cc907a754e475e636229f5af12ac.webp",120070
4998228841,1795,"2026-04-04 05:18:03.989+00","tech","https://media-staging.newsroll.app/stories/4998228841-66be94a098d5bfce4113e54a860de6dfd9c388c9b66f154634fed22fc1aa16c9.webp",120070
2369740887,1794,"2026-04-04 05:15:28.165+00","general","https://media-staging.newsroll.app/stories/2369740887-7c561da6276da0bb713141c9ab2887666a0d64a40dfd046e23b21c2b5677d61f.webp",120070
1699654403,1793,"2026-04-04 05:00:40.736+00","tech","https://media-staging.newsroll.app/stories/1699654403-0d8602c65394c4667285de8567bbb2419e27f4e5897e5d337d3704885daf4670.webp",120070
4035113829,1792,"2026-04-04 04:56:04.682+00","general","https://media-staging.newsroll.app/stories/4035113829-aa4af81da61fcea405343a1e7113193aa1ae2cbb09ce04391e53825ebe7af1c5.webp",120070
2362419962,1791,"2026-04-04 04:50:39.12+00","tech","https://media-staging.newsroll.app/stories/2362419962-a6ca4717c0cb7ae3563fed4c6aafd391461662414e732b0e34c8f9f1827d29b6.webp",120070
3264373210,1790,"2026-04-04 04:40:30.617+00","general","https://media-staging.newsroll.app/stories/3264373210-87b7d4502523d71222981b5158c704007d4cca9ca6e21075417720d0584dd0df.webp",120070
3732890964,1789,"2026-04-04 04:31:02.841+00","tech","https://media-staging.newsroll.app/stories/3732890964-d3a7b478acb2fbef71d8b29e46b2b35d307e4fcf5dc1f9731b7b91370b86c8ca.webp",120070
1521845799,1788,"2026-04-04 04:28:17.197+00","tech","https://media-staging.newsroll.app/stories/1521845799-c37ab2f379a080286497b9a9139f8851f7e4ff5de51dd833d297342b0fa691cb.webp",120070
3435335013,1787,"2026-04-04 04:20:50.685+00","general","https://media-staging.newsroll.app/stories/3435335013-052cae9b2d314eadf0e8f989cac26be5d8d8c360eb9e979d5190c00bb93886ff.webp",120070
1634702192,1786,"2026-04-04 04:15:50.101+00","tech","https://media-staging.newsroll.app/stories/1634702192-111ac679b7eb7a28929456fb61cb7adc2c0e75d3e95cfd1d23eda3338a62015f.webp",120070
2026628841,1785,"2026-04-04 04:10:28.346+00","general","https://media-staging.newsroll.app/stories/2026628841-1edef75d4271027dc5bff45bea07070b35db55aa471a74292322cb60f5ef836c.webp",120070
3269608664,1784,"2026-04-04 04:06:56.891+00","tech","https://media-staging.newsroll.app/stories/3269608664-971461138031fc052afc6bd98a4059e359acaa2e78d51514c4e52f17233341d3.webp",120070
1671491025,1783,"2026-04-04 04:05:33.923+00","tech","https://media-staging.newsroll.app/stories/1671491025-11187a7925835a410a56584cc728a566682d2a8cee1a5e15455a057c4d311e1e.webp",120070
3314029464,1782,"2026-04-04 04:02:14.65+00","tech","https://media-staging.newsroll.app/stories/3314029464-54a804bf3a0263b1f907e87924d3c614f9f92ad84ae53e22a2f6fa2316ce7d4f.webp",120070
3939048655,1781,"2026-04-04 03:50:42.972+00","tech","https://media-staging.newsroll.app/stories/3939048655-fee174d683fcd66d761018ea2b56ac874dc5712ce301f8cc6ba53815b958ed0a.webp",120070
2796864937,1780,"2026-04-04 03:45:41.47+00","general","https://media-staging.newsroll.app/stories/2796864937-e5135b9b5d494944a2e8437992f1e9e6ae1b18f0ee9f06708ff5ca984140e111.webp",120070
5131029616,1779,"2026-04-04 03:40:37.985+00","tech","https://media-staging.newsroll.app/stories/5131029616-56f78111748ee99bfe97be3d2e90a19d9496cb5939504632078cc9b3a1fde9ca.webp",120070
3477503253,1778,"2026-04-04 03:35:32.62+00","general","https://media-staging.newsroll.app/stories/3477503253-af31a8df9380852f1c5f64df08a64bdda6a03575492b21e6ded892b50d55fb11.webp",120070
4210793121,1777,"2026-04-04 03:30:39.742+00","tech","https://media-staging.newsroll.app/stories/4210793121-19fb8b7fd8ecc0793149e91063d3ea54d55bbc1813c6019b7881b2838e842194.webp",120070
4307598819,1776,"2026-04-04 03:23:38.638+00","tech","https://media-staging.newsroll.app/stories/4307598819-99abc5d56767e4c733fdb5df980f5a27dbf21092e87db0dc84a1aa6d32f3ed97.webp",120070
1016655054,1775,"2026-04-04 03:15:30.015+00","tech","https://media-staging.newsroll.app/stories/1016655054-c4363978024a26f99a84325af5da90319f147a39db7e16731ebfb7a37de8361c.webp",120070
2773554349,1774,"2026-04-04 03:10:35.785+00","general","https://media-staging.newsroll.app/stories/2773554349-11049d5c26c00b43f2dfe864f58ea82474f3e8fb81e3dd89c3cd34a8d4a8be27.webp",120070
5272969484,1773,"2026-04-04 03:05:36.654+00","tech","https://media-staging.newsroll.app/stories/5272969484-751ab6d6a6cb59434d02f8fb3949c6e970e4b44466a80e144a033ad11002ae5e.webp",120070
2719694855,1772,"2026-04-04 03:00:34.604+00","general","https://media-staging.newsroll.app/stories/2719694855-f0df05c4a535b45cc83cc743be1a8ea55dde5ad55ab0546d9310e1d16f628871.webp",120070
2296405856,1771,"2026-04-04 02:50:38.738+00","tech","https://media-staging.newsroll.app/stories/2296405856-1a3749c8555e0134db3ae36d16af846c39f4dfba7517a48f025fed2665668055.webp",120070
2163842935,1770,"2026-04-04 02:40:28.744+00","tech","https://media-staging.newsroll.app/stories/2163842935-88da58edc714b33dfd26eee0873a6e909063ff1fca0b6bd9483fe71c0b6d0310.webp",120070
2938494432,1769,"2026-04-04 02:35:48.939+00","general","https://media-staging.newsroll.app/stories/2938494432-ee3a260637a844b261e1d3e9054ae3d409b21417a7d354b0cc3f525174d4c80c.webp",120070
3031176913,1768,"2026-04-04 02:30:38.189+00","tech","https://media-staging.newsroll.app/stories/3031176913-cd807a3582d04e5165934b05f7e3190b6b525c2efa76d25562fcc425c293a4e0.webp",120070
5210350256,1767,"2026-04-04 02:25:31.771+00","general","https://media-staging.newsroll.app/stories/5210350256-57d41cb6172b65ad2cd1ef7e80ddb827753f1acc35be736a52759b4f7945818e.webp",120070
2262160931,1766,"2026-04-04 02:18:08.28+00","tech","https://media-staging.newsroll.app/stories/2262160931-23cbedb2c6738103936b2037d9c4cf0ebefce367cb4bdfb285d52bbf93457a4d.webp",120070
1523929157,1765,"2026-04-04 02:05:30.638+00","tech","https://media-staging.newsroll.app/stories/1523929157-1acfc7b5bcd15cb004e78650aaaa14ecff99f6a85eb4252a91e81fd9571ef354.webp",120070
4730464146,1764,"2026-04-04 02:00:56.393+00","general","https://media-staging.newsroll.app/stories/4730464146-c880e8d1e16dd078ca91908ce0f58c64a23d9a79b40f25550574bb848f9e4b44.webp",120070
3971255531,1763,"2026-04-04 01:55:34.925+00","tech","https://media-staging.newsroll.app/stories/3971255531-fd443d05fb5bd1bf5930931911c9944c25c08427c5769ec2d1fd4b923356592e.webp",120070
2668461502,1762,"2026-04-04 01:50:28.072+00","general","https://media-staging.newsroll.app/stories/2668461502-f84023bd134360e45323ee26aa2b8b5657e7157d83af612b8f8d8ad92ee4f7db.webp",120070
4001261612,1761,"2026-04-04 01:30:29.195+00","tech","https://media-staging.newsroll.app/stories/4001261612-8f93e0c303fb20e738e34b7a623d5d9a599f22af7fc0bdba5c2422293186ebeb.webp",120070
2522887723,1760,"2026-04-04 01:25:37.208+00","general","https://media-staging.newsroll.app/stories/2522887723-d5510ce9604ab407d644e43146ccb4a7763561955ad69dc58aa9602ee57e5e3d.webp",120070
3885659004,1759,"2026-04-04 01:20:34.849+00","tech","https://media-staging.newsroll.app/stories/3885659004-72dd8fddd5a0f990eb446fd89ed975e1f2158f50923d16f849af5872cbe1a0ff.webp",120070
2000759102,1758,"2026-04-04 01:15:26.795+00","general","https://media-staging.newsroll.app/stories/2000759102-d16b78a6e5877aa29e9ea71eab0814ca62f5188fd51e341d90821c4c284de4a3.webp",120070
3883209335,1747,"2026-04-03 23:52:14.354+00","tech","https://media-staging.newsroll.app/stories/3883209335-1d2e269e37d6965a9dc46814e7624b9c85711401e41d5e7099d20e1265eb6235.webp",120070
1445448963,1746,"2026-04-03 23:41:24.052+00","general","https://media-staging.newsroll.app/stories/1445448963-121ffc675c9a85d81829a3972a3fb28eaa975801facdd28ea0679f72f27c663d.webp",120070
2138138772,1745,"2026-04-03 23:35:53.575+00","general","https://media-staging.newsroll.app/stories/2138138772-878a8a2fd5dd429a86c5d3119dbb5bb80e7b1a19378f37f928fb3e0b1b6c70e1.webp",120070
2674220227,1744,"2026-04-03 23:25:54.01+00","general","https://media-staging.newsroll.app/stories/2674220227-edac9382cbcd477038d606f3f62166c6d8a7a3ef836ff5d52ac5072f8495dd5a.webp",120070
3794730410,1743,"2026-04-03 23:21:06.122+00","tech","https://media-staging.newsroll.app/stories/3794730410-b8a4c23a3176126227335644a26fa54afab61316626a9ce886b330e076546139.webp",120070
1301295561,1742,"2026-04-03 23:17:10.629+00","tech","https://media-staging.newsroll.app/stories/1301295561-ea00f64c95bcfd24e6f0851b5197464e408144ef0eea3febdc0875ec975a80ff.webp",120070
1152935864,1741,"2026-04-03 23:06:34.952+00","general","https://media-staging.newsroll.app/stories/1152935864-58ec0441f6857753ad6f8c2b8a0720f2c67bc414a7487ce917246105c2972b93.webp",120070
1411675540,1740,"2026-04-03 23:01:22.587+00","tech","https://media-staging.newsroll.app/stories/1411675540-e0be9442953ae6f7beacf945b8ea0abc0dd61dd1c901dba1fbe505a9a1d7fd2d.webp",120070
1128117923,1739,"2026-04-03 22:55:19.965+00","general","https://media-staging.newsroll.app/stories/1128117923-ba56a4a6649c0fd90e68124c4a51b59e5ed07b28b6252d452ddf2424a242904c.webp",120070
3384957957,1738,"2026-04-03 22:51:10.007+00","tech","https://media-staging.newsroll.app/stories/3384957957-eda92160e5a408049668700db98fa4093dedc9945020f6cf6fd7fad8c0a177cb.webp",120070
4958153791,1737,"2026-04-03 22:42:20.831+00","tech","https://media-staging.newsroll.app/stories/4958153791-f52c2ceff8120795a9c590abb0c2dffceedcd2d3d9578b4dbcc9efd4abb8e908.webp",120070
4847452074,1736,"2026-04-03 22:31:41.964+00","general","https://media-staging.newsroll.app/stories/4847452074-f95b97e8fd3521fac579ad782416c53bc31ec2d7399028517823527f730dbb43.webp",120070
3147301599,1735,"2026-04-03 22:20:54.439+00","general","https://media-staging.newsroll.app/stories/3147301599-9e0a03655242b9c1ee1bfa3120ec1d7038b758f980a9e6f8ea3a2d8040002362.webp",120070
1779206601,1734,"2026-04-03 22:15:53.748+00","tech","https://media-staging.newsroll.app/stories/1779206601-fdccb56952348462d73d0f9925968f6700545857fc5d75e5b525ad11651b9f1b.webp",120070
4467817773,1733,"2026-04-03 22:10:55.542+00","tech","https://media-staging.newsroll.app/stories/4467817773-f3bf87c53e7cc425b046b5cf3c0f0568e183a633dda13f6e1438e79aba570ea0.webp",120070
2158530681,1732,"2026-04-03 22:07:18.959+00","tech","https://media-staging.newsroll.app/stories/2158530681-6c530e5c64b2aa82d0d35d1f08926058c6cfc42f10fa9ca8ae7fd2d3ccd86b29.webp",120070
3606391680,1731,"2026-04-03 21:56:29.576+00","general","https://media-staging.newsroll.app/stories/3606391680-1a4048c73af4ec58dae14a96db49b95f78348570293cf587c6ad6780e6832ccf.webp",120070
3135971081,1730,"2026-04-03 21:51:16.142+00","tech","https://media-staging.newsroll.app/stories/3135971081-58870b2f0118c601f40e8a7ed277cde17792d11b060829e0364962a66941c810.webp",120070
2547086458,1729,"2026-04-03 21:45:54.08+00","general","https://media-staging.newsroll.app/stories/2547086458-b0bf14a5365856f71cfd5f474f7a2a8b11b500f3bd8f7022b9acc52b83ad6224.webp",120070
3884668468,1728,"2026-04-03 21:36:03.944+00","tech","https://media-staging.newsroll.app/stories/3884668468-d332e3c4f207f9a8e0022522a34ceb030e6aa8170055345f898f629d7e9d8444.webp",120070
3567010492,1727,"2026-04-03 21:32:25.702+00","tech","https://media-staging.newsroll.app/stories/3567010492-7738f9fc6d60c0749a478dbcafec2483b3ae8adac33c58eb43ba55971a508389.webp",120070
1499083590,1726,"2026-04-03 21:26:24.986+00","general","https://media-staging.newsroll.app/stories/1499083590-2e83a30eb319456cfd6f7b7e1a51217215211a2c99214ce184c84ef0e553fb5e.webp",120070
2020876638,1725,"2026-04-03 21:21:37.202+00","general","https://media-staging.newsroll.app/stories/2020876638-34912c8b3c3f374356fca2754a2426c84d1f619ac1eff302d002d469b2306191.webp",120070
1631155600,1724,"2026-04-03 21:01:00.942+00","tech","https://media-staging.newsroll.app/stories/1631155600-d39649adf7fdb55f672f7d8ca55512e52d89afef3679a91fa4f665eae88ca3f2.webp",120070
1584884533,1723,"2026-04-03 20:57:10.661+00","tech","https://media-staging.newsroll.app/stories/1584884533-4f3d0c5be510a3a8b5557ec4f8b13d43b179a41643a0afdc44f104f65c08e724.webp",120070
3275203313,1722,"2026-04-03 20:41:36.787+00","general","https://media-staging.newsroll.app/stories/3275203313-2a1b0541cd200b9ba5d99447656d18fbf467ab61a64543ba0d45f868ec596c6f.webp",120070
5133919315,1721,"2026-04-03 20:38:28.968+00","general","https://media-staging.newsroll.app/stories/5133919315-ca588d3497f8a2f2858792db0eca7511524d81662630dc1a2cd1e85e4079bcaf.webp",120070
3690313583,1720,"2026-04-03 20:35:52.6+00","general","https://media-staging.newsroll.app/stories/3690313583-05d7659ca3500358d69375f785851ff83b201e4d36c0bc4ff4dd943a460335f3.webp",120070
3952182952,1719,"2026-04-03 20:25:58.335+00","tech","https://media-staging.newsroll.app/stories/3952182952-6fa4eeea003de7b5faafa7bf064dba7c9aae60d7252e079a31dfb86cd972876d.webp",120070
1610093255,1718,"2026-04-03 20:22:20.325+00","tech","https://media-staging.newsroll.app/stories/1610093255-1f50a093cacde211e190a8ca9d716d540547d9003d7b5f056b30639e478a1d1a.webp",120070
2398147362,1717,"2026-04-03 20:06:36.653+00","general","https://media-staging.newsroll.app/stories/2398147362-0585437398e5002748cc48ad93c5526d184e8bf892fc20254d237f3a889c508c.webp",120070
1064143503,1716,"2026-04-03 20:01:05.742+00","general","https://media-staging.newsroll.app/stories/1064143503-4816b23e3d415efffe7bde8ea4e631c57f200848557d1b71d1d0e2180ff56732.webp",120070
1779127018,1715,"2026-04-03 19:50:55.076+00","tech","https://media-staging.newsroll.app/stories/1779127018-dc09593826fe97cbf3735e4b3242b9ac2fc41c27472a619f993b719950bb9917.webp",120070
1645417802,1714,"2026-04-03 19:47:15.667+00","tech","https://media-staging.newsroll.app/stories/1645417802-5d6606102500072314f4a55d64e72b5bec27656ec73ccf9b1e0d6b9927f59d6d.webp",120070
1949402688,1713,"2026-04-03 19:40:54.71+00","tech","https://media-staging.newsroll.app/stories/1949402688-ef54509d89cae59f85c75cbaf7ce3276b4ace5993b83a203730f8ab3909e9267.webp",120070
3494464428,1712,"2026-04-03 19:31:40.363+00","general","https://media-staging.newsroll.app/stories/3494464428-60130dd4abb9fb4912b2b15f2a60a4d5c64872a428356c7612e75b32398a55ca.webp",120070
3057287495,1711,"2026-04-03 19:29:21.5+00","tech","https://media-staging.newsroll.app/stories/3057287495-ce584c349e01300be54e1b1358a4da3d666a39c61a5a3bce37d3bba065bf06bd.webp",120070
4102807690,1710,"2026-04-03 19:12:15.399+00","tech","https://media-staging.newsroll.app/stories/4102807690-973143c0c942b382e408d35141a19687ec268ddfdc52a19359435a1edd7a9b9f.webp",120070
3366013839,1709,"2026-04-03 18:56:35.475+00","general","https://media-staging.newsroll.app/stories/3366013839-4c155e6328d842fda1b81813b4c4a39b15ef94ddb77a443c67ff3506c5771bbb.webp",120070
4137265606,1708,"2026-04-03 18:45:53.188+00","general","https://media-staging.newsroll.app/stories/4137265606-6c98c13c428370dfe2ed210c31f39affc86df90cf7fe0509297cd02a958d0faf.webp",120070
4547134473,1707,"2026-04-03 18:40:55.714+00","tech","https://media-staging.newsroll.app/stories/4547134473-494d72abb9c293d07deafa3cc8a454e9adc37528543955f7b01df1d5be899c21.webp",120070
3408642542,1706,"2026-04-03 18:35:52.939+00","tech","https://media-staging.newsroll.app/stories/3408642542-d85178b4e8b61df863e8b99dc27fbc0034644eb5a543cced944858de6ec8e90b.webp",120070
4536501591,1705,"2026-04-03 18:31:15.915+00","tech","https://media-staging.newsroll.app/stories/4536501591-9232d6906e26866ca353e6a9835c998464b6e5d64d9a0545f29b484e15a5f80e.webp",120070
3332948622,1704,"2026-04-03 18:21:35.698+00","general","https://media-staging.newsroll.app/stories/3332948622-1e02dae7bfaa8a0729abf145fcb0ac1da2d1552d9e85559d4c955dea240e7d1e.webp",120070
1389302543,1703,"2026-04-03 18:11:47.787+00","tech","https://media-staging.newsroll.app/stories/1389302543-29eb004ef82644392a8371b883e3d0bc968cb674fb976c8d8c54ca7d9e813e2f.webp",120070
1583351356,1702,"2026-04-03 18:06:42.781+00","general","https://media-staging.newsroll.app/stories/1583351356-eb0d25d7c68068614e72d81242d39eda3bd914e181c10e570c1e1601b81edcfc.webp",120070
4190739449,1701,"2026-04-03 17:46:30.115+00","general","https://media-staging.newsroll.app/stories/4190739449-88b2650ac20c9136262d25beae2c426d7657b257590ba6bb9874372ec6b6f8f9.webp",120070
1231593234,1700,"2026-04-03 17:40:56.148+00","general","https://media-staging.newsroll.app/stories/1231593234-9faf4f0ade936e5daee2a9deb76b94fde5c02228577be86afebe79690b456476.webp",120070
1268332079,1699,"2026-04-03 17:35:56.797+00","tech","https://media-staging.newsroll.app/stories/1268332079-cebec2724a575542ea588164344dab0fc52e218e59a79f384e6e3cf19315c4a6.webp",120070
3845430352,1698,"2026-04-03 17:26:12.451+00","general","https://media-staging.newsroll.app/stories/3845430352-3408013c269b92d6127a112f12bf2f37ca985f26e22bea9dfbb4de4aeb195a0e.webp",120070
1329528643,1697,"2026-04-03 17:11:30.741+00","general","https://media-staging.newsroll.app/stories/1329528643-853900ca351bf069113d2b0f1c86cef87e4884af76c0cc1a04eda1cb2d8c3607.webp",120070
2589407266,1696,"2026-04-03 17:05:54.858+00","general","https://media-staging.newsroll.app/stories/2589407266-64ebcf4fbe5815468d55194a2706c95d15cb214957c90579336da316d8ce7e81.webp",120070
2495392809,1695,"2026-04-03 16:51:13.433+00","general","https://media-staging.newsroll.app/stories/2495392809-a6beeb43ba76b412d5f38a0b3d6fb1d2298e07babcd4b8034fa446508817467b.webp",120070
4023294015,1694,"2026-04-03 16:36:31.861+00","general","https://media-staging.newsroll.app/stories/4023294015-98700b417a2669905660e595ac74795064a3c461165d81de17beeb3727c90da9.webp",120070
2715311467,1693,"2026-04-03 16:25:55.5+00","tech","https://media-staging.newsroll.app/stories/2715311467-03d39dc05409fcbb2c11710b13f254515eb4ccd8909d150e97940f5ea1c54e8a.webp",120070
1316656817,1692,"2026-04-03 16:20:54.951+00","tech","https://media-staging.newsroll.app/stories/1316656817-fb54214018ece1525e9c0ddf576bcae5c9a53bcd80be2337492fbbb20d33d3da.webp",120070
3644091791,1691,"2026-04-03 16:16:11.834+00","general","https://media-staging.newsroll.app/stories/3644091791-3fa67389f13459e763a8e086e7a864c62a9f6d54b4321770046464ac9a93f5a7.webp",120070
2900532680,1690,"2026-04-03 16:01:37.234+00","general","https://media-staging.newsroll.app/stories/2900532680-d0c8b46d9c182ac544c7c4e03fd9f4ca7de4f6deb642c5b5166067e32b2a71d1.webp",120070
1768888301,1689,"2026-04-03 15:55:53.937+00","general","https://media-staging.newsroll.app/stories/1768888301-fb5e866b1ffb017cf750adaf1af683a49127b84964afd99006ebef0494fd4b74.webp",120070
2053111168,1688,"2026-04-03 15:40:53.744+00","general","https://media-staging.newsroll.app/stories/2053111168-2f0907d34f621e5cc02d368584d1a914c9b040c06f78e2afdf689b15721967ab.webp",120070
3856090445,1687,"2026-04-03 15:26:21.791+00","general","https://media-staging.newsroll.app/stories/3856090445-cf36dee4caffd319f74c222545f482d630c1e8273a88e041eb81f8ff4b153ef8.webp",120070
3043575046,1686,"2026-04-03 15:21:02.227+00","general","https://media-staging.newsroll.app/stories/3043575046-7d83763980ac963843653d57885e4f02e9b88662eb7c7ddfeb7eec9bf8d1c46a.webp",120070
3210643286,1685,"2026-04-03 15:15:54.934+00","tech","https://media-staging.newsroll.app/stories/3210643286-d8df86db6acd007568b5dd325307f30cf78c6a7db958c5efe86c940fae862376.webp",120070
2161340983,1684,"2026-04-03 15:10:56.099+00","tech","https://media-staging.newsroll.app/stories/2161340983-bdd803b2e6202e8d69f77969780e3d19958f2b0fd1c81e7a1614344ef22b0bb4.webp",120070
2061902893,1683,"2026-04-03 15:06:05.868+00","tech","https://media-staging.newsroll.app/stories/2061902893-adb40c4286705d6577b90aff87b570ea03a2cdc6e9fa637dc9de087af865163c.webp",120070
3741113192,1682,"2026-04-03 14:57:20.31+00","general","https://media-staging.newsroll.app/stories/3741113192-a0cbb8c640641649455de015c453e9d69d42c5e1493659402c6bde8f74c0b421.webp",120070
1708767130,1681,"2026-04-03 14:51:21.2+00","general","https://media-staging.newsroll.app/stories/1708767130-637dc358df18045b73d8634237c33dfcd300d1aa5a0c3fea48330fcac432831c.webp",120070
4949013295,1680,"2026-04-03 14:46:08.534+00","general","https://media-staging.newsroll.app/stories/4949013295-44c85d80b4d81a27c8326bb1d3c202a60386e53b9380db38489a981edbd8d800.webp",120070
1325273330,1679,"2026-04-03 14:36:56.58+00","tech","https://media-staging.newsroll.app/stories/1325273330-365673e1c5b2d658dd01a78ef2f073396bd017126a41de52e659f778cc79ec17.webp",120070
4099936432,1678,"2026-04-03 14:25:53.01+00","tech","https://media-staging.newsroll.app/stories/4099936432-8e84ecddee5d813a229044f7b074827d7f30b0a194003ec0d6923d9d21ada5c9.webp",120070
1518873887,1677,"2026-04-03 14:22:04.671+00","general","https://media-staging.newsroll.app/stories/1518873887-464b73d7a36c629ee625ecd4dbb724ee80a8d9d6afbae3f634b0d1d45c149c3a.webp",120070
4347516224,1676,"2026-04-03 14:16:10.717+00","general","https://media-staging.newsroll.app/stories/4347516224-12935464307d5e5d89cc75eb0e8b1eb256b7a6029f00f6433af2d80ee31cff69.webp",120070
4703331912,1675,"2026-04-03 14:06:23.264+00","business","https://media-staging.newsroll.app/stories/4703331912-c6a344cf3e49ece72a1e496b2335d8e0c9068048e4dae948606e816e551a4104.webp",120070
4636366546,1674,"2026-04-03 14:03:24.406+00","business","https://media-staging.newsroll.app/stories/4636366546-d593de56ddb1729f2b053fc97a84b46d28e02965a1645d361ac9fd5b81318099.webp",120070
3332914033,1673,"2026-04-03 14:02:28.671+00","business","https://media-staging.newsroll.app/stories/3332914033-2322664da87f0e41a7fa15c58691aafb812103c0c248b0afb8fc5950983a1c3c.webp",120070
3613042469,1672,"2026-04-03 14:02:49.155+00","tech","https://media-staging.newsroll.app/stories/3613042469-5a7bab1fc09226b55716f08c38ff9b6ed7f74d908757ba454a66d858ac3d8eb8.webp",120070
2293870240,1671,"2026-04-03 13:55:30.88+00","general","https://media-staging.newsroll.app/stories/2293870240-dd93729796cfcf00e9560ca581785a511ef083c7f78a9f3653e02b3ce206d228.webp",120070
1978036405,1670,"2026-04-03 13:54:20.206+00","general","https://media-staging.newsroll.app/stories/1978036405-915ef8b2df212a46e0426b6a9160df10ac2dfbba113f4c256c49619f19526c9a.webp",120070
4440181674,1669,"2026-04-03 13:54:02.499+00","general","https://media-staging.newsroll.app/stories/4440181674-649975f43b6b2e1ed519ea67c29c117f9e4c542cafd41d01432261eae5f206ec.webp",120070
2477256545,1668,"2026-04-03 13:53:03.635+00","general","https://media-staging.newsroll.app/stories/2477256545-c7792e24f5b4eb243232687be3429211fb29244db532829aae4e5cc243297718.webp",120070
4488902981,1667,"2026-04-03 13:52:29.045+00","general","https://media-staging.newsroll.app/stories/4488902981-04aa772eaf76af7393a80c7fc3dfd43b4d17d9e9575fa31d4a88b01f61e9fda7.webp",120070
1860596598,1666,"2026-04-03 13:49:55.115+00","general","https://media-staging.newsroll.app/stories/1860596598-12deee3fceb2c9a4cf107674164275e093a9f179fe63a839eeba8f8367dd9ebb.webp",120070
3868057214,1665,"2026-04-03 13:48:36.932+00","general","https://media-staging.newsroll.app/stories/3868057214-586bdf39b28fc8f1638beddd0440959f55973a358cf90a8f80817b57dffacc0c.webp",120070
2407310411,1664,"2026-04-03 13:46:47.781+00","tech","https://media-staging.newsroll.app/stories/2407310411-cf5fc66e81d14713c17ebeb86537bccda14f000ff42bdf099e6ad39922104de1.webp",120070
2662771816,1663,"2026-04-03 13:48:11.794+00","general","https://media-staging.newsroll.app/stories/2662771816-ae998b67ad5c7fa55ce19613cbc2f572e7b61ae6cc3c14d8caceae4a38091124.webp",120070
4202196392,1662,"2026-04-03 13:44:50.027+00","tech","https://media-staging.newsroll.app/stories/4202196392-35258c6c310b774e14c482882b8f06b87628390edb8cda19dbc2aec90f08272d.webp",120070
1864726921,1661,"2026-04-03 13:44:28.088+00","tech","https://media-staging.newsroll.app/stories/1864726921-78faef37d5cad0efb8274add0185b7c9db2985881b51326601200b375f78bb24.webp",120070
2681037985,1660,"2026-04-03 13:46:03.283+00","general","https://media-staging.newsroll.app/stories/2681037985-d47ae118bc4e44901e3f425663425fded4ae8729547e1cb0ebea4a3af7e55142.webp",120070
1912077740,1659,"2026-04-03 13:42:07.482+00","tech","https://media-staging.newsroll.app/stories/1912077740-bf39f1106074dd43b65c3ddb425d4ea59e664a5a0390a617f2492830c32f6e88.webp",120070
2382405935,1658,"2026-04-03 13:42:02.654+00","tech","https://media-staging.newsroll.app/stories/2382405935-376b62cc92c1b2ba8425c4433531fd988a25c2efd34976ffe92c5a9478812fbc.webp",120070
4203493374,1657,"2026-04-03 13:41:47.909+00","tech","https://media-staging.newsroll.app/stories/4203493374-e0f6902d90ee7f7132508fc6f2fe34bf4ae6745ec4f37857cd26a6d7c2abdf70.webp",120070
1026720015,1656,"2026-04-03 13:41:35.687+00","general","https://media-staging.newsroll.app/stories/1026720015-6ad2e929e2ab7e5054c4e098490d1705440b764b2822bf65c143badcb8533706.webp",120070
5101363818,1655,"2026-04-03 13:40:19.182+00","general","https://media-staging.newsroll.app/stories/5101363818-b7b25614397d21e74f7d8a6de3303e2f99628e3f893b1464b6f576dedc92e4c1.webp",120070
1555689645,1654,"2026-04-03 13:39:02.375+00","general","https://media-staging.newsroll.app/stories/1555689645-615afd69f58d1ca073125a99aecd0c0de427dbd8c6fdf371d39118179f6033dd.webp",120070
3090594009,1653,"2026-04-03 13:35:05.669+00","tech","https://media-staging.newsroll.app/stories/3090594009-5bf159a0c9a614c8e8897442d08d731b5673ce9e3891c0a8b0b74d49f33050eb.webp",120070
2250172583,1652,"2026-04-03 13:35:16.536+00","tech","https://media-staging.newsroll.app/stories/2250172583-8798ea6ede60b829d22fd75512843245710c188ab8ea9b5f475cf5a8d93e5b3f.webp",120070
4931000337,1651,"2026-04-03 13:35:16.586+00","tech","https://media-staging.newsroll.app/stories/4931000337-dde36df34f1decfbf8fba55026d176b5225aa351ba2d9712cb316ffc822e5aee.webp",120070
3595912085,1650,"2026-04-03 13:35:16.578+00","tech","https://media-staging.newsroll.app/stories/3595912085-e86e50667b9bca48b797de33a16232c541922a70eec415d451274d39681c5d04.webp",120070
1724398385,1649,"2026-04-03 13:35:04.73+00","tech","https://media-staging.newsroll.app/stories/1724398385-80e0cf3efdc8711bce5c84941f0f670373d11e0a67422139ccfcf0c270150040.webp",120070
4530387091,1648,"2026-04-03 13:33:15.316+00","tech","https://media-staging.newsroll.app/stories/4530387091-bc6eb46824eda111dc005d78232efb81f67faecab90db20113b3649e1500b9ca.webp",120070
5194361323,1647,"2026-04-03 13:31:48.708+00","general","https://media-staging.newsroll.app/stories/5194361323-7a8fd35d6cd23a181bdcba902e775b3d3f839779be0a76f3a5be979d5f13a38f.webp",120070
1981987445,1646,"2026-04-03 13:31:40.225+00","general","https://media-staging.newsroll.app/stories/1981987445-4ad7d8c9a66281f5836c6eabe48c0b523c765e29ff36c184266d453418ed7bfd.webp",120070
3364997239,1645,"2026-04-03 13:31:28.203+00","general","https://media-staging.newsroll.app/stories/3364997239-0f7d3ca18fc0138179e3f3a84995caa3839aa6ec2d723d064984cea91991046e.webp",120070
4737712957,1644,"2026-04-03 13:31:20.635+00","general","https://media-staging.newsroll.app/stories/4737712957-899a989549e5a6ea7526c6eb84965792f7251e2c60f84db1a1c95b7d8e20c6e7.webp",120070
1328020443,1643,"2026-04-03 13:31:03.194+00","general","https://media-staging.newsroll.app/stories/1328020443-4fc2a8e6497dfbd33b0118dfb728dc93e837ef5db5d70964d3e8272b89266528.webp",120070
1137626548,1642,"2026-04-03 13:30:54.859+00","general","https://media-staging.newsroll.app/stories/1137626548-58167f9ceec7ae44f8dd8c3b15caa83ac6ff817afd6e441124bf61c5ab431597.webp",120070
5147779712,1641,"2026-04-03 13:30:34.793+00","general","https://media-staging.newsroll.app/stories/5147779712-f0a7c366c18fe0215f553fc7680d257e3cf16b17fe858e7fc32284cf84f5272c.webp",120070
2280082399,1640,"2026-04-03 13:30:28.387+00","general","https://media-staging.newsroll.app/stories/2280082399-d0f80a25ddfbc4fe0e35b567811587c35c446819d4135ddee682c12c30746f78.webp",120070
1952240455,1639,"2026-04-03 13:30:08.992+00","general","https://media-staging.newsroll.app/stories/1952240455-ff71437a902277fae0d3d3a5688df74d77aba5f03d2bce6ec7ecba0e1ce6cb1d.webp",120070
3414215851,1638,"2026-04-03 13:29:52.801+00","general","https://media-staging.newsroll.app/stories/3414215851-996fbd855499269b573d77ddc572dc2ed46d3c8e3f1457d971b8c405db1cbf6c.webp",120070
1808195342,1637,"2026-04-03 13:29:44.047+00","general","https://media-staging.newsroll.app/stories/1808195342-f80093175bc0472cf890d199f92d77ffe6d7a61bfe840e5fb837edc1ede45942.webp",120070
3053322522,1636,"2026-04-03 13:29:17.778+00","general","https://media-staging.newsroll.app/stories/3053322522-9370008660a533aa490364eec26b10e2a3dccb1b216af2e2df991ad41ee34d9a.webp",120070
2788368772,1635,"2026-04-03 13:28:54.796+00","general","https://media-staging.newsroll.app/stories/2788368772-d2fe46177564880af37d8d2fb5d5f1478d99b262157a41594f07d3dec0dab9f9.webp",120070
4917557982,1634,"2026-04-03 13:26:28.04+00","general","https://media-staging.newsroll.app/stories/4917557982-99edb3f192f4315f4e3c9ab6961a78f88f03c59147cbb4375751724f53aa6af6.webp",120070
1122083517,1633,"2026-04-03 13:26:20.027+00","general","https://media-staging.newsroll.app/stories/1122083517-07e6546453aba18b40f6e82ac74ea54f1f36023bdb6d757bad46a1101a120950.webp",120070
1018470410,1632,"2026-04-03 13:23:38.919+00","general","https://media-staging.newsroll.app/stories/1018470410-fe84f809f8ce31904951a6842086f20274a0434ef97b97508ee9ab5660f8159f.webp",120070
3581160579,1631,"2026-04-03 13:21:36.502+00","general","https://media-staging.newsroll.app/stories/3581160579-6285d31d93462151623b5a1cd9687ed733c1acf104cf496fc696d0f0d24b93fa.webp",120070
3699940987,1630,"2026-04-03 13:18:21.487+00","general","https://media-staging.newsroll.app/stories/3699940987-3e5c96b9aa4bf27c19e24cd00e7b793e05aa0da2d0343b99ac06f0f55dd59b67.webp",120070
4011620652,1629,"2026-04-03 13:10:52.98+00","general","https://media-staging.newsroll.app/stories/4011620652-71fed83be3264e586c75cc5f20e89026e9cf5ef2468a45d390f0ef216295656e.webp",120070
1138718360,1628,"2026-04-03 13:06:25.33+00","general","https://media-staging.newsroll.app/stories/1138718360-faf2f16995fe72a3dbd0c47199dab262f8af21276470864acb19b9d28f2b7230.webp",120070
4410297980,1627,"2026-04-03 12:40:57.411+00","general","https://media-staging.newsroll.app/stories/4410297980-10b0d1e993569e77c4ec78055de92fb17ffc3adc2e92eca5fabcb0b382346d87.webp",120070
2845476318,1626,"2026-04-03 12:36:05.14+00","general","https://media-staging.newsroll.app/stories/2845476318-16dc74aed964d12c147a13f4f0efaa25f7cd3007c3d3f095fdc439b5f7088e3a.webp",120070
3729720599,1623,"2026-04-03 12:06:00.4+00","general","https://media-staging.newsroll.app/stories/3729720599-4572680358bf8c7c46b052f31c2bb7e86ab903888771548c9e40822063a173b9.webp",120070
4250794373,1622,"2026-04-03 12:01:03.405+00","general","https://media-staging.newsroll.app/stories/4250794373-1c15aefb7a885193d72f2aeef047135151be23170a9789f510fe54818f53d122.webp",120070
4740419232,1621,"2026-04-03 11:56:09.67+00","general","https://media-staging.newsroll.app/stories/4740419232-531d8e310c11ef5f5ac2084a2694890e2dbcd185ca3bd48ce223aeb4a33c0b8a.webp",120070
5268471061,1620,"2026-04-03 11:41:00.124+00","tech","https://media-staging.newsroll.app/stories/5268471061-3445ef802c9d993632583ddd2153369bbb810a7aca32c5547cb867ea518bd69f.webp",120070
3507582269,1619,"2026-04-03 11:26:02.002+00","general","https://media-staging.newsroll.app/stories/3507582269-6003c11b91ca8e5078a263bfc9fe4028ee2d6f186934229cbd3f0c0fb4d158bb.webp",120070
4852118060,1618,"2026-04-03 11:21:08.821+00","general","https://media-staging.newsroll.app/stories/4852118060-8ec1f1b233580912be89f5741898dd983e75e4c7be6572578ee4310c7fe61fcb.webp",120070
2646887121,1617,"2026-04-03 10:50:58.598+00","general","https://media-staging.newsroll.app/stories/2646887121-d7855913ba91e045d66310c061868181e4197acffcf1640f7fa1fa62cd01d030.webp",120070
2984228752,1616,"2026-04-03 10:45:58.475+00","general","https://media-staging.newsroll.app/stories/2984228752-07f6bbe671bab444a806434e45c9d9b3532614e2f24caca75e1b5d62574b05fd.webp",120070
5057644212,1615,"2026-04-03 10:35:59.671+00","tech","https://media-staging.newsroll.app/stories/5057644212-ef99a87df045ecbf9e6bf36bf07de603c7dc79ab53dd17488ae96e0569ea73f1.webp",120070
5247357994,1614,"2026-04-03 10:15:57.644+00","general","https://media-staging.newsroll.app/stories/5247357994-9850c1bf04285d709fd92d5832ca0a5b61de55a765da44d32710a5127428c7cd.webp",120070
2675430502,1613,"2026-04-03 10:11:08.147+00","general","https://media-staging.newsroll.app/stories/2675430502-cbe65b6863bfe8fd877341d05a90b4dbbbe395234ca9fd33e71dfdddeb0bcef5.webp",120070
4363175723,1612,"2026-04-03 09:45:59.012+00","general","https://media-staging.newsroll.app/stories/4363175723-e4fc84bb73ad79705ced1bf9351b6686e76e03d02dd722c08db7eaa1b2627ae9.webp",120070
4554857458,1611,"2026-04-03 09:41:00.674+00","general","https://media-staging.newsroll.app/stories/4554857458-7021b99e9ca2398ee1ec78fb4b0e8a3a42ce507425569dd1a083aebe94f24ece.webp",120070
4463717116,1610,"2026-04-03 09:36:06.313+00","general","https://media-staging.newsroll.app/stories/4463717116-8ff8fd86c2a22d746b1ced4c82ecb61d75c21790b03b76bdadc510b7643f0f66.webp",120070
1773089574,1609,"2026-04-03 09:10:59.213+00","general","https://media-staging.newsroll.app/stories/1773089574-848d06981f9a69c69c6038925bf509a6659d779e580283b9c8823f1beae0b1d1.webp",120070
4680856725,1608,"2026-04-03 09:05:58.965+00","general","https://media-staging.newsroll.app/stories/4680856725-09673bb102632e5cd8607a0cb4ea5106bbbefb079eecb3a08e0b8318df37a0b4.webp",120070
4553205261,1607,"2026-04-03 09:01:20.043+00","general","https://media-staging.newsroll.app/stories/4553205261-4898f683d55ce1241f130ebc25a7b6947af4945785f02a34cfb6548293834d5b.webp",120070
3276265248,1606,"2026-04-03 08:30:58.602+00","general","https://media-staging.newsroll.app/stories/3276265248-7c62627629ddc4a35475f561a999e64fa68b4788172437c95ba68aebedd0472c.webp",120070
5084921152,1605,"2026-04-03 08:26:11.893+00","general","https://media-staging.newsroll.app/stories/5084921152-dd453af715502dea5103b2ac3d3f35f46d5686a4c8c7cce48f98f22ee30da133.webp",120070
2181824752,1604,"2026-04-03 08:00:59.563+00","general","https://media-staging.newsroll.app/stories/2181824752-dea8433334178d8987c3cdeba6011a5d12bfb7e8723e9a4a3eda1f68c693e29b.webp",120070
5180982416,1603,"2026-04-03 07:55:57.301+00","general","https://media-staging.newsroll.app/stories/5180982416-b51855efa582f89ba40a3d2396fa24318102b8325033ab8c8423fae9ff22bb96.webp",120070
4977063642,1602,"2026-04-03 07:51:08.701+00","general","https://media-staging.newsroll.app/stories/4977063642-4fd8cf9c9afae286d917c3190c1b0edca3ec8e4be56ae5f1cdf9f058d3c40280.webp",120070
5006317019,1601,"2026-04-03 07:25:58.636+00","general","https://media-staging.newsroll.app/stories/5006317019-bc8237cdf90a94e09b2f4084c0d050c1e4bf4747e2e959586d24730394cb4b64.webp",120070
4004179404,1600,"2026-04-03 07:20:58.582+00","general","https://media-staging.newsroll.app/stories/4004179404-9132042b6e79e710b50fa3344e911a49451e708370d1ca8ce8eb813fc8e033b2.webp",120070
2563893253,1599,"2026-04-03 07:11:12.793+00","general","https://media-staging.newsroll.app/stories/2563893253-a92296aebbd88eecee26d120d10d378cac0e288de6ee98635efce3946149751e.webp",120070
4775425578,1598,"2026-04-03 06:36:13.765+00","general","https://media-staging.newsroll.app/stories/4775425578-1a36876a384c0ed6e5f51356723d24de02c82abf78f22780d211fa02247caadf.webp",120070
4142833608,1597,"2026-04-03 06:05:57.41+00","general","https://media-staging.newsroll.app/stories/4142833608-d2cb1f5b070667ab5f8e953069b0cc4c229fee19248fe760150a42dd9b3d64c4.webp",120070
2637952799,1596,"2026-04-03 06:01:14.173+00","general","https://media-staging.newsroll.app/stories/2637952799-f6e717c8ffe271cacc4b7337e647731d505f57a821e846d568efe2134884afcd.webp",120070
2415054518,1595,"2026-04-03 05:46:03.923+00","tech","https://media-staging.newsroll.app/stories/2415054518-cff03eea3dc7253b30ced942f9169667865a81d706099952a1e0f1d3bfb5d6ab.webp",120070
3794042694,1594,"2026-04-03 05:41:30.812+00","general","https://media-staging.newsroll.app/stories/3794042694-7c42e797088d74ad4f3087d0850623a70423f00190c518baf692634ecba68719.webp",120070
3737398314,1593,"2026-04-03 05:36:00.021+00","general","https://media-staging.newsroll.app/stories/3737398314-cb48341578010660bbcbf6fc26d49bb29559888eb7449f73527bd458143fdf7a.webp",120070
2694054673,1592,"2026-04-03 05:31:37.156+00","general","https://media-staging.newsroll.app/stories/2694054673-1b65753cc06491adbace159e340926ee4cffdc8e5b821d927fc9d48264a10504.webp",120070
2420043534,1591,"2026-04-03 05:25:55.673+00","tech","https://media-staging.newsroll.app/stories/2420043534-7f88f6ecd1bbe0cad9dc312ab8871cdcf993a148752211e36740539c8871accf.webp",120070
4641909351,1590,"2026-04-03 05:21:08.719+00","general","https://media-staging.newsroll.app/stories/4641909351-9f391b9758a48b179041bb6762bad488a1ffa23940942be8f195ef0297153565.webp",120070
2099530944,1589,"2026-04-03 05:16:02.233+00","tech","https://media-staging.newsroll.app/stories/2099530944-18f9976d4b0f520e66bf67644d6cdfaa1fc34015af0eb34dce3770027cb49073.webp",120070
4943299495,1588,"2026-04-03 05:11:03.125+00","tech","https://media-staging.newsroll.app/stories/4943299495-378b34733757a3492049bca1bf52060debaad41b9127f2b03d024706dfece5ee.webp",120070
4833954429,1587,"2026-04-03 05:06:05.084+00","tech","https://media-staging.newsroll.app/stories/4833954429-ddb4874e2ddb2ea68316d3a96960535faa62d463e7f05776d64458fce8377111.webp",120070
4580543744,1586,"2026-04-03 05:01:47.609+00","tech","https://media-staging.newsroll.app/stories/4580543744-34152c9ebe986cbcb0cd7f7a11fe5b0ab48fd7a95d451c80b8f7ffc8c22941fe.webp",120070
1201453068,1585,"2026-04-03 04:56:23.217+00","general","https://media-staging.newsroll.app/stories/1201453068-a09e4f7d4c1827a0261d9fd41118013feef536d96ab0b087f04b7d8416a86830.webp",120070
2921179160,1584,"2026-04-03 04:51:05.386+00","tech","https://media-staging.newsroll.app/stories/2921179160-35ac4a8ceea38a389735b18a02fad56ba97ef2d36101bea2bdbbe87d18f7b20e.webp",120070
3725463471,1583,"2026-04-03 04:46:05.452+00","general","https://media-staging.newsroll.app/stories/3725463471-14c41978d68cc9944c32650b6653297debb5cb4bef270eb1200e0605b8459c8c.webp",120070
4155345216,1582,"2026-04-03 04:41:00.052+00","tech","https://media-staging.newsroll.app/stories/4155345216-441ba930024a97465022801d29ecd00d64798b24e24b115b2484a982544600d2.webp",120070
2714242343,1581,"2026-04-03 04:35:56.015+00","tech","https://media-staging.newsroll.app/stories/2714242343-00a8a4dbcc8240292a31102cd9238468fce92290d39b38e968e1f4d05536298e.webp",120070
5157221634,1580,"2026-04-03 04:31:20.048+00","tech","https://media-staging.newsroll.app/stories/5157221634-0cde41e607f3370d1cf792f53158b1cc5eadd91e2778b9b888a0cd6eb83ccc5a.webp",120070
3086950054,1579,"2026-04-03 04:26:22.293+00","general","https://media-staging.newsroll.app/stories/3086950054-6cb2436e56e775d573b29c4687a17c6494cae8794aaaea2e5066baf998220705.webp",120070
4468317741,1578,"2026-04-03 04:21:23.995+00","general","https://media-staging.newsroll.app/stories/4468317741-6e0c450e713673851091e7bdca4d1b58173455569126f65005ae6f75237f1d92.webp",120070
2361957787,1577,"2026-04-03 04:15:42.589+00","general","https://media-staging.newsroll.app/stories/2361957787-8837595d148eafaab268a56dae718c4d284fb72439d723c45ce3696ba28ccb26.webp",120070
1220660212,1576,"2026-04-03 04:11:02.291+00","tech","https://media-staging.newsroll.app/stories/1220660212-b38fec62406a98083fe185df9800a7c314174429788c46ab746aa695780da208.webp",120070
3088630638,1575,"2026-04-03 04:05:50.24+00","general","https://media-staging.newsroll.app/stories/3088630638-7db34ef84a772b675456b9983ac98f1cd9c97332e5911e556b4915ccd18d6dec.webp",120070
1832447378,1574,"2026-04-03 04:00:50.665+00","tech","https://media-staging.newsroll.app/stories/1832447378-6466094ef74d48a7b016a176f54414b57f6d4b4b2db13376033aed8608d7b7b5.webp",120070
1870704572,1573,"2026-04-03 03:56:30.827+00","tech","https://media-staging.newsroll.app/stories/1870704572-fd83e9e1b4ec6d72f708552b404b8e64e1bc238be61faed41e3fb0380936559a.webp",120070
1591090468,1572,"2026-04-03 03:50:38.502+00","general","https://media-staging.newsroll.app/stories/1591090468-d25c0f014f525c26a836d72803c10d1bb4285b9a4120965b3d22278a5c8f7d2f.webp",120070
2989908397,1571,"2026-04-03 03:45:49.566+00","tech","https://media-staging.newsroll.app/stories/2989908397-dfd1b3db8886fad4b1251255416b49f7412f9913571b21b06ff44ab08a290cb4.webp",120070
2035571478,1570,"2026-04-03 03:41:12.354+00","general","https://media-staging.newsroll.app/stories/2035571478-cbcaa386e36ff2f1ee6b69651dd5c0deb0e460cff758296f622a3b605773e9a0.webp",120070
3245774299,1569,"2026-04-03 03:35:59.662+00","tech","https://media-staging.newsroll.app/stories/3245774299-c8a3576c8a594070f517dd6f649d81ddbdccf16e8fbe632268640e412c6342e3.webp",120070
5109237449,1568,"2026-04-03 03:30:47.726+00","general","https://media-staging.newsroll.app/stories/5109237449-6063d08fd96f6c9a84a6de45313d7efb59f3647946e3b1ab91c2e9aace802aca.webp",120070
4340731308,1567,"2026-04-03 03:25:45.104+00","general","https://media-staging.newsroll.app/stories/4340731308-d0dffca4fec4da0334ac9267986b7cc0241b0f98bc6cfe003c2c56784d7daa44.webp",120070
2414778744,1566,"2026-04-03 03:21:26.491+00","general","https://media-staging.newsroll.app/stories/2414778744-fa2520391d98d07ff124b666dd45b9154b860bc1d40b4ae3aa1aa95721ed76f9.webp",120070
4547659352,1565,"2026-04-03 03:15:36.832+00","general","https://media-staging.newsroll.app/stories/4547659352-1b9e3a0b997c4c2203ba050b30fae745be4043a1b00fe41799a2314c836b7f17.webp",120070
4196940808,1564,"2026-04-03 03:11:36.069+00","tech","https://media-staging.newsroll.app/stories/4196940808-e1b0315f0dac54a3ccf8600540ec6cc21e7c90bdcdcdd7855cda00984597f75d.webp",120070
2127660177,1563,"2026-04-03 03:06:12.331+00","general","https://media-staging.newsroll.app/stories/2127660177-d0c84fb35b4819ed520e7f08bb17b3904c90e22ccc68af7bea2396aa5ed997fb.webp",120070
4465886021,1562,"2026-04-03 03:00:59.471+00","tech","https://media-staging.newsroll.app/stories/4465886021-ef798180328bc087281f32f2bc1e3525c9c1e31c93e1593499756782596a4038.webp",120070
4411959426,1561,"2026-04-03 02:55:36.618+00","general","https://media-staging.newsroll.app/stories/4411959426-cc0885f508e8fe2bdf901b0fd188419c96a55fa94eba195190cbe65505b03d09.webp",120070
5163355205,1560,"2026-04-03 02:50:47.554+00","tech","https://media-staging.newsroll.app/stories/5163355205-c2484d0d89bdfa7a1f00df73b067f4435ffd6ceb8aef59c9d28cc9238a013ca3.webp",120070
4512952591,1559,"2026-04-03 02:46:28.211+00","tech","https://media-staging.newsroll.app/stories/4512952591-a8f8939453f94a71e20e2a5d708d2004da5aa37f9c2ec45d8c86c427b7f0087d.webp",120070
1337931174,1558,"2026-04-03 02:40:38.069+00","general","https://media-staging.newsroll.app/stories/1337931174-2702465763773844da8e3d7f5c8d0ff3e15a6f98735efcb039e36c241ba69ef4.webp",120070
4896420910,1557,"2026-04-03 02:36:34.515+00","tech","https://media-staging.newsroll.app/stories/4896420910-011ec3c5794e1666b8bf05dcbf9f2370ed5ff1f3399001fec80e65b24d9fa4e1.webp",120070
1918784390,1556,"2026-04-03 02:31:12.349+00","general","https://media-staging.newsroll.app/stories/1918784390-7cc89a6caabbf9c733ab5176736632b2b4fd9c0202d8609e23e92cdf9bd8f0a1.webp",120070
1137457895,1555,"2026-04-03 02:25:56.9+00","tech","https://media-staging.newsroll.app/stories/1137457895-52bbceddee29bed11a118410bc0480d9233b2abf18639d9c149625abe4b5669e.webp",120070
2753092768,1554,"2026-04-03 02:20:46.183+00","general","https://media-staging.newsroll.app/stories/2753092768-261e69d55cb8a6d02a6727f10e5afbd03fa9f49a0857fca9eb707858fd4db3c2.webp",120070
3370468731,1553,"2026-04-03 02:16:22.428+00","general","https://media-staging.newsroll.app/stories/3370468731-8fde217cd3f0f24fe3221e1835ca85365c48432fb0ab90565a0d79b27bad399a.webp",120070
2394685285,1552,"2026-04-03 02:10:41.676+00","general","https://media-staging.newsroll.app/stories/2394685285-9c4015932d2ba640089f37a074fca94f20d34466bcf8ca42f59235691b57fc38.webp",120070
5029755675,1551,"2026-04-03 02:05:37.547+00","general","https://media-staging.newsroll.app/stories/5029755675-c71e0933b439edb938307721bc72c129793f6e9dcf2ec154bdb57c12cd8cbf6d.webp",120070
1866960733,1550,"2026-04-03 02:01:36.663+00","tech","https://media-staging.newsroll.app/stories/1866960733-0b4cc275ad484c0dfdc3320d88a7e64f096097e2c7f54d5b89bb8c3881bb9cfb.webp",120070
4268787979,1549,"2026-04-03 01:55:54.593+00","general","https://media-staging.newsroll.app/stories/4268787979-ccfd18ad75a01159ffc49cfaf579265b7f1a2ed1bd808cf812570898a70f39f7.webp",120070
2124704060,1548,"2026-04-03 01:50:56.739+00","tech","https://media-staging.newsroll.app/stories/2124704060-5a1cfc6d0476edcd182c9b8e2839d2d051269e6c975a0ec7b737a377c5fcb65f.webp",120070
2563388351,1547,"2026-04-03 01:45:47.686+00","tech","https://media-staging.newsroll.app/stories/2563388351-0778d0200e83b49a08d201eac3da9b1b919a366c3cfebb73c0979f68ddf40224.webp",120070
1705042537,1546,"2026-04-03 01:41:23.328+00","tech","https://media-staging.newsroll.app/stories/1705042537-56e52133a6dece0ae49755a2f76d1277622c45d597ae39592bf4c021987bb5c5.webp",120070
1481345835,1545,"2026-04-03 01:35:43.376+00","general","https://media-staging.newsroll.app/stories/1481345835-4d39d4640d88ed21e7b57025f2a65d5d6a5e6577d6027e51bd12f706c8da05da.webp",120070
4622655944,1544,"2026-04-03 01:30:46.34+00","general","https://media-staging.newsroll.app/stories/4622655944-c38f820106ab5a70bb5e77282c2aad91702a54c6c370940412f6370daf8fbaec.webp",120070
3379270184,1543,"2026-04-03 01:26:31.924+00","tech","https://media-staging.newsroll.app/stories/3379270184-440c45d9d14b7cfb6a78931f9a17bedb973687e64706f63ab1dee3a030dcdf7e.webp",120070
5231990625,1542,"2026-04-03 01:21:09.17+00","general","https://media-staging.newsroll.app/stories/5231990625-19c61f442117853fcd920a0a969fb5f3766ec9b8a0b3e0d4c8fb53db2ec6e72e.webp",120070
4150179365,1541,"2026-04-03 01:15:56.323+00","tech","https://media-staging.newsroll.app/stories/4150179365-a2b3f63933f68612aede7786d911f33eb8d71ea23e03ef5d2cd1e45d5fea2799.webp",120070
1412158554,1540,"2026-04-03 01:11:20.892+00","general","https://media-staging.newsroll.app/stories/1412158554-109054290777a6a24b98c5be84f5e37da6fd7b599bb0b7fe8e17f14a3c0858f2.webp",120070
4060812199,1539,"2026-04-03 01:05:41.702+00","general","https://media-staging.newsroll.app/stories/4060812199-1e75c9a37928b54685faad891d3877c3140c3eeaa4e30155d032f86f924f4fbe.webp",120070
2884448238,1538,"2026-04-03 01:00:43.926+00","general","https://media-staging.newsroll.app/stories/2884448238-96e262d10dc30b9b4a46861b96e31ec1b7dffe4fa5311a3f7fd9a911c5029c1c.webp",120070
4015304389,1537,"2026-04-03 00:55:36.886+00","general","https://media-staging.newsroll.app/stories/4015304389-908cd73ddb6053bf830ce758632e7ecb0a91ce2175a4bb45fb0f9d467e91c55c.webp",120070
4625966091,1526,"2026-04-02 23:55:37.814+00","general","https://media-staging.newsroll.app/stories/4625966091-658a5752492f52a930e38faee8d5d1f50961e9220af5c642694a144c3d480bd2.webp",120070
2533906156,1525,"2026-04-02 23:50:37.284+00","general","https://media-staging.newsroll.app/stories/2533906156-3825c6155d20460493be8c4398397517b30553f7629b2f3a8191f142fcb05d45.webp",120070
3922323752,1524,"2026-04-02 23:45:36.905+00","general","https://media-staging.newsroll.app/stories/3922323752-6ca451bb257ca6b3c238fbf8f79394550dd56d099a5e0b35b377e65575d57f1a.webp",120070
1462106407,1523,"2026-04-02 23:41:29.352+00","general","https://media-staging.newsroll.app/stories/1462106407-52f7ef407f3adedf3fb6a2e86988ba56312b56e0b40ba1db253d612349e595e2.webp",120070
4182992821,1522,"2026-04-02 23:36:05.52+00","general","https://media-staging.newsroll.app/stories/4182992821-45af7f8a1d46325e7fde3450820ec7e92db808c0a99c62763687283cff35ef2a.webp",120070
1403756407,1521,"2026-04-02 23:30:47.404+00","tech","https://media-staging.newsroll.app/stories/1403756407-b412f9a856bac966ca9ca9f825cb7dc2a9fe0cf0cf332c0de9b615812b145639.webp",120070
1583204747,1520,"2026-04-02 23:25:49.463+00","tech","https://media-staging.newsroll.app/stories/1583204747-349a74aaf2386f8f7e18b2f504c2ea212786d880fb38e30b1572297bbaa2481b.webp",120070
2908195571,1519,"2026-04-02 23:20:41.353+00","general","https://media-staging.newsroll.app/stories/2908195571-9420fdd7db6df15fd530ec8978bace757dc7e972e8f4fdbabe1ed0bb21c02714.webp",120070
1342937588,1518,"2026-04-02 23:15:37.125+00","general","https://media-staging.newsroll.app/stories/1342937588-5be198198881f54587a225bcfbcbc4a1bdd926915df43861f00cb837d769c338.webp",120070
2732581478,1517,"2026-04-02 23:10:36.832+00","general","https://media-staging.newsroll.app/stories/2732581478-4b9e43dd0125d95589a7abe0dc294f5a4f0a73e595aad6d3fd8a19b0833b65a4.webp",120070
1626638513,1516,"2026-04-02 23:06:25.507+00","general","https://media-staging.newsroll.app/stories/1626638513-64a00e232d23675319ba4a52e0a2817a0ba906213edb5bed598cef46a65cdb9c.webp",120070
2204733464,1515,"2026-04-02 23:00:53.66+00","general","https://media-staging.newsroll.app/stories/2204733464-9e9439f0a28f9eae71e3d0b31ac829161e1493eee0e729f58292fff2b8b90d74.webp",120070
4202200815,1514,"2026-04-02 22:55:37.892+00","general","https://media-staging.newsroll.app/stories/4202200815-de884799da518187bed234b832c674ce2508b4fc39e31455ddb53d7a4481786b.webp",120070
3037839510,1513,"2026-04-02 22:50:37.963+00","general","https://media-staging.newsroll.app/stories/3037839510-3f975126b2776fc4daccefc19e8926fc841ab544eacf9fa0f831826fb4ffb557.webp",120070
5275115259,1512,"2026-04-02 22:45:40.871+00","general","https://media-staging.newsroll.app/stories/5275115259-49901089987e6254e0a97f02b93dd2a0cfa22d4de1ec2c7e72b0331883d0b318.webp",120070
2716967093,1511,"2026-04-02 22:40:36.909+00","general","https://media-staging.newsroll.app/stories/2716967093-4a4681f8ac1a3dc597f2237e30ee03b3e7fabd2f711e26cd18d49928ec141620.webp",120070
1329376239,1510,"2026-04-02 22:35:37.484+00","general","https://media-staging.newsroll.app/stories/1329376239-d836f73f59654779519e5a81ea71d9e4b2166f27c636fd27f13b29b0c43c6fab.webp",120070
4546781027,1509,"2026-04-02 22:31:24.628+00","general","https://media-staging.newsroll.app/stories/4546781027-7f6968366c7734cb4a9cd70d54978c443f8e0994ebbe6a99530debe07a64e0c2.webp",120070
2326439901,1508,"2026-04-02 22:26:01.308+00","general","https://media-staging.newsroll.app/stories/2326439901-dfe1ee5f6d5388e2f8a61a0879a3d3d9ff270936a6df0f9239b234a0380a3217.webp",120070
3254985729,1507,"2026-04-02 22:20:47.434+00","tech","https://media-staging.newsroll.app/stories/3254985729-b1deceb68b01d0b204650159c25bc687abcb63a1659a1e8803fdc8b20c58b86e.webp",120070
3287989759,1506,"2026-04-02 22:15:39.329+00","tech","https://media-staging.newsroll.app/stories/3287989759-2c112428c659f0307aa25d454b97cd24532d0ca6963ba83d7b327ded31afd44c.webp",120070
1887758351,1505,"2026-04-02 22:10:36.566+00","general","https://media-staging.newsroll.app/stories/1887758351-ccb36ba752f5da5173b1318d513f09b939d90edf48f30704d8e41a5f847da51b.webp",120070
1097664318,1504,"2026-04-02 22:05:36.909+00","general","https://media-staging.newsroll.app/stories/1097664318-f8ff0194108e118d9e486e2c63900dd563f3973dae78461b1cac91b06ba802aa.webp",120070
3879844145,1503,"2026-04-02 22:00:41.525+00","general","https://media-staging.newsroll.app/stories/3879844145-1e643c7ade6c57c36ef1aaff8d1da86fc741a2c22016eea233d94f44b5cd0acb.webp",120070
4579128521,1502,"2026-04-02 21:56:23.411+00","general","https://media-staging.newsroll.app/stories/4579128521-aeb24b649a7902c1f9b1bed21d1304ad8646e064c4ee59af19f0babba1a16987.webp",120070
4209163419,1501,"2026-04-02 21:51:03.939+00","general","https://media-staging.newsroll.app/stories/4209163419-60e0e2a08db1dfc530be9d09cf9bd784b46cfc1fa3674898581e1d4af25d6f3c.webp",120070
2572773676,1500,"2026-04-02 21:45:46.907+00","general","https://media-staging.newsroll.app/stories/2572773676-08e88cb91eb0ef82a0860af980d54436279b94ce53f9c27a8f7e409fa76bf821.webp",120070
4294809644,1499,"2026-04-02 21:41:15.275+00","general","https://media-staging.newsroll.app/stories/4294809644-47bc02e29a8c758dc62ee4be5a55aba6b08c0fd844b56e453243b5b8f49629e6.webp",120070
2167283234,1498,"2026-04-02 21:36:50.353+00","general","https://media-staging.newsroll.app/stories/2167283234-c228d67603a19db8c65dd12aba2c158a020cc0949f4fb10ceae64a742de42393.webp",120070
1226770923,1497,"2026-04-02 21:30:38.106+00","general","https://media-staging.newsroll.app/stories/1226770923-c509fe24d65e7d4377f7dcf1b9f8a64d7f2f38abfa471e607d4c56f89daf6855.webp",120070
5043706822,1496,"2026-04-02 21:25:37.018+00","general","https://media-staging.newsroll.app/stories/5043706822-b65332e5a716a8375b84399692aae0437f82c030af2f1b461f380c0e393be37a.webp",120070
5007874166,1495,"2026-04-02 21:21:22.533+00","general","https://media-staging.newsroll.app/stories/5007874166-b30384db3c092b92e6bd63788fac8854e8cf594ff93203c4abea3e962bc0c88b.webp",120070
4907290130,1494,"2026-04-02 21:16:01.49+00","general","https://media-staging.newsroll.app/stories/4907290130-67896fbc107b873154100d9a999f5c6b3de53a5f4e689bae6e6a135e5542ccf8.webp",120070
3756394727,1493,"2026-04-02 21:10:35.676+00","tech","https://media-staging.newsroll.app/stories/3756394727-50e6b9bdb3b45d51100006fc8ed542e1b784453e4893d50dde8cecc8dbfdac75.webp",120070
1274407435,1492,"2026-04-02 21:05:48.248+00","general","https://media-staging.newsroll.app/stories/1274407435-c3e234719d21c4bef5a1b727206a697da93823b0cbf006d58814e6c1d2aa7af3.webp",120070
4399506588,1491,"2026-04-02 21:00:41.612+00","general","https://media-staging.newsroll.app/stories/4399506588-2e5306eb997fdf9776110f28db75f1f1ca3815df90be9e7a8de32697bbbf5fcf.webp",120070
1631881267,1490,"2026-04-02 20:55:37.696+00","general","https://media-staging.newsroll.app/stories/1631881267-adf8c8e14045005ba149e335d01247cf1c7edd2e92303f07c527587fdcb3ff8e.webp",120070
1827023872,1489,"2026-04-02 20:50:37.042+00","general","https://media-staging.newsroll.app/stories/1827023872-a6dd6d211a7ed558703f0ec75a61866ece6d9ab4f41b788f4552420dfcc067a5.webp",120070
4471825959,1488,"2026-04-02 20:46:20.765+00","general","https://media-staging.newsroll.app/stories/4471825959-3a498ed0da31912595305341d7f9335aeb4ff1ffed8656533f80ec5f4473f36f.webp",120070
2550357045,1487,"2026-04-02 20:40:57.503+00","general","https://media-staging.newsroll.app/stories/2550357045-bfa1f1248efe62808fd8fa914d574a2742bb2215a98a3eb1dda79f10f10cc677.webp",120070
5163526253,1486,"2026-04-02 20:36:07.067+00","general","https://media-staging.newsroll.app/stories/5163526253-6d26022ea76ad81e92182b0428b67b1e4c4dffd45595ce121049977683f79094.webp",120070
2746962833,1485,"2026-04-02 20:30:49.549+00","general","https://media-staging.newsroll.app/stories/2746962833-c5bf9e91e4b1830447e161d5ba5a52b23dcd68085cc67b5e619e3c5e995a31fd.webp",120070
1481460832,1484,"2026-04-02 20:25:35.789+00","general","https://media-staging.newsroll.app/stories/1481460832-2e5306eb997fdf9776110f28db75f1f1ca3815df90be9e7a8de32697bbbf5fcf.webp",120070
2353796566,1483,"2026-04-02 20:20:36.585+00","general","https://media-staging.newsroll.app/stories/2353796566-0ed1429b02c6c0eb0d81145b37ef1de3276eddbd568cd062cc89f91621c0d6a3.webp",120070
2320697560,1482,"2026-04-02 20:15:37.262+00","general","https://media-staging.newsroll.app/stories/2320697560-898cf2783d08f1403bb09d07ecdac4211b1669cd9c43e24a397db2d61bedd6ae.webp",120070
4307957027,1481,"2026-04-02 20:11:19.475+00","general","https://media-staging.newsroll.app/stories/4307957027-adc3a0283b625b52272b782a01e727458b386b740b45829ddcab82e72781fa94.webp",120070
