storyId,publishSequence,publishedAt,sourceEndpoint,mediaUrl,error
4686314155,1191,"2026-04-02 12:44:40.754+00","general","https://api-staging.newsroll.app/media/stories/4686314155-647b62b924289a59cab675a84038ff49878d1e1edc74c641df408a83eadb401c.webp","Error: asset 404 https://api-staging.newsroll.app/media/stories/4686314155-647b62b924289a59cab675a84038ff49878d1e1edc74c641df408a83eadb401c.webp"
3392059950,1190,"2026-04-02 12:44:40.104+00","general","https://api-staging.newsroll.app/media/stories/3392059950-69c46df5d118877cd2a51c7fe5c8bb94714b1b922190ecdf7e43d40eb87eaa0b.webp","Error: asset 404 https://api-staging.newsroll.app/media/stories/3392059950-69c46df5d118877cd2a51c7fe5c8bb94714b1b922190ecdf7e43d40eb87eaa0b.webp"
3075017222,1189,"2026-04-02 12:44:40.459+00","general","https://api-staging.newsroll.app/media/stories/3075017222-c25a5c6cc098cee1362872eb69a4d6bfc7ac6db8e982b46f35c244fc9fe1a147.webp","Error: asset 404 https://api-staging.newsroll.app/media/stories/3075017222-c25a5c6cc098cee1362872eb69a4d6bfc7ac6db8e982b46f35c244fc9fe1a147.webp"
3317339768,1188,"2026-04-02 12:44:35.157+00","general","https://api-staging.newsroll.app/media/stories/3317339768-b364a618bdcbb15578eff85ac616d8b2b4ea966beaab8048432437e34d640b85.webp","Error: asset 404 https://api-staging.newsroll.app/media/stories/3317339768-b364a618bdcbb15578eff85ac616d8b2b4ea966beaab8048432437e34d640b85.webp"
3408748920,1187,"2026-04-02 12:44:34.777+00","general","https://api-staging.newsroll.app/media/stories/3408748920-92b10b6e6a6771957de845789e7ec5ca64cda1916eb7cdc1c815592b7c3005a5.webp","Error: asset 404 https://api-staging.newsroll.app/media/stories/3408748920-92b10b6e6a6771957de845789e7ec5ca64cda1916eb7cdc1c815592b7c3005a5.webp"
4856737335,1186,"2026-04-02 12:44:35.262+00","general","https://api-staging.newsroll.app/media/stories/4856737335-c608e6427e73d8aad9cf06d4b550e0aa66f004b121621f3940643b68185a2be7.webp","Error: asset 404 https://api-staging.newsroll.app/media/stories/4856737335-c608e6427e73d8aad9cf06d4b550e0aa66f004b121621f3940643b68185a2be7.webp"
2529292442,1185,"2026-04-02 12:44:29.764+00","general","https://api-staging.newsroll.app/media/stories/2529292442-e7148f63a0facefffc2e75a4a61dc86a574fdcd0450a0dbf16e2455ba2b542dd.webp","Error: asset 404 https://api-staging.newsroll.app/media/stories/2529292442-e7148f63a0facefffc2e75a4a61dc86a574fdcd0450a0dbf16e2455ba2b542dd.webp"
3623590174,1184,"2026-04-02 12:44:29.518+00","general","https://api-staging.newsroll.app/media/stories/3623590174-5a4fc78111ce41af5f28ba32f09d2c2eefe8d92fe37dfa2e7053f25113412c7c.webp","Error: asset 404 https://api-staging.newsroll.app/media/stories/3623590174-5a4fc78111ce41af5f28ba32f09d2c2eefe8d92fe37dfa2e7053f25113412c7c.webp"
2324785562,1183,"2026-04-02 12:44:29.788+00","general","https://api-staging.newsroll.app/media/stories/2324785562-80178446c234e7974ed8782b5cb5267ff02f96c94d3153f9f4c53c46f5d03b8c.webp","Error: asset 404 https://api-staging.newsroll.app/media/stories/2324785562-80178446c234e7974ed8782b5cb5267ff02f96c94d3153f9f4c53c46f5d03b8c.webp"
4679926804,1182,"2026-04-02 12:44:24.243+00","general","https://api-staging.newsroll.app/media/stories/4679926804-7e0bc224b1f5cbecf33174d5dd7e9522e1f030e8eab52fe70478a0fb7256f627.webp","Error: asset 404 https://api-staging.newsroll.app/media/stories/4679926804-7e0bc224b1f5cbecf33174d5dd7e9522e1f030e8eab52fe70478a0fb7256f627.webp"
1820469813,1181,"2026-04-02 12:44:18.674+00","general","https://api-staging.newsroll.app/media/stories/1820469813-c3e1f5078089083fde6b9c3da7b2390c4db714879e06a6a7a10bf90e12f8d731.webp","Error: asset 404 https://api-staging.newsroll.app/media/stories/1820469813-c3e1f5078089083fde6b9c3da7b2390c4db714879e06a6a7a10bf90e12f8d731.webp"
1900294189,1180,"2026-04-02 12:44:15.779+00","general","https://api-staging.newsroll.app/media/stories/1900294189-860249b7e860c5f67fa3f02efee96dd114cdaeed8b8e19264d63fa3f9f9f9bb9.webp","Error: asset 404 https://api-staging.newsroll.app/media/stories/1900294189-860249b7e860c5f67fa3f02efee96dd114cdaeed8b8e19264d63fa3f9f9f9bb9.webp"
3024703416,1179,"2026-04-02 12:44:06.787+00","general","https://api-staging.newsroll.app/media/stories/3024703416-cb5636b60141d0184b8948b1d76db0e34bfe19289096faf86ee1a510aefadd4f.webp","Error: asset 404 https://api-staging.newsroll.app/media/stories/3024703416-cb5636b60141d0184b8948b1d76db0e34bfe19289096faf86ee1a510aefadd4f.webp"
3081409455,1178,"2026-04-02 12:44:18.886+00","general","https://api-staging.newsroll.app/media/stories/3081409455-ec95235faa4488dfec6bac6f589a9a3f8f2c73118a3eb1b759f1b8367f413ddd.webp","Error: asset 404 https://api-staging.newsroll.app/media/stories/3081409455-ec95235faa4488dfec6bac6f589a9a3f8f2c73118a3eb1b759f1b8367f413ddd.webp"
2588322451,1177,"2026-04-02 12:44:13.238+00","general","https://api-staging.newsroll.app/media/stories/2588322451-d2ef1386ec194221b19015ac3c9250ab8d29becd4b151c9289cfa45ecaa0c871.webp","Error: asset 404 https://api-staging.newsroll.app/media/stories/2588322451-d2ef1386ec194221b19015ac3c9250ab8d29becd4b151c9289cfa45ecaa0c871.webp"
1522617313,1176,"2026-04-02 12:44:13.34+00","general","https://api-staging.newsroll.app/media/stories/1522617313-b5737a68ccb6308bb10230b837d48f09848dd05f30a9d632e50231c6ec3418fa.webp","Error: asset 404 https://api-staging.newsroll.app/media/stories/1522617313-b5737a68ccb6308bb10230b837d48f09848dd05f30a9d632e50231c6ec3418fa.webp"
2780923663,1175,"2026-04-02 12:44:12.619+00","general","https://api-staging.newsroll.app/media/stories/2780923663-6da2546f6268ee9fb0cdfebda2adac1f1f34e0d4ae421cda4dcd6da284dd193d.webp","Error: asset 404 https://api-staging.newsroll.app/media/stories/2780923663-6da2546f6268ee9fb0cdfebda2adac1f1f34e0d4ae421cda4dcd6da284dd193d.webp"
2432693497,1174,"2026-04-02 12:44:01.714+00","general","https://api-staging.newsroll.app/media/stories/2432693497-f19a760182af87041ef6ada3d05ec3850956ae9c05e0ac7394fdcd13b9ca972f.webp","Error: asset 404 https://api-staging.newsroll.app/media/stories/2432693497-f19a760182af87041ef6ada3d05ec3850956ae9c05e0ac7394fdcd13b9ca972f.webp"
4940606284,1173,"2026-04-02 12:44:08.424+00","general","https://api-staging.newsroll.app/media/stories/4940606284-f1504ba9a72f1271d5bb686f2cb6301ea1c0e1e76f109f5a8e8dd6686c2536b8.webp","Error: asset 404 https://api-staging.newsroll.app/media/stories/4940606284-f1504ba9a72f1271d5bb686f2cb6301ea1c0e1e76f109f5a8e8dd6686c2536b8.webp"
2148197274,1172,"2026-04-02 12:44:01.956+00","general","https://api-staging.newsroll.app/media/stories/2148197274-4b9ded919e594bd16334e4a4e21b245e87f709a5a18feefc4c59d1c13d623477.webp","Error: asset 404 https://api-staging.newsroll.app/media/stories/2148197274-4b9ded919e594bd16334e4a4e21b245e87f709a5a18feefc4c59d1c13d623477.webp"
3195733875,1171,"2026-04-02 12:44:02.926+00","general","https://api-staging.newsroll.app/media/stories/3195733875-d99b9ff022028a5fe4591f109174596c4c0da8a73baed8de3ae4efd64d64e701.webp","Error: asset 404 https://api-staging.newsroll.app/media/stories/3195733875-d99b9ff022028a5fe4591f109174596c4c0da8a73baed8de3ae4efd64d64e701.webp"
1834592032,1170,"2026-04-02 12:43:57.463+00","general","https://api-staging.newsroll.app/media/stories/1834592032-9f0492a886ca47b97d271bea2f41e2328c74c565c49cbd4fc0f6a04f37096326.webp","Error: asset 404 https://api-staging.newsroll.app/media/stories/1834592032-9f0492a886ca47b97d271bea2f41e2328c74c565c49cbd4fc0f6a04f37096326.webp"
3736954930,1169,"2026-04-02 12:43:56.805+00","general","https://api-staging.newsroll.app/media/stories/3736954930-32f17dbaeb2c0b0e34cc9d3cbf5c5858b3121334aea9d6b495094df3566bbbb3.webp","Error: asset 404 https://api-staging.newsroll.app/media/stories/3736954930-32f17dbaeb2c0b0e34cc9d3cbf5c5858b3121334aea9d6b495094df3566bbbb3.webp"
2572136084,1168,"2026-04-02 12:43:50.735+00","general","https://api-staging.newsroll.app/media/stories/2572136084-026ee1194cf4b68e620af436ceaac2a651682aee99011736e9d6ce9e91c47f06.webp","Error: asset 404 https://api-staging.newsroll.app/media/stories/2572136084-026ee1194cf4b68e620af436ceaac2a651682aee99011736e9d6ce9e91c47f06.webp"
4093278056,1167,"2026-04-02 12:43:51.8+00","general","https://api-staging.newsroll.app/media/stories/4093278056-2f8678b46217a094a7f2a0d218f9037cae3a69da3161316695521cae886040bb.webp","Error: asset 404 https://api-staging.newsroll.app/media/stories/4093278056-2f8678b46217a094a7f2a0d218f9037cae3a69da3161316695521cae886040bb.webp"
3325072682,1166,"2026-04-02 12:43:44.896+00","general","https://api-staging.newsroll.app/media/stories/3325072682-e495011da5dbe41d2952bb313a6867fcdc15e5b44d59b1d949663f324709db86.webp","Error: asset 404 https://api-staging.newsroll.app/media/stories/3325072682-e495011da5dbe41d2952bb313a6867fcdc15e5b44d59b1d949663f324709db86.webp"
4907485723,1165,"2026-04-02 12:43:44.128+00","general","https://api-staging.newsroll.app/media/stories/4907485723-209443f47486169a2688c94f2e3878aa51991da7fbdcd195b2493406c0dee061.webp","Error: asset 404 https://api-staging.newsroll.app/media/stories/4907485723-209443f47486169a2688c94f2e3878aa51991da7fbdcd195b2493406c0dee061.webp"
3949537008,1164,"2026-04-02 12:43:43.548+00","general","https://api-staging.newsroll.app/media/stories/3949537008-17be6084b412c3bdafa92f8a3a5137209f934323d2691b5c2648616567d6173c.webp","Error: asset 404 https://api-staging.newsroll.app/media/stories/3949537008-17be6084b412c3bdafa92f8a3a5137209f934323d2691b5c2648616567d6173c.webp"
4563230166,1163,"2026-04-02 12:43:43.608+00","general","https://api-staging.newsroll.app/media/stories/4563230166-8df7c6be7b4d5df795d8d1008e287d784ad1baedfff27abcb067668c6602a208.webp","Error: asset 404 https://api-staging.newsroll.app/media/stories/4563230166-8df7c6be7b4d5df795d8d1008e287d784ad1baedfff27abcb067668c6602a208.webp"
1744951417,1162,"2026-04-02 12:43:38.626+00","general","https://api-staging.newsroll.app/media/stories/1744951417-7f7ace218b71514ba6538d424b18489274b1c9971edf82bcd9328c7cb54de721.webp","Error: asset 404 https://api-staging.newsroll.app/media/stories/1744951417-7f7ace218b71514ba6538d424b18489274b1c9971edf82bcd9328c7cb54de721.webp"
2260703978,1161,"2026-04-02 12:43:39.197+00","general","https://api-staging.newsroll.app/media/stories/2260703978-91b61bed97cd56a2c250f6297a762aadf3a9dc218e4fa29e124cccc8ff92c1d7.webp","Error: asset 404 https://api-staging.newsroll.app/media/stories/2260703978-91b61bed97cd56a2c250f6297a762aadf3a9dc218e4fa29e124cccc8ff92c1d7.webp"
1428510988,1160,"2026-04-02 12:43:38.552+00","general","https://api-staging.newsroll.app/media/stories/1428510988-b9ae3d0a9498c1b9d439df26c98748ec8ed53bd3cc15101fd7850fe0e1df441a.webp","Error: asset 404 https://api-staging.newsroll.app/media/stories/1428510988-b9ae3d0a9498c1b9d439df26c98748ec8ed53bd3cc15101fd7850fe0e1df441a.webp"
4131244464,1159,"2026-04-02 12:43:38.538+00","general","https://api-staging.newsroll.app/media/stories/4131244464-8956f3eb1b8359fc0b839afee256451f7d2471cf29dfc25aca207d6c5587253a.webp","Error: asset 404 https://api-staging.newsroll.app/media/stories/4131244464-8956f3eb1b8359fc0b839afee256451f7d2471cf29dfc25aca207d6c5587253a.webp"
2054517079,1158,"2026-04-02 12:43:29.934+00","general","https://api-staging.newsroll.app/media/stories/2054517079-c50fd83f897733af114de04941fa641690da3bc16d09f272545b3a9b6e031fa1.webp","Error: asset 404 https://api-staging.newsroll.app/media/stories/2054517079-c50fd83f897733af114de04941fa641690da3bc16d09f272545b3a9b6e031fa1.webp"
2289838142,1157,"2026-04-02 12:43:33.844+00","general","https://api-staging.newsroll.app/media/stories/2289838142-2a581f9cc0bd3115de9d28fab400c74cf282fbe9938e2213a2c3a472a57558f8.webp","Error: asset 404 https://api-staging.newsroll.app/media/stories/2289838142-2a581f9cc0bd3115de9d28fab400c74cf282fbe9938e2213a2c3a472a57558f8.webp"
2974738613,1156,"2026-04-02 12:43:33.498+00","general","https://api-staging.newsroll.app/media/stories/2974738613-262ec890517729a1eecb1ef23cb8182c5b56abbc46d178d9316e9622b78e31f2.webp","Error: asset 404 https://api-staging.newsroll.app/media/stories/2974738613-262ec890517729a1eecb1ef23cb8182c5b56abbc46d178d9316e9622b78e31f2.webp"
3127066243,1155,"2026-04-02 12:43:28.524+00","general","https://api-staging.newsroll.app/media/stories/3127066243-ea7b90e6cdb7af14417df89124368ea0788b67f68a6ed87f97435a4b4225ad68.webp","Error: asset 404 https://api-staging.newsroll.app/media/stories/3127066243-ea7b90e6cdb7af14417df89124368ea0788b67f68a6ed87f97435a4b4225ad68.webp"
1814444487,1154,"2026-04-02 12:43:27.19+00","general","https://api-staging.newsroll.app/media/stories/1814444487-d608d0ece60e45c8346d62a4b910e290aa8830810715d7ee659ff42e7e600789.webp","Error: asset 404 https://api-staging.newsroll.app/media/stories/1814444487-d608d0ece60e45c8346d62a4b910e290aa8830810715d7ee659ff42e7e600789.webp"
3421539397,1153,"2026-04-02 12:43:17.588+00","general","https://api-staging.newsroll.app/media/stories/3421539397-c608e6427e73d8aad9cf06d4b550e0aa66f004b121621f3940643b68185a2be7.webp","Error: asset 404 https://api-staging.newsroll.app/media/stories/3421539397-c608e6427e73d8aad9cf06d4b550e0aa66f004b121621f3940643b68185a2be7.webp"
1292676954,1152,"2026-04-02 12:43:16.426+00","general","https://api-staging.newsroll.app/media/stories/1292676954-5a600345c45e1f12452671761249433baa41cd3bb0faf81fa004bb21fd2ada65.webp","Error: asset 404 https://api-staging.newsroll.app/media/stories/1292676954-5a600345c45e1f12452671761249433baa41cd3bb0faf81fa004bb21fd2ada65.webp"
1518897460,1151,"2026-04-02 12:43:21.567+00","general","https://api-staging.newsroll.app/media/stories/1518897460-29b0adb34dff4c62424c14402dc6d99913519afd836ab71a23c0388da067dc3c.webp","Error: asset 404 https://api-staging.newsroll.app/media/stories/1518897460-29b0adb34dff4c62424c14402dc6d99913519afd836ab71a23c0388da067dc3c.webp"
3457708899,1150,"2026-04-02 12:43:18.802+00","general","https://api-staging.newsroll.app/media/stories/3457708899-6daf02ee57c3de0c0f8e7ad9881183a5a7f408e615e86f83cbd1e0203fb76da9.webp","Error: asset 404 https://api-staging.newsroll.app/media/stories/3457708899-6daf02ee57c3de0c0f8e7ad9881183a5a7f408e615e86f83cbd1e0203fb76da9.webp"
4385060572,1149,"2026-04-02 12:43:17.468+00","general","https://api-staging.newsroll.app/media/stories/4385060572-ca70d636cce30dc179ee1c14dc78088b788c74dfb3e9776a07b7a8461ff057d6.webp","Error: asset 404 https://api-staging.newsroll.app/media/stories/4385060572-ca70d636cce30dc179ee1c14dc78088b788c74dfb3e9776a07b7a8461ff057d6.webp"
4294906458,1148,"2026-04-02 12:43:13.014+00","general","https://api-staging.newsroll.app/media/stories/4294906458-3e176e8a80428adfda85fe7f4644024b596fd02fc400919e0c2b69db27c298a1.webp","Error: asset 404 https://api-staging.newsroll.app/media/stories/4294906458-3e176e8a80428adfda85fe7f4644024b596fd02fc400919e0c2b69db27c298a1.webp"
3322448799,1147,"2026-04-02 12:43:04.783+00","general","https://api-staging.newsroll.app/media/stories/3322448799-c7145ed453ab5acda623c0ddc9d2b626e3cb5426fa8d42e673cbcd8f34336738.webp","Error: asset 404 https://api-staging.newsroll.app/media/stories/3322448799-c7145ed453ab5acda623c0ddc9d2b626e3cb5426fa8d42e673cbcd8f34336738.webp"
5263442999,1146,"2026-04-02 12:43:05.972+00","general","https://api-staging.newsroll.app/media/stories/5263442999-c608e6427e73d8aad9cf06d4b550e0aa66f004b121621f3940643b68185a2be7.webp","Error: asset 404 https://api-staging.newsroll.app/media/stories/5263442999-c608e6427e73d8aad9cf06d4b550e0aa66f004b121621f3940643b68185a2be7.webp"
2742173668,1145,"2026-04-02 12:43:11.322+00","general","https://api-staging.newsroll.app/media/stories/2742173668-0c3f7c842455c6f62ff306f00bfff9a44288bb4d1281de039a5b7aadecc3c519.webp","Error: asset 404 https://api-staging.newsroll.app/media/stories/2742173668-0c3f7c842455c6f62ff306f00bfff9a44288bb4d1281de039a5b7aadecc3c519.webp"
5163734829,1144,"2026-04-02 12:43:06.606+00","general","https://api-staging.newsroll.app/media/stories/5163734829-a5093f8629faeca0b5e28ef4c88e2651b86894f7fc79976c576efa753ecb1c2d.webp","Error: asset 404 https://api-staging.newsroll.app/media/stories/5163734829-a5093f8629faeca0b5e28ef4c88e2651b86894f7fc79976c576efa753ecb1c2d.webp"
1678938769,1143,"2026-04-02 12:43:01.273+00","general","https://api-staging.newsroll.app/media/stories/1678938769-b8a90c09c2ab2ce2b92c66d5814a3d6a8e2d1825299afdc22bdafcf472029b92.webp","Error: asset 404 https://api-staging.newsroll.app/media/stories/1678938769-b8a90c09c2ab2ce2b92c66d5814a3d6a8e2d1825299afdc22bdafcf472029b92.webp"
2915691979,1142,"2026-04-02 12:42:59.455+00","general","https://api-staging.newsroll.app/media/stories/2915691979-a78d7089e240fed375375e5e90f46cb66f1dae36f13295cabec01a0febd773c8.webp","Error: asset 404 https://api-staging.newsroll.app/media/stories/2915691979-a78d7089e240fed375375e5e90f46cb66f1dae36f13295cabec01a0febd773c8.webp"
3097082287,1141,"2026-04-02 12:42:51.228+00","general","https://api-staging.newsroll.app/media/stories/3097082287-fa457e731d10c3b5b9792ab70b25c6b9b6fbb0730c7efb130939036a290afe7f.webp","Error: asset 404 https://api-staging.newsroll.app/media/stories/3097082287-fa457e731d10c3b5b9792ab70b25c6b9b6fbb0730c7efb130939036a290afe7f.webp"
2145773742,1140,"2026-04-02 12:42:49.28+00","general","https://api-staging.newsroll.app/media/stories/2145773742-5b53d213af15ee4cab6d52af1905af4926270abddfdcf33edffaaa3ed9d5f2c1.webp","Error: asset 404 https://api-staging.newsroll.app/media/stories/2145773742-5b53d213af15ee4cab6d52af1905af4926270abddfdcf33edffaaa3ed9d5f2c1.webp"
2288697389,1139,"2026-04-02 12:42:53.6+00","general","https://api-staging.newsroll.app/media/stories/2288697389-4f75d3fbf7408241744d40154dafaf21cb813997005b1a3bbeabefb57ecad3b2.webp","Error: asset 404 https://api-staging.newsroll.app/media/stories/2288697389-4f75d3fbf7408241744d40154dafaf21cb813997005b1a3bbeabefb57ecad3b2.webp"
4361854370,1138,"2026-04-02 12:42:43.027+00","general","https://api-staging.newsroll.app/media/stories/4361854370-b4f83cbf089208c5cbe430b5f0d8d879eaee36fcff65717f2f2335a66c94455c.webp","Error: asset 404 https://api-staging.newsroll.app/media/stories/4361854370-b4f83cbf089208c5cbe430b5f0d8d879eaee36fcff65717f2f2335a66c94455c.webp"
2517152436,1137,"2026-04-02 12:42:39.341+00","general","https://api-staging.newsroll.app/media/stories/2517152436-374d30d447c02269eeb81049543d2f0da69050dad6686af656d8bf1f7b764957.webp","Error: asset 404 https://api-staging.newsroll.app/media/stories/2517152436-374d30d447c02269eeb81049543d2f0da69050dad6686af656d8bf1f7b764957.webp"
1888747352,1136,"2026-04-02 12:42:36.678+00","general","https://api-staging.newsroll.app/media/stories/1888747352-5d99f4d6f4abbf5237955c5bb1b3a21e32720b26648e7a45228a5e27b060051a.webp","Error: asset 404 https://api-staging.newsroll.app/media/stories/1888747352-5d99f4d6f4abbf5237955c5bb1b3a21e32720b26648e7a45228a5e27b060051a.webp"
4566068731,1135,"2026-04-02 12:42:31.808+00","general","https://api-staging.newsroll.app/media/stories/4566068731-8b1df2b6b0509e333b0305638a97260f6f5e4e26582892f07b78439784d095ab.webp","Error: asset 404 https://api-staging.newsroll.app/media/stories/4566068731-8b1df2b6b0509e333b0305638a97260f6f5e4e26582892f07b78439784d095ab.webp"
4245394862,1134,"2026-04-02 12:42:34.413+00","general","https://api-staging.newsroll.app/media/stories/4245394862-f60041af2dc9a0f15aa1e0f9ef254c93262cc4df7568acbc55f74fa076a82ae4.webp","Error: asset 404 https://api-staging.newsroll.app/media/stories/4245394862-f60041af2dc9a0f15aa1e0f9ef254c93262cc4df7568acbc55f74fa076a82ae4.webp"
3033729718,1133,"2026-04-02 12:42:31.838+00","general","https://api-staging.newsroll.app/media/stories/3033729718-c608e6427e73d8aad9cf06d4b550e0aa66f004b121621f3940643b68185a2be7.webp","Error: asset 404 https://api-staging.newsroll.app/media/stories/3033729718-c608e6427e73d8aad9cf06d4b550e0aa66f004b121621f3940643b68185a2be7.webp"
1136584991,1132,"2026-04-02 12:42:29.222+00","general","https://api-staging.newsroll.app/media/stories/1136584991-4d70de825cb50c30e8b505e0ff31e1136d9b542d7d6e1132ffe7268c0463ef58.webp","Error: asset 404 https://api-staging.newsroll.app/media/stories/1136584991-4d70de825cb50c30e8b505e0ff31e1136d9b542d7d6e1132ffe7268c0463ef58.webp"
1964440336,1131,"2026-04-02 12:42:26.095+00","general","https://api-staging.newsroll.app/media/stories/1964440336-9faec0a63c55956acfbe1fd02e8067b394d532a799f0734dbf03facb80212763.webp","Error: asset 404 https://api-staging.newsroll.app/media/stories/1964440336-9faec0a63c55956acfbe1fd02e8067b394d532a799f0734dbf03facb80212763.webp"
2914606127,1130,"2026-04-02 12:42:21.836+00","general","https://api-staging.newsroll.app/media/stories/2914606127-d34619093dca47f98902e138e06616289082d6751c2fb3400c071c350a6fb3ca.webp","Error: asset 404 https://api-staging.newsroll.app/media/stories/2914606127-d34619093dca47f98902e138e06616289082d6751c2fb3400c071c350a6fb3ca.webp"
1472824405,1129,"2026-04-02 12:42:21.562+00","general","https://api-staging.newsroll.app/media/stories/1472824405-da36306c9a70be2b3228703ebed7a712ea75e779ad98bf7c6834afcbb52ce7e1.webp","Error: asset 404 https://api-staging.newsroll.app/media/stories/1472824405-da36306c9a70be2b3228703ebed7a712ea75e779ad98bf7c6834afcbb52ce7e1.webp"
1343443664,1128,"2026-04-02 12:42:15.788+00","general","https://api-staging.newsroll.app/media/stories/1343443664-d4c59eb9722db45f089d2fed834416a164e659e37be314e44844c7b3f60a5e1f.webp","Error: asset 404 https://api-staging.newsroll.app/media/stories/1343443664-d4c59eb9722db45f089d2fed834416a164e659e37be314e44844c7b3f60a5e1f.webp"
3342681160,1127,"2026-04-02 12:42:06.903+00","general","https://api-staging.newsroll.app/media/stories/3342681160-52a27df73a9a97fef4d5f3fb84696c76c6f98f995ff7569e5e27fd31a78fc4f9.webp","Error: asset 404 https://api-staging.newsroll.app/media/stories/3342681160-52a27df73a9a97fef4d5f3fb84696c76c6f98f995ff7569e5e27fd31a78fc4f9.webp"
3116656059,1126,"2026-04-02 12:42:05.591+00","general","https://api-staging.newsroll.app/media/stories/3116656059-c76b077098cb232686ca335ef3efd3acfc1256fde6a8c981c7daa937bc127a6a.webp","Error: asset 404 https://api-staging.newsroll.app/media/stories/3116656059-c76b077098cb232686ca335ef3efd3acfc1256fde6a8c981c7daa937bc127a6a.webp"
1634190261,1125,"2026-04-02 12:42:01.463+00","general","https://api-staging.newsroll.app/media/stories/1634190261-f71998d7bb4dde3e7ebccc302e1cf11c438ca12ac743b826ac9d729de5fa5481.webp","Error: asset 404 https://api-staging.newsroll.app/media/stories/1634190261-f71998d7bb4dde3e7ebccc302e1cf11c438ca12ac743b826ac9d729de5fa5481.webp"
2620383988,1124,"2026-04-02 12:41:54.131+00","general","https://api-staging.newsroll.app/media/stories/2620383988-32393f7097936f25bdd81f7eb310e122c541b943ed02960f4678d5fc5e55a03b.webp","Error: asset 404 https://api-staging.newsroll.app/media/stories/2620383988-32393f7097936f25bdd81f7eb310e122c541b943ed02960f4678d5fc5e55a03b.webp"
3026178061,1123,"2026-04-02 12:41:53.684+00","general","https://api-staging.newsroll.app/media/stories/3026178061-00e5ab1786fd2f0f668701266b595494ae68126973024b4f5f769d12b6187ed3.webp","Error: asset 404 https://api-staging.newsroll.app/media/stories/3026178061-00e5ab1786fd2f0f668701266b595494ae68126973024b4f5f769d12b6187ed3.webp"
4066294792,1122,"2026-04-02 12:41:49.085+00","general","https://api-staging.newsroll.app/media/stories/4066294792-e4b4e462681f6aabfcc734f5236ae389fcb4d784b4dc30cdeaf9f95a6fd2d325.webp","Error: asset 404 https://api-staging.newsroll.app/media/stories/4066294792-e4b4e462681f6aabfcc734f5236ae389fcb4d784b4dc30cdeaf9f95a6fd2d325.webp"
4995187907,1121,"2026-04-02 12:41:48.725+00","general","https://api-staging.newsroll.app/media/stories/4995187907-dc7ae58ae97dabcefa23dfebedc52fe413420de7d92a44b2504275211e489ba6.webp","Error: asset 404 https://api-staging.newsroll.app/media/stories/4995187907-dc7ae58ae97dabcefa23dfebedc52fe413420de7d92a44b2504275211e489ba6.webp"
3358871452,1120,"2026-04-02 12:41:43.462+00","general","https://api-staging.newsroll.app/media/stories/3358871452-3485e745ad8c75c9a5b4446e9ab168f33df7bd5e3f9a88fe6d52fbe68ee2588c.webp","Error: asset 404 https://api-staging.newsroll.app/media/stories/3358871452-3485e745ad8c75c9a5b4446e9ab168f33df7bd5e3f9a88fe6d52fbe68ee2588c.webp"
3482611918,1119,"2026-04-02 12:41:25.432+00","general","https://api-staging.newsroll.app/media/stories/3482611918-f035420539c4f5e01b2106f624e3cc8e61e07a6568839ebd4a567d08aedca114.webp","Error: asset 404 https://api-staging.newsroll.app/media/stories/3482611918-f035420539c4f5e01b2106f624e3cc8e61e07a6568839ebd4a567d08aedca114.webp"
2765947007,1118,"2026-04-02 12:40:46.533+00","general","https://api-staging.newsroll.app/media/stories/2765947007-c62417b0747488677fe42d810ed372eda4d6cdad8a5ce0863f45ceef0186f818.webp","Error: asset 404 https://api-staging.newsroll.app/media/stories/2765947007-c62417b0747488677fe42d810ed372eda4d6cdad8a5ce0863f45ceef0186f818.webp"
2021239571,1117,"2026-04-02 12:35:49.204+00","general","https://api-staging.newsroll.app/media/stories/2021239571-744f22327b258608068cb1d0a5e7d6c5d405f824a127f0eb196ac118f7265422.webp","Error: asset 404 https://api-staging.newsroll.app/media/stories/2021239571-744f22327b258608068cb1d0a5e7d6c5d405f824a127f0eb196ac118f7265422.webp"
2947445922,1116,"2026-04-02 12:34:42.705+00","science","https://api-staging.newsroll.app/media/stories/2947445922-25d8c8bc0d139704b15aaeed1bc7655d0e9d7363de277efe6d3cad123a20295d.webp","Error: asset 404 https://api-staging.newsroll.app/media/stories/2947445922-25d8c8bc0d139704b15aaeed1bc7655d0e9d7363de277efe6d3cad123a20295d.webp"
4411831132,1115,"2026-04-02 12:34:49.094+00","entertainment","https://api-staging.newsroll.app/media/stories/4411831132-5449b636585584d330579750e851a9572b0d0b0cfa9615128349a4909b6c47d3.webp","Error: asset 404 https://api-staging.newsroll.app/media/stories/4411831132-5449b636585584d330579750e851a9572b0d0b0cfa9615128349a4909b6c47d3.webp"
2965187457,1114,"2026-04-02 12:34:47.274+00","business","https://api-staging.newsroll.app/media/stories/2965187457-dc1beb5c312e97a28510ebbc880309f1429b3519bbed23abcf92e6a688f7f670.webp","Error: asset 404 https://api-staging.newsroll.app/media/stories/2965187457-dc1beb5c312e97a28510ebbc880309f1429b3519bbed23abcf92e6a688f7f670.webp"
2620946934,1113,"2026-04-02 12:34:37.581+00","entertainment","https://api-staging.newsroll.app/media/stories/2620946934-bfe36cff628708cbc306990a47f1537568a47d4f2942f9131ad89e683a6e1494.webp","Error: asset 404 https://api-staging.newsroll.app/media/stories/2620946934-bfe36cff628708cbc306990a47f1537568a47d4f2942f9131ad89e683a6e1494.webp"
1880319816,1112,"2026-04-02 12:34:34.874+00","business","https://api-staging.newsroll.app/media/stories/1880319816-5b79246134880c9b8d2956942466523434c20619c402fab7e549f899a6016ecb.webp","Error: asset 404 https://api-staging.newsroll.app/media/stories/1880319816-5b79246134880c9b8d2956942466523434c20619c402fab7e549f899a6016ecb.webp"
3411061688,1111,"2026-04-02 12:34:33.325+00","entertainment","https://api-staging.newsroll.app/media/stories/3411061688-8deec87fd6da707323965db8a72cdf3854c473da8e48f64193228f30e2a6e658.webp","Error: asset 404 https://api-staging.newsroll.app/media/stories/3411061688-8deec87fd6da707323965db8a72cdf3854c473da8e48f64193228f30e2a6e658.webp"
4700764986,1110,"2026-04-02 12:34:25.777+00","entertainment","https://api-staging.newsroll.app/media/stories/4700764986-de941bcc983b7d792721ae2383f0c7c0e1d96497b53ba471eac803ea338b65e1.webp","Error: asset 404 https://api-staging.newsroll.app/media/stories/4700764986-de941bcc983b7d792721ae2383f0c7c0e1d96497b53ba471eac803ea338b65e1.webp"
2731150390,1109,"2026-04-02 12:34:30.015+00","entertainment","https://api-staging.newsroll.app/media/stories/2731150390-f98888289cbe444c3ca01c09f44f2e14ac1c0172621b1822895ea74e71a66565.webp","Error: asset 404 https://api-staging.newsroll.app/media/stories/2731150390-f98888289cbe444c3ca01c09f44f2e14ac1c0172621b1822895ea74e71a66565.webp"
1923757217,1108,"2026-04-02 12:34:21.515+00","entertainment","https://api-staging.newsroll.app/media/stories/1923757217-f7ffae3c8d42de8f8df94f72a656398ddd85550287926834266f10a9c5285b57.webp","Error: asset 404 https://api-staging.newsroll.app/media/stories/1923757217-f7ffae3c8d42de8f8df94f72a656398ddd85550287926834266f10a9c5285b57.webp"
2495709618,1107,"2026-04-02 12:34:15.449+00","entertainment","https://api-staging.newsroll.app/media/stories/2495709618-5b861ce23d72e7b622be8dee1923d8dc40a36c0553aac94967e3b2fb6981b781.webp","Error: asset 404 https://api-staging.newsroll.app/media/stories/2495709618-5b861ce23d72e7b622be8dee1923d8dc40a36c0553aac94967e3b2fb6981b781.webp"
2491071069,1106,"2026-04-02 12:34:14.812+00","entertainment","https://api-staging.newsroll.app/media/stories/2491071069-5f5d0dd02b0b71a785fdfd94b4cfefc7c36e122d3d34fc83b44e897b05849a83.webp","Error: asset 404 https://api-staging.newsroll.app/media/stories/2491071069-5f5d0dd02b0b71a785fdfd94b4cfefc7c36e122d3d34fc83b44e897b05849a83.webp"
3126579663,1105,"2026-04-02 12:34:10.341+00","entertainment","https://api-staging.newsroll.app/media/stories/3126579663-ea163cc104dec7023f04360d0c017efca4503029d5a7536ccdc71dbf18d200e8.webp","Error: asset 404 https://api-staging.newsroll.app/media/stories/3126579663-ea163cc104dec7023f04360d0c017efca4503029d5a7536ccdc71dbf18d200e8.webp"
4225475995,1104,"2026-04-02 12:34:04.764+00","entertainment","https://api-staging.newsroll.app/media/stories/4225475995-dcc554b4dd96da818d34d13ffba88562489e1f5b70ca676234da173ba2a4a87e.webp","Error: asset 404 https://api-staging.newsroll.app/media/stories/4225475995-dcc554b4dd96da818d34d13ffba88562489e1f5b70ca676234da173ba2a4a87e.webp"
3174658075,1103,"2026-04-02 12:33:53.006+00","entertainment","https://api-staging.newsroll.app/media/stories/3174658075-af93bcf4a8dd2d560eca878ea0fb9559d5f92a178c5cf4b55f85abf594341824.webp","Error: asset 404 https://api-staging.newsroll.app/media/stories/3174658075-af93bcf4a8dd2d560eca878ea0fb9559d5f92a178c5cf4b55f85abf594341824.webp"
4256180100,1102,"2026-04-02 12:33:41.37+00","science","https://api-staging.newsroll.app/media/stories/4256180100-4dc45e42b6e42eb6c1ae98f66e0c292a9a9cd5d8ec8cacfe58cbd2bc12dac887.webp","Error: asset 404 https://api-staging.newsroll.app/media/stories/4256180100-4dc45e42b6e42eb6c1ae98f66e0c292a9a9cd5d8ec8cacfe58cbd2bc12dac887.webp"
1435279933,1101,"2026-04-02 12:33:52.106+00","business","https://api-staging.newsroll.app/media/stories/1435279933-ecde63a51d6b480be9a8b18e442999313d0625265b054cf544bf347493aa559f.webp","Error: asset 404 https://api-staging.newsroll.app/media/stories/1435279933-ecde63a51d6b480be9a8b18e442999313d0625265b054cf544bf347493aa559f.webp"
4387572536,1100,"2026-04-02 12:33:50.887+00","business","https://api-staging.newsroll.app/media/stories/4387572536-4322b3426da3850b37daae9ae0016f490aa3dbe0a704ddef7b1fb28ad107f687.webp","Error: asset 404 https://api-staging.newsroll.app/media/stories/4387572536-4322b3426da3850b37daae9ae0016f490aa3dbe0a704ddef7b1fb28ad107f687.webp"
2697639155,1099,"2026-04-02 12:33:44.244+00","entertainment","https://api-staging.newsroll.app/media/stories/2697639155-e02ba56ed9a89ae585271c9c3d201471f7ed10b8d7dc9cf55d6523af42438968.webp","Error: asset 404 https://api-staging.newsroll.app/media/stories/2697639155-e02ba56ed9a89ae585271c9c3d201471f7ed10b8d7dc9cf55d6523af42438968.webp"
1361623378,1098,"2026-04-02 12:33:36.238+00","business","https://api-staging.newsroll.app/media/stories/1361623378-3b233bea47ac052598440d7bf9987df63d2be08143e0735feaad523cb4cdcffb.webp","Error: asset 404 https://api-staging.newsroll.app/media/stories/1361623378-3b233bea47ac052598440d7bf9987df63d2be08143e0735feaad523cb4cdcffb.webp"
3949302468,1097,"2026-04-02 12:33:37.762+00","business","https://api-staging.newsroll.app/media/stories/3949302468-8b52423f8eaf105e10e617203fea73bdc5e556a020ff1808f124e93b470bfbb2.webp","Error: asset 404 https://api-staging.newsroll.app/media/stories/3949302468-8b52423f8eaf105e10e617203fea73bdc5e556a020ff1808f124e93b470bfbb2.webp"
4167463511,1096,"2026-04-02 12:33:33.485+00","business","https://api-staging.newsroll.app/media/stories/4167463511-d0c3c6bf8ac3be2cc5c2500eb570765f6b35d3637e0a1a92b1dbbb768e36c26a.webp","Error: asset 404 https://api-staging.newsroll.app/media/stories/4167463511-d0c3c6bf8ac3be2cc5c2500eb570765f6b35d3637e0a1a92b1dbbb768e36c26a.webp"
2139690844,1095,"2026-04-02 12:33:18.406+00","science","https://api-staging.newsroll.app/media/stories/2139690844-bdf014634451db8cf978eb2b071c988d01156db1e116c564c95f26e408b380b8.webp","Error: asset 404 https://api-staging.newsroll.app/media/stories/2139690844-bdf014634451db8cf978eb2b071c988d01156db1e116c564c95f26e408b380b8.webp"
3587708676,1094,"2026-04-02 12:33:18.489+00","business","https://api-staging.newsroll.app/media/stories/3587708676-fa73a1ac04cf990d44f4e32ae5cf58758acb18276f6fea77e28c0bc8753d9b42.webp","Error: asset 404 https://api-staging.newsroll.app/media/stories/3587708676-fa73a1ac04cf990d44f4e32ae5cf58758acb18276f6fea77e28c0bc8753d9b42.webp"
3171407365,1093,"2026-04-02 12:33:25.237+00","business","https://api-staging.newsroll.app/media/stories/3171407365-28e6e6acec943a106090a55409cf540b3c25d13f60f59ec0dd78bc2b67de3635.webp","Error: asset 404 https://api-staging.newsroll.app/media/stories/3171407365-28e6e6acec943a106090a55409cf540b3c25d13f60f59ec0dd78bc2b67de3635.webp"
4607689719,1092,"2026-04-02 12:33:20.886+00","business","https://api-staging.newsroll.app/media/stories/4607689719-b953ae76d689ded179b7b262460999331c33425fd4857bd6710f976f32f15d22.webp","Error: asset 404 https://api-staging.newsroll.app/media/stories/4607689719-b953ae76d689ded179b7b262460999331c33425fd4857bd6710f976f32f15d22.webp"
4852226316,1091,"2026-04-02 12:33:06.334+00","business","https://api-staging.newsroll.app/media/stories/4852226316-a72e7fffc3231290d1ec61460c481edf4e381d8bf8f102f89e455bc8ddfa50d9.webp","Error: asset 404 https://api-staging.newsroll.app/media/stories/4852226316-a72e7fffc3231290d1ec61460c481edf4e381d8bf8f102f89e455bc8ddfa50d9.webp"
2367674694,1090,"2026-04-02 12:33:11.32+00","science","https://api-staging.newsroll.app/media/stories/2367674694-11d5b419971c78e1f0462e95dfd10f452e28c05de5d3cc1c634f91038a99fcfe.webp","Error: asset 404 https://api-staging.newsroll.app/media/stories/2367674694-11d5b419971c78e1f0462e95dfd10f452e28c05de5d3cc1c634f91038a99fcfe.webp"
4266433756,1089,"2026-04-02 12:32:50.886+00","science","https://api-staging.newsroll.app/media/stories/4266433756-862b26b97107eee02af75ae7da8267bf87cf00b96de879f8f60c9b625d08e9c7.webp","Error: asset 404 https://api-staging.newsroll.app/media/stories/4266433756-862b26b97107eee02af75ae7da8267bf87cf00b96de879f8f60c9b625d08e9c7.webp"
4472949314,1088,"2026-04-02 12:33:08.902+00","science","https://api-staging.newsroll.app/media/stories/4472949314-d6a16a9904a0fb5f4207f43c06aa4e877b4fbbd156c1090614dead8251a6b3fe.webp","Error: asset 404 https://api-staging.newsroll.app/media/stories/4472949314-d6a16a9904a0fb5f4207f43c06aa4e877b4fbbd156c1090614dead8251a6b3fe.webp"
4433794177,1087,"2026-04-02 12:33:02.034+00","science","https://api-staging.newsroll.app/media/stories/4433794177-59f047755a712af467b6bdc3b740853d5750375e3eb4aaf68695c35374fb4ab6.webp","Error: asset 404 https://api-staging.newsroll.app/media/stories/4433794177-59f047755a712af467b6bdc3b740853d5750375e3eb4aaf68695c35374fb4ab6.webp"
4197564559,1086,"2026-04-02 12:33:00.824+00","science","https://api-staging.newsroll.app/media/stories/4197564559-593fbef1d86aa36d6efdc0d4a6aa1b4c519f509bef59556e96382e25f43c2c88.webp","Error: asset 404 https://api-staging.newsroll.app/media/stories/4197564559-593fbef1d86aa36d6efdc0d4a6aa1b4c519f509bef59556e96382e25f43c2c88.webp"
2799596804,1085,"2026-04-02 12:32:54.887+00","science","https://api-staging.newsroll.app/media/stories/2799596804-2f4185b9a782948e19be872c055cfffd631e09752f9007290b6056cc38e728aa.webp","Error: asset 404 https://api-staging.newsroll.app/media/stories/2799596804-2f4185b9a782948e19be872c055cfffd631e09752f9007290b6056cc38e728aa.webp"
4575468143,1084,"2026-04-02 12:32:52.264+00","science","https://api-staging.newsroll.app/media/stories/4575468143-720b7d98ffae7cb9b0d3b8b931d9074c25a7b927e82f4b8db8408e22d9299676.webp","Error: asset 404 https://api-staging.newsroll.app/media/stories/4575468143-720b7d98ffae7cb9b0d3b8b931d9074c25a7b927e82f4b8db8408e22d9299676.webp"
2748019037,1083,"2026-04-02 12:32:31.909+00","science","https://api-staging.newsroll.app/media/stories/2748019037-bc4f8e27fa5bf0e5d0d00258cb5c1df30a39716b04f340897906cdca63c40439.webp","Error: asset 404 https://api-staging.newsroll.app/media/stories/2748019037-bc4f8e27fa5bf0e5d0d00258cb5c1df30a39716b04f340897906cdca63c40439.webp"
2344974979,1082,"2026-04-02 12:32:43.361+00","science","https://api-staging.newsroll.app/media/stories/2344974979-41885e36076404b047068426ba9b4bcaf81c6a8a3c077d622e4b9c311ec0f454.webp","Error: asset 404 https://api-staging.newsroll.app/media/stories/2344974979-41885e36076404b047068426ba9b4bcaf81c6a8a3c077d622e4b9c311ec0f454.webp"
5029786300,1081,"2026-04-02 12:32:31.183+00","science","https://api-staging.newsroll.app/media/stories/5029786300-5e356c5378a9572d84bb002b24637b91ee667c76e4245ace3c5cc2acfdcc8d09.webp","Error: asset 404 https://api-staging.newsroll.app/media/stories/5029786300-5e356c5378a9572d84bb002b24637b91ee667c76e4245ace3c5cc2acfdcc8d09.webp"
1057788616,1080,"2026-04-02 12:32:28.087+00","general","https://api-staging.newsroll.app/media/stories/1057788616-71e57fdd37e63d632358f8e9f8e2fd01a05b62642493e0c5bd5dda5f6895af2a.webp","Error: asset 404 https://api-staging.newsroll.app/media/stories/1057788616-71e57fdd37e63d632358f8e9f8e2fd01a05b62642493e0c5bd5dda5f6895af2a.webp"
3272806519,1079,"2026-04-02 12:32:23.549+00","tech","https://api-staging.newsroll.app/media/stories/3272806519-0cf141b3a9602b73d5552282082b7ecdf13c663db823bcce249f90af67e040fa.webp","Error: asset 404 https://api-staging.newsroll.app/media/stories/3272806519-0cf141b3a9602b73d5552282082b7ecdf13c663db823bcce249f90af67e040fa.webp"
5280297234,1078,"2026-04-02 12:32:22.21+00","general","https://api-staging.newsroll.app/media/stories/5280297234-87ea12d62cf0cb75a21b6b206942871ac58160eb49d5d941e43ace04a52489ed.webp","Error: asset 404 https://api-staging.newsroll.app/media/stories/5280297234-87ea12d62cf0cb75a21b6b206942871ac58160eb49d5d941e43ace04a52489ed.webp"
5180609960,1077,"2026-04-02 12:32:20.579+00","general","https://api-staging.newsroll.app/media/stories/5180609960-67bb2758bd883b20c0dc54f612fa69b032f477179131a3f10adfe43be0c4c961.webp","Error: asset 404 https://api-staging.newsroll.app/media/stories/5180609960-67bb2758bd883b20c0dc54f612fa69b032f477179131a3f10adfe43be0c4c961.webp"
1699856567,1076,"2026-04-02 12:32:14.263+00","tech","https://api-staging.newsroll.app/media/stories/1699856567-adcabccb5a7e3deea599939ee227d82444b87afde064e3ae625e1a2b392092ca.webp","Error: asset 404 https://api-staging.newsroll.app/media/stories/1699856567-adcabccb5a7e3deea599939ee227d82444b87afde064e3ae625e1a2b392092ca.webp"
1309372654,1075,"2026-04-02 12:32:08.956+00","general","https://api-staging.newsroll.app/media/stories/1309372654-2a16a19fa31a82627b5a4d9e8f6baae5b93abaa8f940385d005b4c0bea289773.webp","Error: asset 404 https://api-staging.newsroll.app/media/stories/1309372654-2a16a19fa31a82627b5a4d9e8f6baae5b93abaa8f940385d005b4c0bea289773.webp"
3555540111,1074,"2026-04-02 12:32:13.439+00","general","https://api-staging.newsroll.app/media/stories/3555540111-01df14093538d5fc3676073a34cf4c84c9841bee4e80c0fce410a1fe8257e6fb.webp","Error: asset 404 https://api-staging.newsroll.app/media/stories/3555540111-01df14093538d5fc3676073a34cf4c84c9841bee4e80c0fce410a1fe8257e6fb.webp"
1652282191,1073,"2026-04-02 12:32:06.521+00","tech","https://api-staging.newsroll.app/media/stories/1652282191-c90a97ad009c3c61897fd16a294583c4f4f8d354629bc525517aa4e7294b9d9e.webp","Error: asset 404 https://api-staging.newsroll.app/media/stories/1652282191-c90a97ad009c3c61897fd16a294583c4f4f8d354629bc525517aa4e7294b9d9e.webp"
1771602881,1072,"2026-04-02 12:31:58.843+00","general","https://api-staging.newsroll.app/media/stories/1771602881-8f9e8106149e0b6667592d2ae419a6c81fecedaedc99c7e0a52ba8bcc825ee7c.webp","Error: asset 404 https://api-staging.newsroll.app/media/stories/1771602881-8f9e8106149e0b6667592d2ae419a6c81fecedaedc99c7e0a52ba8bcc825ee7c.webp"
4212244644,1071,"2026-04-02 12:31:53.63+00","general","https://api-staging.newsroll.app/media/stories/4212244644-bead4f8f344edc9ca1e9565270d70adf2696a557c970dfb9a9265a0ad7211b74.webp","Error: asset 404 https://api-staging.newsroll.app/media/stories/4212244644-bead4f8f344edc9ca1e9565270d70adf2696a557c970dfb9a9265a0ad7211b74.webp"
4732897819,1070,"2026-04-02 12:31:51.739+00","tech","https://api-staging.newsroll.app/media/stories/4732897819-dd2f54b5d50882cbbdf327827575bf78ac3e2d3c47008c2ded2f74aa0736624f.webp","Error: asset 404 https://api-staging.newsroll.app/media/stories/4732897819-dd2f54b5d50882cbbdf327827575bf78ac3e2d3c47008c2ded2f74aa0736624f.webp"
5036888543,1069,"2026-04-02 12:31:44.459+00","general","https://api-staging.newsroll.app/media/stories/5036888543-3c0650e93a54bf6e116a3d17ccebb37577d1f338e26a9c30996e1013a19389a5.webp","Error: asset 404 https://api-staging.newsroll.app/media/stories/5036888543-3c0650e93a54bf6e116a3d17ccebb37577d1f338e26a9c30996e1013a19389a5.webp"
4870713164,1068,"2026-04-02 12:31:45.736+00","general","https://api-staging.newsroll.app/media/stories/4870713164-be6caad5e0e32c0b0560e067cb3cd7fa5692edd24a44b542228c926b97c8e47c.webp","Error: asset 404 https://api-staging.newsroll.app/media/stories/4870713164-be6caad5e0e32c0b0560e067cb3cd7fa5692edd24a44b542228c926b97c8e47c.webp"
2290473141,1067,"2026-04-02 12:31:32.326+00","general","https://api-staging.newsroll.app/media/stories/2290473141-526a944898fc319f303e924f7cd793cfebddd15b677ad5b64bee099c13050733.webp","Error: asset 404 https://api-staging.newsroll.app/media/stories/2290473141-526a944898fc319f303e924f7cd793cfebddd15b677ad5b64bee099c13050733.webp"
1927191078,1066,"2026-04-02 12:31:12.617+00","general","https://api-staging.newsroll.app/media/stories/1927191078-91ee3dd03c3af12f8c9cc135ff269bac276b82eb540a2d78ec21b306e553b2b4.webp","Error: asset 404 https://api-staging.newsroll.app/media/stories/1927191078-91ee3dd03c3af12f8c9cc135ff269bac276b82eb540a2d78ec21b306e553b2b4.webp"
4569332146,1065,"2026-04-02 12:31:04.499+00","general","https://api-staging.newsroll.app/media/stories/4569332146-8d50f44822d9a8b5de63b373f1cdcfcf2ecf98a8c58d2f0484c3d594eeede5f5.webp","Error: asset 404 https://api-staging.newsroll.app/media/stories/4569332146-8d50f44822d9a8b5de63b373f1cdcfcf2ecf98a8c58d2f0484c3d594eeede5f5.webp"
2431401947,1064,"2026-04-02 12:30:53.443+00","general","https://api-staging.newsroll.app/media/stories/2431401947-8cdae98fb366635a5a3874d691c9133106effddeb4f42f7d9ad1ce860d6a7dbf.webp","Error: asset 404 https://api-staging.newsroll.app/media/stories/2431401947-8cdae98fb366635a5a3874d691c9133106effddeb4f42f7d9ad1ce860d6a7dbf.webp"
2858458779,1063,"2026-04-02 12:30:44.32+00","general","https://api-staging.newsroll.app/media/stories/2858458779-6a314ed7f2320c1774da84abe57583cbe5cbe577b1c4af6c8ee7eed9b863a9c5.webp","Error: asset 404 https://api-staging.newsroll.app/media/stories/2858458779-6a314ed7f2320c1774da84abe57583cbe5cbe577b1c4af6c8ee7eed9b863a9c5.webp"
1984877993,1062,"2026-04-02 12:30:34.521+00","general","https://api-staging.newsroll.app/media/stories/1984877993-0236954285464d5ec83d6c06ec7cdea53ae47cdee8574bbb0427eeb21ec27404.webp","Error: asset 404 https://api-staging.newsroll.app/media/stories/1984877993-0236954285464d5ec83d6c06ec7cdea53ae47cdee8574bbb0427eeb21ec27404.webp"
4929192152,1061,"2026-04-02 12:20:36.74+00","general","https://api-staging.newsroll.app/media/stories/4929192152-3598434413746598d9c7810cc2ea2393eeee641c095d7990f78704c3a43d7641.webp","Error: asset 404 https://api-staging.newsroll.app/media/stories/4929192152-3598434413746598d9c7810cc2ea2393eeee641c095d7990f78704c3a43d7641.webp"
5199651303,1060,"2026-04-02 12:16:59.666+00","tech","https://api-staging.newsroll.app/media/stories/5199651303-46706e31c5f5ba07663a3b09fdc3b2a2bc29cdfcb3231d960312ded33744c6fb.webp","Error: asset 404 https://api-staging.newsroll.app/media/stories/5199651303-46706e31c5f5ba07663a3b09fdc3b2a2bc29cdfcb3231d960312ded33744c6fb.webp"
1254811714,1059,"2026-04-02 12:16:47.632+00","tech","https://api-staging.newsroll.app/media/stories/1254811714-a2c84176a609d3a06084f6b8e8ef581c7fad9cf0c7485d13ef98e40bb10c77e7.webp","Error: asset 404 https://api-staging.newsroll.app/media/stories/1254811714-a2c84176a609d3a06084f6b8e8ef581c7fad9cf0c7485d13ef98e40bb10c77e7.webp"
4693724686,1058,"2026-04-02 12:16:40.581+00","tech","https://api-staging.newsroll.app/media/stories/4693724686-b960765ab4fb0c1fcc6d70cf6433649ebf647828b7a0bf9df181b2bb0579f248.webp","Error: asset 404 https://api-staging.newsroll.app/media/stories/4693724686-b960765ab4fb0c1fcc6d70cf6433649ebf647828b7a0bf9df181b2bb0579f248.webp"
4127103660,1057,"2026-04-02 12:16:13.686+00","general","https://api-staging.newsroll.app/media/stories/4127103660-ffd445bc9396118f440540bdce12cb381702ec607bb2b735b9f4af1e7485711d.webp","Error: asset 404 https://api-staging.newsroll.app/media/stories/4127103660-ffd445bc9396118f440540bdce12cb381702ec607bb2b735b9f4af1e7485711d.webp"
3389141807,1056,"2026-04-02 12:15:57.813+00","general","https://api-staging.newsroll.app/media/stories/3389141807-ab0469edead080e4df57d7d54a370db8c5c8ab994764fa6780951ee9ea819cc1.webp","Error: asset 404 https://api-staging.newsroll.app/media/stories/3389141807-ab0469edead080e4df57d7d54a370db8c5c8ab994764fa6780951ee9ea819cc1.webp"
2321000149,1055,"2026-04-02 12:15:36.422+00","general","https://api-staging.newsroll.app/media/stories/2321000149-f92b4bf8c80e3a81f8ad67711558ea040a16a7e0d8e7ccc26ed8bd6953fd6932.webp","Error: asset 404 https://api-staging.newsroll.app/media/stories/2321000149-f92b4bf8c80e3a81f8ad67711558ea040a16a7e0d8e7ccc26ed8bd6953fd6932.webp"
3711638081,1054,"2026-04-02 12:12:39.487+00","business","https://api-staging.newsroll.app/media/stories/3711638081-af24d2a3babbb0cd92a1c393192332b0050abc5f75c94604b289e692e814be24.webp","Error: asset 404 https://api-staging.newsroll.app/media/stories/3711638081-af24d2a3babbb0cd92a1c393192332b0050abc5f75c94604b289e692e814be24.webp"
1646560749,1053,"2026-04-02 12:12:32.27+00","business","https://api-staging.newsroll.app/media/stories/1646560749-1eaa2b0a200a74d8563b1012fccd0b1442c46e4838507fd7884638752c0de56c.webp","Error: asset 404 https://api-staging.newsroll.app/media/stories/1646560749-1eaa2b0a200a74d8563b1012fccd0b1442c46e4838507fd7884638752c0de56c.webp"
2856219402,1052,"2026-04-02 12:12:18.653+00","business","https://api-staging.newsroll.app/media/stories/2856219402-27f04868f13addc59315aa88cbe3b13f8c653fb2dfebafb776d67982b0f25002.webp","Error: asset 404 https://api-staging.newsroll.app/media/stories/2856219402-27f04868f13addc59315aa88cbe3b13f8c653fb2dfebafb776d67982b0f25002.webp"
1682464233,1051,"2026-04-02 12:12:04.27+00","business","https://api-staging.newsroll.app/media/stories/1682464233-31285945aaf1a3e5fb331cc903ec01afea95cc89d6589c3bc2fead67429717d2.webp","Error: asset 404 https://api-staging.newsroll.app/media/stories/1682464233-31285945aaf1a3e5fb331cc903ec01afea95cc89d6589c3bc2fead67429717d2.webp"
1285071626,1050,"2026-04-02 12:11:49.555+00","business","https://api-staging.newsroll.app/media/stories/1285071626-1998c068d09f08c1c8366b04e706a83b53ce01ad42b2017d1c595b384dae95f3.webp","Error: asset 404 https://api-staging.newsroll.app/media/stories/1285071626-1998c068d09f08c1c8366b04e706a83b53ce01ad42b2017d1c595b384dae95f3.webp"
3205438728,1049,"2026-04-02 12:11:36.326+00","business","https://api-staging.newsroll.app/media/stories/3205438728-0d7e92c689a06ffdfb9a9f7eb3a4890315a529d9a605fb31c29f3218cba3caf7.webp","Error: asset 404 https://api-staging.newsroll.app/media/stories/3205438728-0d7e92c689a06ffdfb9a9f7eb3a4890315a529d9a605fb31c29f3218cba3caf7.webp"
2611063344,1048,"2026-04-02 12:11:21.33+00","business","https://api-staging.newsroll.app/media/stories/2611063344-cc4692af4300c822ac7afd6c1a7003625b0a376137628e67e836ecd8b727a83d.webp","Error: asset 404 https://api-staging.newsroll.app/media/stories/2611063344-cc4692af4300c822ac7afd6c1a7003625b0a376137628e67e836ecd8b727a83d.webp"
1589111674,1047,"2026-04-02 12:11:10.771+00","business","https://api-staging.newsroll.app/media/stories/1589111674-2edb9e403b1f76048aec1f8c5ebbed4427fb2286aa42613472fcca6879690140.webp","Error: asset 404 https://api-staging.newsroll.app/media/stories/1589111674-2edb9e403b1f76048aec1f8c5ebbed4427fb2286aa42613472fcca6879690140.webp"
2520948817,1046,"2026-04-02 12:10:54.795+00","business","https://api-staging.newsroll.app/media/stories/2520948817-2f1b4b4f2e5499587c4cc8b5e031f8b3a4853674439a136a998f38e3c65eab44.webp","Error: asset 404 https://api-staging.newsroll.app/media/stories/2520948817-2f1b4b4f2e5499587c4cc8b5e031f8b3a4853674439a136a998f38e3c65eab44.webp"
2455527618,1045,"2026-04-02 12:10:37.066+00","general","https://api-staging.newsroll.app/media/stories/2455527618-f5af8597c771cb3657b376cce8e452faf3d9f20e84b6ad29864f0763e97bb8a9.webp","Error: asset 404 https://api-staging.newsroll.app/media/stories/2455527618-f5af8597c771cb3657b376cce8e452faf3d9f20e84b6ad29864f0763e97bb8a9.webp"
3811244087,1044,"2026-04-02 11:58:17.559+00","entertainment","https://api-staging.newsroll.app/media/stories/3811244087-6fd702bed12296b3c5405f2e406bd04b64d7d84f8d9e8a19a45e260d64ce8ca1.webp","Error: asset 404 https://api-staging.newsroll.app/media/stories/3811244087-6fd702bed12296b3c5405f2e406bd04b64d7d84f8d9e8a19a45e260d64ce8ca1.webp"
4330762723,1043,"2026-04-02 11:58:15.616+00","entertainment","https://api-staging.newsroll.app/media/stories/4330762723-4546ad5488b4d27dc6f0790cf9286da017d7803cb847591f4c2ed30552fe1be3.webp","Error: asset 404 https://api-staging.newsroll.app/media/stories/4330762723-4546ad5488b4d27dc6f0790cf9286da017d7803cb847591f4c2ed30552fe1be3.webp"
1613999839,1042,"2026-04-02 11:58:10.345+00","entertainment","https://api-staging.newsroll.app/media/stories/1613999839-8082cf4fe1f44a630d95c09eec6b84f9037e8b49ca70034a74602e3296e99307.webp","Error: asset 404 https://api-staging.newsroll.app/media/stories/1613999839-8082cf4fe1f44a630d95c09eec6b84f9037e8b49ca70034a74602e3296e99307.webp"
5193796121,1041,"2026-04-02 11:58:11.146+00","entertainment","https://api-staging.newsroll.app/media/stories/5193796121-0313faf8d4e169903768f7337a0c9d117e4379d7ecae21a1ba0a64a106feb0cd.webp","Error: asset 404 https://api-staging.newsroll.app/media/stories/5193796121-0313faf8d4e169903768f7337a0c9d117e4379d7ecae21a1ba0a64a106feb0cd.webp"
3869359378,1040,"2026-04-02 11:58:09.404+00","entertainment","https://api-staging.newsroll.app/media/stories/3869359378-37ad780518218b8716f5d1037d1c870abf6415882399fb9d5ce604070da939be.webp","Error: asset 404 https://api-staging.newsroll.app/media/stories/3869359378-37ad780518218b8716f5d1037d1c870abf6415882399fb9d5ce604070da939be.webp"
3153506693,1039,"2026-04-02 11:58:08.118+00","entertainment","https://api-staging.newsroll.app/media/stories/3153506693-7025318d5a8df39fe9c7a0f490eab26c54bba32d35ab216b95afa1d7a07bb2bf.webp","Error: asset 404 https://api-staging.newsroll.app/media/stories/3153506693-7025318d5a8df39fe9c7a0f490eab26c54bba32d35ab216b95afa1d7a07bb2bf.webp"
1391661972,1038,"2026-04-02 11:58:03.934+00","entertainment","https://api-staging.newsroll.app/media/stories/1391661972-0b21d02f1c160cff8d03690e7d210646c910373c67971f17b12b9ab2161c8716.webp","Error: asset 404 https://api-staging.newsroll.app/media/stories/1391661972-0b21d02f1c160cff8d03690e7d210646c910373c67971f17b12b9ab2161c8716.webp"
2130698605,1037,"2026-04-02 11:58:03.904+00","entertainment","https://api-staging.newsroll.app/media/stories/2130698605-0b876a51e3237c72802d506606488e783d79d822554ef1359d54da9dbcb9f6f3.webp","Error: asset 404 https://api-staging.newsroll.app/media/stories/2130698605-0b876a51e3237c72802d506606488e783d79d822554ef1359d54da9dbcb9f6f3.webp"
1388337185,1036,"2026-04-02 11:58:02.906+00","entertainment","https://api-staging.newsroll.app/media/stories/1388337185-a2086b42384a50caa397102611964eda9a97800bb61ead8346084a328b0d4eb5.webp","Error: asset 404 https://api-staging.newsroll.app/media/stories/1388337185-a2086b42384a50caa397102611964eda9a97800bb61ead8346084a328b0d4eb5.webp"
4653649924,1035,"2026-04-02 11:58:02.392+00","entertainment","https://api-staging.newsroll.app/media/stories/4653649924-2865a4c9d45e6c40641718e88e78a4b76f9b92a6c3dcf263af2f8d045f365530.webp","Error: asset 404 https://api-staging.newsroll.app/media/stories/4653649924-2865a4c9d45e6c40641718e88e78a4b76f9b92a6c3dcf263af2f8d045f365530.webp"
3004668140,1034,"2026-04-02 11:57:56.949+00","entertainment","https://api-staging.newsroll.app/media/stories/3004668140-076286f8bed4d5ecb5838993baa9882583bce8b23070ca500467f5146acdf077.webp","Error: asset 404 https://api-staging.newsroll.app/media/stories/3004668140-076286f8bed4d5ecb5838993baa9882583bce8b23070ca500467f5146acdf077.webp"
3750685872,1033,"2026-04-02 11:57:56.052+00","entertainment","https://api-staging.newsroll.app/media/stories/3750685872-a109ec415188035f312c9ddafecdf18100fa689141145102390d85b7d70fbce1.webp","Error: asset 404 https://api-staging.newsroll.app/media/stories/3750685872-a109ec415188035f312c9ddafecdf18100fa689141145102390d85b7d70fbce1.webp"
3070985534,1032,"2026-04-02 11:57:55.884+00","entertainment","https://api-staging.newsroll.app/media/stories/3070985534-d65e68e872229b8abf406061735abf37206c415a34c5733155317f645a29d3d8.webp","Error: asset 404 https://api-staging.newsroll.app/media/stories/3070985534-d65e68e872229b8abf406061735abf37206c415a34c5733155317f645a29d3d8.webp"
2716091939,1031,"2026-04-02 11:57:50.415+00","entertainment","https://api-staging.newsroll.app/media/stories/2716091939-a77b32ef10e3f6d95f7a2fb4781afeae81143f5cca9720c65b92867c17cea0bd.webp","Error: asset 404 https://api-staging.newsroll.app/media/stories/2716091939-a77b32ef10e3f6d95f7a2fb4781afeae81143f5cca9720c65b92867c17cea0bd.webp"
3885050610,1030,"2026-04-02 11:57:48.844+00","entertainment","https://api-staging.newsroll.app/media/stories/3885050610-d8a3d2c1ff8a83bb88c650dc95bee3691b2b2b121f516adbdf668cff42ba7385.webp","Error: asset 404 https://api-staging.newsroll.app/media/stories/3885050610-d8a3d2c1ff8a83bb88c650dc95bee3691b2b2b121f516adbdf668cff42ba7385.webp"
3745204980,1029,"2026-04-02 11:57:48.367+00","entertainment","https://api-staging.newsroll.app/media/stories/3745204980-f029e0ac1db78406f308a4a26f1d2536ae6e6e87b5d95023ff01d00427123256.webp","Error: asset 404 https://api-staging.newsroll.app/media/stories/3745204980-f029e0ac1db78406f308a4a26f1d2536ae6e6e87b5d95023ff01d00427123256.webp"
2055960156,1028,"2026-04-02 11:57:48.876+00","entertainment","https://api-staging.newsroll.app/media/stories/2055960156-c5968c487ff541b0a83b67cce49df7b6c7a673970394540a9f9a5dc7ea96539f.webp","Error: asset 404 https://api-staging.newsroll.app/media/stories/2055960156-c5968c487ff541b0a83b67cce49df7b6c7a673970394540a9f9a5dc7ea96539f.webp"
1417336890,1027,"2026-04-02 11:57:43.983+00","business","https://api-staging.newsroll.app/media/stories/1417336890-b5b124ff0f4c7f91f112caba8918683ad1b5022002f743e12ba0b0f4b60d81f5.webp","Error: asset 404 https://api-staging.newsroll.app/media/stories/1417336890-b5b124ff0f4c7f91f112caba8918683ad1b5022002f743e12ba0b0f4b60d81f5.webp"
4538993952,1026,"2026-04-02 11:57:41.447+00","entertainment","https://api-staging.newsroll.app/media/stories/4538993952-3890702d38fe08b67f4d37a5ef348e50cd31c388e963f95ea54219c96bffdb61.webp","Error: asset 404 https://api-staging.newsroll.app/media/stories/4538993952-3890702d38fe08b67f4d37a5ef348e50cd31c388e963f95ea54219c96bffdb61.webp"
4146643247,1025,"2026-04-02 11:57:41.195+00","entertainment","https://api-staging.newsroll.app/media/stories/4146643247-049bbbf756580ddb9cc77c6016898060912522b5d64e28a3873626169e6ceee1.webp","Error: asset 404 https://api-staging.newsroll.app/media/stories/4146643247-049bbbf756580ddb9cc77c6016898060912522b5d64e28a3873626169e6ceee1.webp"
1899511896,1024,"2026-04-02 11:57:40.378+00","business","https://api-staging.newsroll.app/media/stories/1899511896-c6e3ceb95516760a7f59cf0a5508bfa7b379059d2af6546edf7a7ab670647b27.webp","Error: asset 404 https://api-staging.newsroll.app/media/stories/1899511896-c6e3ceb95516760a7f59cf0a5508bfa7b379059d2af6546edf7a7ab670647b27.webp"
4457895728,1023,"2026-04-02 11:57:37.013+00","business","https://api-staging.newsroll.app/media/stories/4457895728-8992838aaa268a5a1c4ee36713a92f1136fc1910494f4ae40e869d596a6e5e16.webp","Error: asset 404 https://api-staging.newsroll.app/media/stories/4457895728-8992838aaa268a5a1c4ee36713a92f1136fc1910494f4ae40e869d596a6e5e16.webp"
3879101282,1022,"2026-04-02 11:57:34.098+00","entertainment","https://api-staging.newsroll.app/media/stories/3879101282-999fe82dd9d1d9ef5bd862349210c208e53ba1c8fea02d833c64664f20c51753.webp","Error: asset 404 https://api-staging.newsroll.app/media/stories/3879101282-999fe82dd9d1d9ef5bd862349210c208e53ba1c8fea02d833c64664f20c51753.webp"
3912832211,1021,"2026-04-02 11:57:31.991+00","business","https://api-staging.newsroll.app/media/stories/3912832211-9a8fcfd36f0afe4696332f326b2c22fd6113c501735a540d87f80226e9ce41c0.webp","Error: asset 404 https://api-staging.newsroll.app/media/stories/3912832211-9a8fcfd36f0afe4696332f326b2c22fd6113c501735a540d87f80226e9ce41c0.webp"
2389923172,1020,"2026-04-02 11:57:30.795+00","tech","https://api-staging.newsroll.app/media/stories/2389923172-26ad152d1ce4eec23d68c4868fee312d0ed8736e5ff4a245962b600dacd56c2d.webp","Error: asset 404 https://api-staging.newsroll.app/media/stories/2389923172-26ad152d1ce4eec23d68c4868fee312d0ed8736e5ff4a245962b600dacd56c2d.webp"
2547645666,1019,"2026-04-02 11:57:26.834+00","business","https://api-staging.newsroll.app/media/stories/2547645666-b8a8548fee5f0ae0d7e8932219faf96caa2b4ca31813260cf6025e967243195e.webp","Error: asset 404 https://api-staging.newsroll.app/media/stories/2547645666-b8a8548fee5f0ae0d7e8932219faf96caa2b4ca31813260cf6025e967243195e.webp"
3930685086,1018,"2026-04-02 11:57:25.211+00","business","https://api-staging.newsroll.app/media/stories/3930685086-ae262249a11338c3575ae58eb3d5d234d8cd2d023e347192b3adffdc38a3de17.webp","Error: asset 404 https://api-staging.newsroll.app/media/stories/3930685086-ae262249a11338c3575ae58eb3d5d234d8cd2d023e347192b3adffdc38a3de17.webp"
3447018682,1017,"2026-04-02 11:57:21.561+00","tech","https://api-staging.newsroll.app/media/stories/3447018682-322c72099a774b29c378b101a23c897e58cfa444f8a18b3325325c327cd48002.webp","Error: asset 404 https://api-staging.newsroll.app/media/stories/3447018682-322c72099a774b29c378b101a23c897e58cfa444f8a18b3325325c327cd48002.webp"
3138656497,1016,"2026-04-02 11:57:22.479+00","business","https://api-staging.newsroll.app/media/stories/3138656497-137ee4b5e313f0b39b564394cb1f6ed2ad949d1e3767bac9bfe5b8fe9709146e.webp","Error: asset 404 https://api-staging.newsroll.app/media/stories/3138656497-137ee4b5e313f0b39b564394cb1f6ed2ad949d1e3767bac9bfe5b8fe9709146e.webp"
4077024396,1015,"2026-04-02 11:57:18.077+00","business","https://api-staging.newsroll.app/media/stories/4077024396-42ae810f21a9c441f5f350afbff38b5bafa04f4e1d3433ce9a3b2f026fb85ad2.webp","Error: asset 404 https://api-staging.newsroll.app/media/stories/4077024396-42ae810f21a9c441f5f350afbff38b5bafa04f4e1d3433ce9a3b2f026fb85ad2.webp"
2524775939,1014,"2026-04-02 11:57:15.812+00","business","https://api-staging.newsroll.app/media/stories/2524775939-28a9de9b84efa284117f9658b90a2f14fc8f18ff1b2b3f08b9c65c04a0ebe552.webp","Error: asset 404 https://api-staging.newsroll.app/media/stories/2524775939-28a9de9b84efa284117f9658b90a2f14fc8f18ff1b2b3f08b9c65c04a0ebe552.webp"
3990510969,1013,"2026-04-02 11:57:14.473+00","tech","https://api-staging.newsroll.app/media/stories/3990510969-cf4751badfdf8f5ad6cfb5f2ace3fe2eddcc98edd642772051ac4bc1de61c264.webp","Error: asset 404 https://api-staging.newsroll.app/media/stories/3990510969-cf4751badfdf8f5ad6cfb5f2ace3fe2eddcc98edd642772051ac4bc1de61c264.webp"
4238479550,1012,"2026-04-02 11:57:10.8+00","tech","https://api-staging.newsroll.app/media/stories/4238479550-a1560aab187f130002e4c9c8c6b544ea617f8dc1856aa189df5aba76eaa8585c.webp","Error: asset 404 https://api-staging.newsroll.app/media/stories/4238479550-a1560aab187f130002e4c9c8c6b544ea617f8dc1856aa189df5aba76eaa8585c.webp"
3315742057,1011,"2026-04-02 11:57:07.729+00","tech","https://api-staging.newsroll.app/media/stories/3315742057-6d8c54c94d345dd61c84557de0fac3315d1b24e0c378276439cc30b4e0ec1866.webp","Error: asset 404 https://api-staging.newsroll.app/media/stories/3315742057-6d8c54c94d345dd61c84557de0fac3315d1b24e0c378276439cc30b4e0ec1866.webp"
2448277610,1010,"2026-04-02 11:57:01.208+00","tech","https://api-staging.newsroll.app/media/stories/2448277610-4c9a787c8fe761ecfa13a478d22d6f441026cd8a3d5a02b44e9fe81c8bbd73b9.webp","Error: asset 404 https://api-staging.newsroll.app/media/stories/2448277610-4c9a787c8fe761ecfa13a478d22d6f441026cd8a3d5a02b44e9fe81c8bbd73b9.webp"
1185021580,1009,"2026-04-02 11:56:56.054+00","general","https://api-staging.newsroll.app/media/stories/1185021580-96130d0aba04e6c07d31affe490f9156566023d6cef0f0d6bba0c1138927a0ac.webp","Error: asset 404 https://api-staging.newsroll.app/media/stories/1185021580-96130d0aba04e6c07d31affe490f9156566023d6cef0f0d6bba0c1138927a0ac.webp"
5039776411,1008,"2026-04-02 11:56:54.372+00","tech","https://api-staging.newsroll.app/media/stories/5039776411-fe4a13aaba80fffacbe681b42485ffa0158364cd2baee30875b4ba6b064a71fe.webp","Error: asset 404 https://api-staging.newsroll.app/media/stories/5039776411-fe4a13aaba80fffacbe681b42485ffa0158364cd2baee30875b4ba6b064a71fe.webp"
3290154644,1007,"2026-04-02 11:56:49.238+00","general","https://api-staging.newsroll.app/media/stories/3290154644-3ff2d4a49391f41fc3903148e8ae600195670088f3eb205bc61a79ef78f39552.webp","Error: asset 404 https://api-staging.newsroll.app/media/stories/3290154644-3ff2d4a49391f41fc3903148e8ae600195670088f3eb205bc61a79ef78f39552.webp"
4926634948,1006,"2026-04-02 11:56:49.031+00","general","https://api-staging.newsroll.app/media/stories/4926634948-1ce522508c1f2ab3aecbb67db0a22693da2ae839cce54fcbf2ed3af50cd955fe.webp","Error: asset 404 https://api-staging.newsroll.app/media/stories/4926634948-1ce522508c1f2ab3aecbb67db0a22693da2ae839cce54fcbf2ed3af50cd955fe.webp"
2871605915,1005,"2026-04-02 11:56:47.783+00","tech","https://api-staging.newsroll.app/media/stories/2871605915-f8bcbfb6a49110b9cf37c7cbe4a65baf05d51f50dc8335cdacd24f23e3a9f5b2.webp","Error: asset 404 https://api-staging.newsroll.app/media/stories/2871605915-f8bcbfb6a49110b9cf37c7cbe4a65baf05d51f50dc8335cdacd24f23e3a9f5b2.webp"
3452774999,1004,"2026-04-02 11:56:42.053+00","general","https://api-staging.newsroll.app/media/stories/3452774999-5af0ca1cfa802dc18ca274b7e9c6aa1e48f0b90c34c066b23d50db33847c675b.webp","Error: asset 404 https://api-staging.newsroll.app/media/stories/3452774999-5af0ca1cfa802dc18ca274b7e9c6aa1e48f0b90c34c066b23d50db33847c675b.webp"
4858915891,1003,"2026-04-02 11:56:42.137+00","general","https://api-staging.newsroll.app/media/stories/4858915891-23cea579c9e52c0d8bcb923e48afc7624dd3d689a8158c9af6bf68edfd43b43e.webp","Error: asset 404 https://api-staging.newsroll.app/media/stories/4858915891-23cea579c9e52c0d8bcb923e48afc7624dd3d689a8158c9af6bf68edfd43b43e.webp"
3868602765,1002,"2026-04-02 11:56:40.797+00","general","https://api-staging.newsroll.app/media/stories/3868602765-b5417368fd9c3c0da29fa020a8de85a53150a67bc96f500c6e0bab87f91bbc29.webp","Error: asset 404 https://api-staging.newsroll.app/media/stories/3868602765-b5417368fd9c3c0da29fa020a8de85a53150a67bc96f500c6e0bab87f91bbc29.webp"
4773545474,1001,"2026-04-02 11:56:34.838+00","general","https://api-staging.newsroll.app/media/stories/4773545474-98fe8368b506fa02c2ea6e771d7ce41d813b86fd37ce9ddd1baaca828ad1ed85.webp","Error: asset 404 https://api-staging.newsroll.app/media/stories/4773545474-98fe8368b506fa02c2ea6e771d7ce41d813b86fd37ce9ddd1baaca828ad1ed85.webp"
1208396922,1000,"2026-04-02 11:56:35.086+00","general","https://api-staging.newsroll.app/media/stories/1208396922-d027e4b6ea061a6e7fb9bf3d5e7d5a7788d5b670d25aa69b261186f6c3738690.webp","Error: asset 404 https://api-staging.newsroll.app/media/stories/1208396922-d027e4b6ea061a6e7fb9bf3d5e7d5a7788d5b670d25aa69b261186f6c3738690.webp"
3549879829,999,"2026-04-02 11:56:27.363+00","general","https://api-staging.newsroll.app/media/stories/3549879829-7ea043f99022c772765ca0197f13a7bc72dc0ee310baf88f85a0d209a7542043.webp","Error: asset 404 https://api-staging.newsroll.app/media/stories/3549879829-7ea043f99022c772765ca0197f13a7bc72dc0ee310baf88f85a0d209a7542043.webp"
1117929812,998,"2026-04-02 11:56:26.428+00","general","https://api-staging.newsroll.app/media/stories/1117929812-02c1ffc5478bcef03bf107c677d93dc42fecdb4c3be422bc901b013d3db3f805.webp","Error: asset 404 https://api-staging.newsroll.app/media/stories/1117929812-02c1ffc5478bcef03bf107c677d93dc42fecdb4c3be422bc901b013d3db3f805.webp"
1196169700,997,"2026-04-02 11:56:20.81+00","general","https://api-staging.newsroll.app/media/stories/1196169700-54953903f58395ac282ff1706cafab14124740f6921c1ef49bf8c3e7f44981e6.webp","Error: asset 404 https://api-staging.newsroll.app/media/stories/1196169700-54953903f58395ac282ff1706cafab14124740f6921c1ef49bf8c3e7f44981e6.webp"
2175277256,996,"2026-04-02 11:56:00.642+00","general","https://api-staging.newsroll.app/media/stories/2175277256-942b91c2e188c2ea4307f56ff83d024f85e61bcc40607cbd49c362fe390d75bb.webp","Error: asset 404 https://api-staging.newsroll.app/media/stories/2175277256-942b91c2e188c2ea4307f56ff83d024f85e61bcc40607cbd49c362fe390d75bb.webp"
4604156679,995,"2026-04-02 11:55:54.044+00","general","https://api-staging.newsroll.app/media/stories/4604156679-089a70d1fe0cdc7682dd4e0186f55e2a8b611a2b34b9b21a576416a9fb8bcd62.webp","Error: asset 404 https://api-staging.newsroll.app/media/stories/4604156679-089a70d1fe0cdc7682dd4e0186f55e2a8b611a2b34b9b21a576416a9fb8bcd62.webp"
2413685215,994,"2026-04-02 11:55:46.473+00","general","https://api-staging.newsroll.app/media/stories/2413685215-611e1486396672ad885e5239c818fb17997599989f870af49fcd6bbf6518fe6d.webp","Error: asset 404 https://api-staging.newsroll.app/media/stories/2413685215-611e1486396672ad885e5239c818fb17997599989f870af49fcd6bbf6518fe6d.webp"
1612799983,993,"2026-04-02 11:55:39.737+00","general","https://api-staging.newsroll.app/media/stories/1612799983-a5dba25bada3ec501e97ef75cef2b25ef92bfdb1a0d7824379c0616671643327.webp","Error: asset 404 https://api-staging.newsroll.app/media/stories/1612799983-a5dba25bada3ec501e97ef75cef2b25ef92bfdb1a0d7824379c0616671643327.webp"
3285201660,992,"2026-04-02 11:55:30.793+00","general","https://api-staging.newsroll.app/media/stories/3285201660-4751e0c50b28af122cc9f82c9bdec758432c4b985fc3b00d6865044e1f8e8f80.webp","Error: asset 404 https://api-staging.newsroll.app/media/stories/3285201660-4751e0c50b28af122cc9f82c9bdec758432c4b985fc3b00d6865044e1f8e8f80.webp"
3867709749,991,"2026-04-02 11:51:49.1+00","business","https://api-staging.newsroll.app/media/stories/3867709749-ba1c9a40d217c6c69f5d26ad460443397f64e93a461ce6c4986a760c8232d007.webp","Error: asset 404 https://api-staging.newsroll.app/media/stories/3867709749-ba1c9a40d217c6c69f5d26ad460443397f64e93a461ce6c4986a760c8232d007.webp"
2687926885,990,"2026-04-02 11:51:41.193+00","business","https://api-staging.newsroll.app/media/stories/2687926885-9c48bf16ae8e901adf2143106e1949775da6ab29288a01616623e59bbf8ad27d.webp","Error: asset 404 https://api-staging.newsroll.app/media/stories/2687926885-9c48bf16ae8e901adf2143106e1949775da6ab29288a01616623e59bbf8ad27d.webp"
2823946805,989,"2026-04-02 11:51:33.107+00","business","https://api-staging.newsroll.app/media/stories/2823946805-46744d80f1c66c5d55932e021d2f80f440f4a436ed87686667031e0826b96f07.webp","Error: asset 404 https://api-staging.newsroll.app/media/stories/2823946805-46744d80f1c66c5d55932e021d2f80f440f4a436ed87686667031e0826b96f07.webp"
1033233077,988,"2026-04-02 11:51:32.118+00","business","https://api-staging.newsroll.app/media/stories/1033233077-414eee53518f2387aaafb9b3b6d13cc2e6e9f8093cf7ad33f6f5d0f688a7f638.webp","Error: asset 404 https://api-staging.newsroll.app/media/stories/1033233077-414eee53518f2387aaafb9b3b6d13cc2e6e9f8093cf7ad33f6f5d0f688a7f638.webp"
4899801156,987,"2026-04-02 11:51:25.848+00","business","https://api-staging.newsroll.app/media/stories/4899801156-2d082f3d14319d1cc0cef5315a97967ace32def45fbab48972c64dbee3f2ed6c.webp","Error: asset 404 https://api-staging.newsroll.app/media/stories/4899801156-2d082f3d14319d1cc0cef5315a97967ace32def45fbab48972c64dbee3f2ed6c.webp"
4922107143,986,"2026-04-02 11:51:19.038+00","business","https://api-staging.newsroll.app/media/stories/4922107143-c41e9bf5a4a2ff3c580ab0d195d22c74a61d5632f0038e1832a8edf9162ef210.webp","Error: asset 404 https://api-staging.newsroll.app/media/stories/4922107143-c41e9bf5a4a2ff3c580ab0d195d22c74a61d5632f0038e1832a8edf9162ef210.webp"
2182354977,985,"2026-04-02 11:51:11.683+00","business","https://api-staging.newsroll.app/media/stories/2182354977-35ee716f811fe9ec2f2b6525e977809241c96376bb4987b1b8ea9d8a2d60e2c9.webp","Error: asset 404 https://api-staging.newsroll.app/media/stories/2182354977-35ee716f811fe9ec2f2b6525e977809241c96376bb4987b1b8ea9d8a2d60e2c9.webp"
1965548732,984,"2026-04-02 11:51:04.252+00","business","https://api-staging.newsroll.app/media/stories/1965548732-fb8b08187dba021e24bbb236aec631b188f5ecd96ccef911fa5724aaf78abb84.webp","Error: asset 404 https://api-staging.newsroll.app/media/stories/1965548732-fb8b08187dba021e24bbb236aec631b188f5ecd96ccef911fa5724aaf78abb84.webp"
3949614061,983,"2026-04-02 11:50:56.619+00","business","https://api-staging.newsroll.app/media/stories/3949614061-a7de765a0dc062a68706c57147f7fedee59fa287f23cf6e0c32d7e90364b3463.webp","Error: asset 404 https://api-staging.newsroll.app/media/stories/3949614061-a7de765a0dc062a68706c57147f7fedee59fa287f23cf6e0c32d7e90364b3463.webp"
3312677278,982,"2026-04-02 11:50:47.506+00","business","https://api-staging.newsroll.app/media/stories/3312677278-c4b5cde1d168ceb5bdac25667cfb59ac8652cf524455729e2ded3c778dd7837d.webp","Error: asset 404 https://api-staging.newsroll.app/media/stories/3312677278-c4b5cde1d168ceb5bdac25667cfb59ac8652cf524455729e2ded3c778dd7837d.webp"
4328978833,981,"2026-04-02 11:50:37.158+00","general","https://api-staging.newsroll.app/media/stories/4328978833-d21fd0441859638c9447ceded249175f3feff9c4d267284ed77949d4eac5b3b4.webp","Error: asset 404 https://api-staging.newsroll.app/media/stories/4328978833-d21fd0441859638c9447ceded249175f3feff9c4d267284ed77949d4eac5b3b4.webp"
4260964409,980,"2026-04-02 11:45:37.893+00","tech","https://api-staging.newsroll.app/media/stories/4260964409-d4dee534606f721255620e062512b1488b3d16fa90246ab9c714203c0974ad77.webp","Error: asset 404 https://api-staging.newsroll.app/media/stories/4260964409-d4dee534606f721255620e062512b1488b3d16fa90246ab9c714203c0974ad77.webp"
5261576926,979,"2026-04-02 11:45:29.647+00","tech","https://api-staging.newsroll.app/media/stories/5261576926-b2010db48053d98e0ed94582dd034fd604d7533eb383b97db029b9a44af5c5f9.webp","Error: asset 404 https://api-staging.newsroll.app/media/stories/5261576926-b2010db48053d98e0ed94582dd034fd604d7533eb383b97db029b9a44af5c5f9.webp"
2285304184,978,"2026-04-02 11:45:16.918+00","tech","https://api-staging.newsroll.app/media/stories/2285304184-ba77eff51000d4ea816173da2b27a4a71059bcc17389122b63c9b7860cbdb985.webp","Error: asset 404 https://api-staging.newsroll.app/media/stories/2285304184-ba77eff51000d4ea816173da2b27a4a71059bcc17389122b63c9b7860cbdb985.webp"
1006599711,977,"2026-04-02 11:45:22.587+00","tech","https://api-staging.newsroll.app/media/stories/1006599711-61d426bc92107de27e3d8fee08687022a99d56bb26b230d0f55d11122ae84d0d.webp","Error: asset 404 https://api-staging.newsroll.app/media/stories/1006599711-61d426bc92107de27e3d8fee08687022a99d56bb26b230d0f55d11122ae84d0d.webp"
1714816949,976,"2026-04-02 11:44:51.65+00","tech","https://api-staging.newsroll.app/media/stories/1714816949-0bea728a4c0441cef7d72877fdfc15f496bdc0478e27fb294f7750d80e25b989.webp","Error: asset 404 https://api-staging.newsroll.app/media/stories/1714816949-0bea728a4c0441cef7d72877fdfc15f496bdc0478e27fb294f7750d80e25b989.webp"
3809634156,975,"2026-04-02 11:45:09.123+00","tech","https://api-staging.newsroll.app/media/stories/3809634156-0f633630d999c72682c302a36b5dfcd4e96cea7e917bbf593317149734aac98f.webp","Error: asset 404 https://api-staging.newsroll.app/media/stories/3809634156-0f633630d999c72682c302a36b5dfcd4e96cea7e917bbf593317149734aac98f.webp"
5173555264,974,"2026-04-02 11:44:35.686+00","tech","https://api-staging.newsroll.app/media/stories/5173555264-b1444ee0462a931c0be2bced853fddd83f82e3263c07d16a9f06b22d3fd60f00.webp","Error: asset 404 https://api-staging.newsroll.app/media/stories/5173555264-b1444ee0462a931c0be2bced853fddd83f82e3263c07d16a9f06b22d3fd60f00.webp"
3096083573,973,"2026-04-02 11:45:05.053+00","tech","https://api-staging.newsroll.app/media/stories/3096083573-8dc9792db7b42ff0ff7f8723c99f2ba3b21458eefe48a7e68d56baee94f0ad85.webp","Error: asset 404 https://api-staging.newsroll.app/media/stories/3096083573-8dc9792db7b42ff0ff7f8723c99f2ba3b21458eefe48a7e68d56baee94f0ad85.webp"
1590869484,972,"2026-04-02 11:45:03.426+00","tech","https://api-staging.newsroll.app/media/stories/1590869484-bee2f1669fd827831ba77408061a419a6bca5ae107e3eefc67206cf132bed04d.webp","Error: asset 404 https://api-staging.newsroll.app/media/stories/1590869484-bee2f1669fd827831ba77408061a419a6bca5ae107e3eefc67206cf132bed04d.webp"
2680299412,971,"2026-04-02 11:44:27.417+00","tech","https://api-staging.newsroll.app/media/stories/2680299412-1e7d53e31c7ef7e06b6bfc1ee2c53187ba4efceb785a7caf4591104f86b13101.webp","Error: asset 404 https://api-staging.newsroll.app/media/stories/2680299412-1e7d53e31c7ef7e06b6bfc1ee2c53187ba4efceb785a7caf4591104f86b13101.webp"
1145008088,970,"2026-04-02 11:44:58.363+00","tech","https://api-staging.newsroll.app/media/stories/1145008088-b1c56b322707b9df2a74dcc0fcb64bb94ca7764c8e40f1b2581a49c29c539baa.webp","Error: asset 404 https://api-staging.newsroll.app/media/stories/1145008088-b1c56b322707b9df2a74dcc0fcb64bb94ca7764c8e40f1b2581a49c29c539baa.webp"
1592770221,969,"2026-04-02 11:44:52.363+00","tech","https://api-staging.newsroll.app/media/stories/1592770221-b4561f7aece5eda93ceb165fa10a3ec034abde52e2909e2602e50f3c6bbcf023.webp","Error: asset 404 https://api-staging.newsroll.app/media/stories/1592770221-b4561f7aece5eda93ceb165fa10a3ec034abde52e2909e2602e50f3c6bbcf023.webp"
3394391450,968,"2026-04-02 11:44:17.41+00","tech","https://api-staging.newsroll.app/media/stories/3394391450-d45da33a586abeb78842ede6c35bdcb16dee4548fc2d0c5cedf8d2dcd149cc1d.webp","Error: asset 404 https://api-staging.newsroll.app/media/stories/3394391450-d45da33a586abeb78842ede6c35bdcb16dee4548fc2d0c5cedf8d2dcd149cc1d.webp"
2592536320,967,"2026-04-02 11:44:47.457+00","tech","https://api-staging.newsroll.app/media/stories/2592536320-55b783b05cf197c197814fbd7577fc162bdad3b901860946a07698335005f8b3.webp","Error: asset 404 https://api-staging.newsroll.app/media/stories/2592536320-55b783b05cf197c197814fbd7577fc162bdad3b901860946a07698335005f8b3.webp"
3438486685,966,"2026-04-02 11:44:45.203+00","tech","https://api-staging.newsroll.app/media/stories/3438486685-b086181cd3c025edf24aaed681a81a6874526658af7fe648b755073e755c35f0.webp","Error: asset 404 https://api-staging.newsroll.app/media/stories/3438486685-b086181cd3c025edf24aaed681a81a6874526658af7fe648b755073e755c35f0.webp"
4037457289,965,"2026-04-02 11:44:41.725+00","tech","https://api-staging.newsroll.app/media/stories/4037457289-a5386d3d5435be379536b5bb28472d67f9db42301fe3d8a4fc624d08e7435569.webp","Error: asset 404 https://api-staging.newsroll.app/media/stories/4037457289-a5386d3d5435be379536b5bb28472d67f9db42301fe3d8a4fc624d08e7435569.webp"
1752867778,964,"2026-04-02 11:44:40.77+00","tech","https://api-staging.newsroll.app/media/stories/1752867778-5b779fb3ec9ce57acd7128a4a8061f4637c8de8b218a594757f806ad3421975e.webp","Error: asset 404 https://api-staging.newsroll.app/media/stories/1752867778-5b779fb3ec9ce57acd7128a4a8061f4637c8de8b218a594757f806ad3421975e.webp"
5191992397,963,"2026-04-02 11:44:39.394+00","tech","https://api-staging.newsroll.app/media/stories/5191992397-628272299554710649689994adcda0031b7e5bdfe3d0e7765857b1bb6c629746.webp","Error: asset 404 https://api-staging.newsroll.app/media/stories/5191992397-628272299554710649689994adcda0031b7e5bdfe3d0e7765857b1bb6c629746.webp"
1950500929,962,"2026-04-02 11:44:34.84+00","tech","https://api-staging.newsroll.app/media/stories/1950500929-602ebfa848f8a182ddd6efd171afa65f2dda675fdcb5f12297f46f49ade86ea9.webp","Error: asset 404 https://api-staging.newsroll.app/media/stories/1950500929-602ebfa848f8a182ddd6efd171afa65f2dda675fdcb5f12297f46f49ade86ea9.webp"
3241850333,961,"2026-04-02 11:44:32.734+00","tech","https://api-staging.newsroll.app/media/stories/3241850333-7ae2fc605782717de23118964a2a3224aeedfa1744de2fd4857bfb5f0dd63728.webp","Error: asset 404 https://api-staging.newsroll.app/media/stories/3241850333-7ae2fc605782717de23118964a2a3224aeedfa1744de2fd4857bfb5f0dd63728.webp"
3899749806,960,"2026-04-02 11:44:28.701+00","tech","https://api-staging.newsroll.app/media/stories/3899749806-7b05a23f66291417793e00d5a853c8b6fb155e030980a686b3670e9071c2a441.webp","Error: asset 404 https://api-staging.newsroll.app/media/stories/3899749806-7b05a23f66291417793e00d5a853c8b6fb155e030980a686b3670e9071c2a441.webp"
3762543825,959,"2026-04-02 11:43:54.592+00","tech","https://api-staging.newsroll.app/media/stories/3762543825-b47fdfdab79a1576fd4c48b2c46a878d12877ad42da08ab884add7f2593a9b58.webp","Error: asset 404 https://api-staging.newsroll.app/media/stories/3762543825-b47fdfdab79a1576fd4c48b2c46a878d12877ad42da08ab884add7f2593a9b58.webp"
4854765165,958,"2026-04-02 11:44:22.607+00","tech","https://api-staging.newsroll.app/media/stories/4854765165-1eceeda29f50a0e47c4c35c8dd431d0679d25da535b9416c511052d91b6cede7.webp","Error: asset 404 https://api-staging.newsroll.app/media/stories/4854765165-1eceeda29f50a0e47c4c35c8dd431d0679d25da535b9416c511052d91b6cede7.webp"
1833460959,957,"2026-04-02 11:44:21.874+00","tech","https://api-staging.newsroll.app/media/stories/1833460959-fd7cb1b403e72b865e28a6ad3a4ef14304cec69cb690963987b713c71ed75e27.webp","Error: asset 404 https://api-staging.newsroll.app/media/stories/1833460959-fd7cb1b403e72b865e28a6ad3a4ef14304cec69cb690963987b713c71ed75e27.webp"
2439662907,956,"2026-04-02 11:44:15.68+00","tech","https://api-staging.newsroll.app/media/stories/2439662907-8e173243f866e82c14a4eceb519e513a8d8e5ba67a29635ed537ef282d7a6ff5.webp","Error: asset 404 https://api-staging.newsroll.app/media/stories/2439662907-8e173243f866e82c14a4eceb519e513a8d8e5ba67a29635ed537ef282d7a6ff5.webp"
4704272781,955,"2026-04-02 11:43:42.76+00","tech","https://api-staging.newsroll.app/media/stories/4704272781-b8106bd51c240f4852c957f02db5a1b012d1fdfd05aca3027f893b84ef8a7a30.webp","Error: asset 404 https://api-staging.newsroll.app/media/stories/4704272781-b8106bd51c240f4852c957f02db5a1b012d1fdfd05aca3027f893b84ef8a7a30.webp"
1231015735,954,"2026-04-02 11:44:11.097+00","tech","https://api-staging.newsroll.app/media/stories/1231015735-8308d8577b3833ee2f90b89fd449cf775eb148ec56467fe3061d2ea023dba365.webp","Error: asset 404 https://api-staging.newsroll.app/media/stories/1231015735-8308d8577b3833ee2f90b89fd449cf775eb148ec56467fe3061d2ea023dba365.webp"
4219102751,953,"2026-04-02 11:44:11.709+00","tech","https://api-staging.newsroll.app/media/stories/4219102751-f7f73990c022dc652db21a0bff542d6c789536302df29761f664afae8dc221b4.webp","Error: asset 404 https://api-staging.newsroll.app/media/stories/4219102751-f7f73990c022dc652db21a0bff542d6c789536302df29761f664afae8dc221b4.webp"
3328794503,952,"2026-04-02 11:44:10.386+00","tech","https://api-staging.newsroll.app/media/stories/3328794503-a11e6afb7f55feddfcdd25accab54bb9dd36ee0c29aa443147d0ced5ff5691a4.webp","Error: asset 404 https://api-staging.newsroll.app/media/stories/3328794503-a11e6afb7f55feddfcdd25accab54bb9dd36ee0c29aa443147d0ced5ff5691a4.webp"
3528022013,951,"2026-04-02 11:44:04.767+00","tech","https://api-staging.newsroll.app/media/stories/3528022013-068658605db5f0627fc9eb3b80a539ff14ce22c181d147cfe114fc4256f774a6.webp","Error: asset 404 https://api-staging.newsroll.app/media/stories/3528022013-068658605db5f0627fc9eb3b80a539ff14ce22c181d147cfe114fc4256f774a6.webp"
4850603798,950,"2026-04-02 11:44:04.173+00","tech","https://api-staging.newsroll.app/media/stories/4850603798-b0d841c4282c35443b7b0eb19abb46b65c0bb4c389fb393d771bd924dbac8bf2.webp","Error: asset 404 https://api-staging.newsroll.app/media/stories/4850603798-b0d841c4282c35443b7b0eb19abb46b65c0bb4c389fb393d771bd924dbac8bf2.webp"
3579585569,949,"2026-04-02 11:43:59.382+00","tech","https://api-staging.newsroll.app/media/stories/3579585569-a7c6e70f2861a74d7a5eda65614b475d2e67118367af3a7a2d9cef80ab35274c.webp","Error: asset 404 https://api-staging.newsroll.app/media/stories/3579585569-a7c6e70f2861a74d7a5eda65614b475d2e67118367af3a7a2d9cef80ab35274c.webp"
4146042752,948,"2026-04-02 11:43:55.058+00","tech","https://api-staging.newsroll.app/media/stories/4146042752-34acb072fc692665a1ccb17fa8017da360e4c1adc74be80c480382358a6bea54.webp","Error: asset 404 https://api-staging.newsroll.app/media/stories/4146042752-34acb072fc692665a1ccb17fa8017da360e4c1adc74be80c480382358a6bea54.webp"
4719071824,947,"2026-04-02 11:43:51.899+00","tech","https://api-staging.newsroll.app/media/stories/4719071824-a9b93d0884ceb1003a03e8bd7a9586674521bfb0fbd3362716ac514c36f89aaa.webp","Error: asset 404 https://api-staging.newsroll.app/media/stories/4719071824-a9b93d0884ceb1003a03e8bd7a9586674521bfb0fbd3362716ac514c36f89aaa.webp"
4024192562,946,"2026-04-02 11:43:08.099+00","tech","https://api-staging.newsroll.app/media/stories/4024192562-91d24a173f02fcf15cec715d3fc7c946c1108f1310385074743aaa1bc83e7092.webp","Error: asset 404 https://api-staging.newsroll.app/media/stories/4024192562-91d24a173f02fcf15cec715d3fc7c946c1108f1310385074743aaa1bc83e7092.webp"
4008141347,945,"2026-04-02 11:43:44.803+00","tech","https://api-staging.newsroll.app/media/stories/4008141347-2b7d6c1997ad847d960dd229ac43cde8906f4f4af499e48aedc065f1b7e9fc26.webp","Error: asset 404 https://api-staging.newsroll.app/media/stories/4008141347-2b7d6c1997ad847d960dd229ac43cde8906f4f4af499e48aedc065f1b7e9fc26.webp"
1489321163,944,"2026-04-02 11:43:43.46+00","tech","https://api-staging.newsroll.app/media/stories/1489321163-8b645db5c4e07931b64b0c6826defb1af6973c33bad06c205bc3e7275786b005.webp","Error: asset 404 https://api-staging.newsroll.app/media/stories/1489321163-8b645db5c4e07931b64b0c6826defb1af6973c33bad06c205bc3e7275786b005.webp"
5251995679,943,"2026-04-02 11:43:34.724+00","tech","https://api-staging.newsroll.app/media/stories/5251995679-418df2615f9bf68de5acad9c22849f0ae251e5f5bfb86d74947157c2b0208ab2.webp","Error: asset 404 https://api-staging.newsroll.app/media/stories/5251995679-418df2615f9bf68de5acad9c22849f0ae251e5f5bfb86d74947157c2b0208ab2.webp"
3791546626,942,"2026-04-02 11:43:34.675+00","tech","https://api-staging.newsroll.app/media/stories/3791546626-c318267a430c568f78acc3611fbb845007982ef1672e9365d7dd1dfb86b2252f.webp","Error: asset 404 https://api-staging.newsroll.app/media/stories/3791546626-c318267a430c568f78acc3611fbb845007982ef1672e9365d7dd1dfb86b2252f.webp"
1308842158,941,"2026-04-02 11:43:31.556+00","tech","https://api-staging.newsroll.app/media/stories/1308842158-442f384420700899f9288dfe8edeaa796d7957347c39b191bd649650916f8bfc.webp","Error: asset 404 https://api-staging.newsroll.app/media/stories/1308842158-442f384420700899f9288dfe8edeaa796d7957347c39b191bd649650916f8bfc.webp"
4651525309,940,"2026-04-02 11:43:27.783+00","tech","https://api-staging.newsroll.app/media/stories/4651525309-4e8e082d09c57be509e5536ee110085ea6fb4a27e2d231f50a1ec658bb71618a.webp","Error: asset 404 https://api-staging.newsroll.app/media/stories/4651525309-4e8e082d09c57be509e5536ee110085ea6fb4a27e2d231f50a1ec658bb71618a.webp"
2876639173,939,"2026-04-02 11:43:23.414+00","tech","https://api-staging.newsroll.app/media/stories/2876639173-1d229400ff8abc4f359aa4a56ac8ee531c685edf68b51a87b366cbe3e01aa077.webp","Error: asset 404 https://api-staging.newsroll.app/media/stories/2876639173-1d229400ff8abc4f359aa4a56ac8ee531c685edf68b51a87b366cbe3e01aa077.webp"
2296781938,938,"2026-04-02 11:43:21.919+00","tech","https://api-staging.newsroll.app/media/stories/2296781938-79c8ecaf4d174b0951acd8db867cf543f0d0144b6f5a692dc7e5d1d3046c3ac7.webp","Error: asset 404 https://api-staging.newsroll.app/media/stories/2296781938-79c8ecaf4d174b0951acd8db867cf543f0d0144b6f5a692dc7e5d1d3046c3ac7.webp"
4882894673,937,"2026-04-02 11:43:17.275+00","tech","https://api-staging.newsroll.app/media/stories/4882894673-f526f0c6e8bade13601464fb10132698155d1735ca6f9967252c381496251557.webp","Error: asset 404 https://api-staging.newsroll.app/media/stories/4882894673-f526f0c6e8bade13601464fb10132698155d1735ca6f9967252c381496251557.webp"
4845363635,936,"2026-04-02 11:43:14.714+00","tech","https://api-staging.newsroll.app/media/stories/4845363635-970f1ec4c66e11317c238f752348ce533de951d3bdb3a99fa4dffb8db088e37c.webp","Error: asset 404 https://api-staging.newsroll.app/media/stories/4845363635-970f1ec4c66e11317c238f752348ce533de951d3bdb3a99fa4dffb8db088e37c.webp"
1301243342,935,"2026-04-02 11:43:14.831+00","tech","https://api-staging.newsroll.app/media/stories/1301243342-07a6dd1dd88bf4beea6ad55c9748910c8971b49cbb05945916adaaa94bb76e05.webp","Error: asset 404 https://api-staging.newsroll.app/media/stories/1301243342-07a6dd1dd88bf4beea6ad55c9748910c8971b49cbb05945916adaaa94bb76e05.webp"
3417333687,934,"2026-04-02 11:43:10.536+00","tech","https://api-staging.newsroll.app/media/stories/3417333687-d9ee3c04b6008a0e388a21a816f8ee3dfd5014216aa6c9b6323986e6f32095b7.webp","Error: asset 404 https://api-staging.newsroll.app/media/stories/3417333687-d9ee3c04b6008a0e388a21a816f8ee3dfd5014216aa6c9b6323986e6f32095b7.webp"
5269642391,933,"2026-04-02 11:43:08.321+00","tech","https://api-staging.newsroll.app/media/stories/5269642391-b5b47092ee4b21bd23d8e86155b9fd0995ec70b50ada6cceadd1bcbbfaf39fdf.webp","Error: asset 404 https://api-staging.newsroll.app/media/stories/5269642391-b5b47092ee4b21bd23d8e86155b9fd0995ec70b50ada6cceadd1bcbbfaf39fdf.webp"
3198648111,932,"2026-04-02 11:43:04.65+00","tech","https://api-staging.newsroll.app/media/stories/3198648111-83d0277d6eff9b579ebe5ad27d1d254b0c9cfc985c593ee414e5f430b71257ad.webp","Error: asset 404 https://api-staging.newsroll.app/media/stories/3198648111-83d0277d6eff9b579ebe5ad27d1d254b0c9cfc985c593ee414e5f430b71257ad.webp"
1206772927,931,"2026-04-02 11:43:03.792+00","tech","https://api-staging.newsroll.app/media/stories/1206772927-258a68b145d98b9d187734378fc96b553e0cf7701f71cb1a6db35f2e46ec003d.webp","Error: asset 404 https://api-staging.newsroll.app/media/stories/1206772927-258a68b145d98b9d187734378fc96b553e0cf7701f71cb1a6db35f2e46ec003d.webp"
3926118301,930,"2026-04-02 11:43:01.562+00","tech","https://api-staging.newsroll.app/media/stories/3926118301-2dcfca03d34804184dce89035117a31215778a7f3721ed12d619614cfdef162c.webp","Error: asset 404 https://api-staging.newsroll.app/media/stories/3926118301-2dcfca03d34804184dce89035117a31215778a7f3721ed12d619614cfdef162c.webp"
2994094190,929,"2026-04-02 11:42:57.717+00","tech","https://api-staging.newsroll.app/media/stories/2994094190-01d3f162a6422c5dbd4a863575ab2fdae6b828fe304c3b0c709480446009fb2c.webp","Error: asset 404 https://api-staging.newsroll.app/media/stories/2994094190-01d3f162a6422c5dbd4a863575ab2fdae6b828fe304c3b0c709480446009fb2c.webp"
2787918815,928,"2026-04-02 11:42:56.469+00","tech","https://api-staging.newsroll.app/media/stories/2787918815-5ca2dcc2fc72d7ccdad8b523e1aa04c631a45350be378ab859d7a70cc67d15ec.webp","Error: asset 404 https://api-staging.newsroll.app/media/stories/2787918815-5ca2dcc2fc72d7ccdad8b523e1aa04c631a45350be378ab859d7a70cc67d15ec.webp"
2363483998,927,"2026-04-02 11:42:57.187+00","tech","https://api-staging.newsroll.app/media/stories/2363483998-7dcbd604a5bbb9778ec9394d8659d1b71989214454223a2cdb322a1d37a69916.webp","Error: asset 404 https://api-staging.newsroll.app/media/stories/2363483998-7dcbd604a5bbb9778ec9394d8659d1b71989214454223a2cdb322a1d37a69916.webp"
2698885291,926,"2026-04-02 11:42:53.372+00","tech","https://api-staging.newsroll.app/media/stories/2698885291-1950d5a4584f701dab9d305eee37449322e0df8670a8adfa9c8fdc5e6795eafb.webp","Error: asset 404 https://api-staging.newsroll.app/media/stories/2698885291-1950d5a4584f701dab9d305eee37449322e0df8670a8adfa9c8fdc5e6795eafb.webp"
2108136273,925,"2026-04-02 11:42:50.434+00","tech","https://api-staging.newsroll.app/media/stories/2108136273-6991f618d851897be26a5c385f187a2132ace87240381df6a3dc4f793b8bbde6.webp","Error: asset 404 https://api-staging.newsroll.app/media/stories/2108136273-6991f618d851897be26a5c385f187a2132ace87240381df6a3dc4f793b8bbde6.webp"
5038846990,924,"2026-04-02 11:42:49.703+00","tech","https://api-staging.newsroll.app/media/stories/5038846990-de949ae8ecc312e2f90161434234eca1c741d13bce9e5bc0225566f2e65ee897.webp","Error: asset 404 https://api-staging.newsroll.app/media/stories/5038846990-de949ae8ecc312e2f90161434234eca1c741d13bce9e5bc0225566f2e65ee897.webp"
3099286078,923,"2026-04-02 11:42:45.783+00","tech","https://api-staging.newsroll.app/media/stories/3099286078-c72df4d615c7436a37dc40740089f9684b486a097c7cb1b54b5015a752377e4f.webp","Error: asset 404 https://api-staging.newsroll.app/media/stories/3099286078-c72df4d615c7436a37dc40740089f9684b486a097c7cb1b54b5015a752377e4f.webp"
3034843168,922,"2026-04-02 11:42:45.172+00","tech","https://api-staging.newsroll.app/media/stories/3034843168-35ee033ce62519e46b4f63688f1e0e5d164f8b900d5cd18f6a9605f8da2babfc.webp","Error: asset 404 https://api-staging.newsroll.app/media/stories/3034843168-35ee033ce62519e46b4f63688f1e0e5d164f8b900d5cd18f6a9605f8da2babfc.webp"
1071195325,921,"2026-04-02 11:42:43.289+00","tech","https://api-staging.newsroll.app/media/stories/1071195325-b2a8d1c07d3ecce32f00e968fc805c36f2fa0f8ee476393920fbcbe6930db521.webp","Error: asset 404 https://api-staging.newsroll.app/media/stories/1071195325-b2a8d1c07d3ecce32f00e968fc805c36f2fa0f8ee476393920fbcbe6930db521.webp"
4549590197,920,"2026-04-02 11:42:42.473+00","tech","https://api-staging.newsroll.app/media/stories/4549590197-a96e508ba20b0ab00ee211d4b561da2bbbbb197d18f08a8d918046fe57e5f687.webp","Error: asset 404 https://api-staging.newsroll.app/media/stories/4549590197-a96e508ba20b0ab00ee211d4b561da2bbbbb197d18f08a8d918046fe57e5f687.webp"
3960444635,919,"2026-04-02 11:42:42.042+00","tech","https://api-staging.newsroll.app/media/stories/3960444635-831d352fc3c658ae2c3d9f77c19dbba3e721d841b761df0f3d006301acc1e291.webp","Error: asset 404 https://api-staging.newsroll.app/media/stories/3960444635-831d352fc3c658ae2c3d9f77c19dbba3e721d841b761df0f3d006301acc1e291.webp"
4267048228,918,"2026-04-02 11:42:38.867+00","tech","https://api-staging.newsroll.app/media/stories/4267048228-47d911421195b505c718ab9ee80036836bc65a05c3b3fda611d8b767441cdbcf.webp","Error: asset 404 https://api-staging.newsroll.app/media/stories/4267048228-47d911421195b505c718ab9ee80036836bc65a05c3b3fda611d8b767441cdbcf.webp"
1432634312,917,"2026-04-02 11:42:37.493+00","tech","https://api-staging.newsroll.app/media/stories/1432634312-c007b316d8fba9869bbe4da77cbb86d7d540246e186a103b457d4a0b61106dcc.webp","Error: asset 404 https://api-staging.newsroll.app/media/stories/1432634312-c007b316d8fba9869bbe4da77cbb86d7d540246e186a103b457d4a0b61106dcc.webp"
1332787401,916,"2026-04-02 11:42:33.277+00","tech","https://api-staging.newsroll.app/media/stories/1332787401-ca43afd81db4b5c6c8defca55def77c03e3062cc858dbb127f78f82abbf5632f.webp","Error: asset 404 https://api-staging.newsroll.app/media/stories/1332787401-ca43afd81db4b5c6c8defca55def77c03e3062cc858dbb127f78f82abbf5632f.webp"
4485518581,915,"2026-04-02 11:42:35.141+00","tech","https://api-staging.newsroll.app/media/stories/4485518581-cc274d7ed8664f944e99a25583ffda1ec363c5e3a926683711dc01f1a31f9aee.webp","Error: asset 404 https://api-staging.newsroll.app/media/stories/4485518581-cc274d7ed8664f944e99a25583ffda1ec363c5e3a926683711dc01f1a31f9aee.webp"
4694311846,914,"2026-04-02 11:42:32.011+00","tech","https://api-staging.newsroll.app/media/stories/4694311846-39dfcc4afbfd96d79cdf52388c00d97bcd83fb1475de528fdb46bfad45e90e43.webp","Error: asset 404 https://api-staging.newsroll.app/media/stories/4694311846-39dfcc4afbfd96d79cdf52388c00d97bcd83fb1475de528fdb46bfad45e90e43.webp"
1975743186,913,"2026-04-02 11:42:27.518+00","tech","https://api-staging.newsroll.app/media/stories/1975743186-59dd843aec325415a66eb150e30f556be0e4388109641310931ced662a75bdfb.webp","Error: asset 404 https://api-staging.newsroll.app/media/stories/1975743186-59dd843aec325415a66eb150e30f556be0e4388109641310931ced662a75bdfb.webp"
5279867711,912,"2026-04-02 11:42:25.451+00","tech","https://api-staging.newsroll.app/media/stories/5279867711-5d021232cfa5d6c6ced74278f84548ee52a577f2bf7022acd7f2df4f0281a164.webp","Error: asset 404 https://api-staging.newsroll.app/media/stories/5279867711-5d021232cfa5d6c6ced74278f84548ee52a577f2bf7022acd7f2df4f0281a164.webp"
3736125696,911,"2026-04-02 11:42:21.018+00","tech","https://api-staging.newsroll.app/media/stories/3736125696-b57fe6e95e9e9d4269b6a91ff4147927121b5121f36593e46af4496c8bdc8503.webp","Error: asset 404 https://api-staging.newsroll.app/media/stories/3736125696-b57fe6e95e9e9d4269b6a91ff4147927121b5121f36593e46af4496c8bdc8503.webp"
3881045235,910,"2026-04-02 11:42:18.633+00","tech","https://api-staging.newsroll.app/media/stories/3881045235-192dfede4692ffdb54cdec88b8f04f47e11921dd019ad3400b65096bf0d8511f.webp","Error: asset 404 https://api-staging.newsroll.app/media/stories/3881045235-192dfede4692ffdb54cdec88b8f04f47e11921dd019ad3400b65096bf0d8511f.webp"
2881167979,909,"2026-04-02 11:42:16.955+00","tech","https://api-staging.newsroll.app/media/stories/2881167979-0a2baae65ea806dcbf9efb9edd6a310bb6acf58870cbdf2d23c0dedae52d50d8.webp","Error: asset 404 https://api-staging.newsroll.app/media/stories/2881167979-0a2baae65ea806dcbf9efb9edd6a310bb6acf58870cbdf2d23c0dedae52d50d8.webp"
1248158066,908,"2026-04-02 11:42:13.981+00","tech","https://api-staging.newsroll.app/media/stories/1248158066-3f09eacce69ed05809ee507f86c7fc9b898558013f4113d70631d6efcffb2c04.webp","Error: asset 404 https://api-staging.newsroll.app/media/stories/1248158066-3f09eacce69ed05809ee507f86c7fc9b898558013f4113d70631d6efcffb2c04.webp"
2311949602,907,"2026-04-02 11:42:09.323+00","tech","https://api-staging.newsroll.app/media/stories/2311949602-f67c5f89d42c2dde4c0cbb6c3acd3fd969f5fa9480a13ef93f13c533dc1f40d5.webp","Error: asset 404 https://api-staging.newsroll.app/media/stories/2311949602-f67c5f89d42c2dde4c0cbb6c3acd3fd969f5fa9480a13ef93f13c533dc1f40d5.webp"
1479762221,906,"2026-04-02 11:42:09.638+00","tech","https://api-staging.newsroll.app/media/stories/1479762221-f3f80c570874525f97559622ebf2dee13734aadac0a49db474aa1f9f838e54f4.webp","Error: asset 404 https://api-staging.newsroll.app/media/stories/1479762221-f3f80c570874525f97559622ebf2dee13734aadac0a49db474aa1f9f838e54f4.webp"
1390201613,905,"2026-04-02 11:42:03.185+00","tech","https://api-staging.newsroll.app/media/stories/1390201613-2467a37d80f821c9cd8808482923b48e7cddcf25d1180b70ae031b7ae75ec800.webp","Error: asset 404 https://api-staging.newsroll.app/media/stories/1390201613-2467a37d80f821c9cd8808482923b48e7cddcf25d1180b70ae031b7ae75ec800.webp"
1947697880,904,"2026-04-02 11:42:02.386+00","tech","https://api-staging.newsroll.app/media/stories/1947697880-db4ebc0ead48e5d8d9991af48e3a790699b1f488b29001dda2ffb397b368828d.webp","Error: asset 404 https://api-staging.newsroll.app/media/stories/1947697880-db4ebc0ead48e5d8d9991af48e3a790699b1f488b29001dda2ffb397b368828d.webp"
1220904368,903,"2026-04-02 11:41:55.373+00","tech","https://api-staging.newsroll.app/media/stories/1220904368-b0d3fe5984646f3a8e6c8155a6fe33c912d32710a9cf52536f2a0fd6673f2827.webp","Error: asset 404 https://api-staging.newsroll.app/media/stories/1220904368-b0d3fe5984646f3a8e6c8155a6fe33c912d32710a9cf52536f2a0fd6673f2827.webp"
2923663003,902,"2026-04-02 11:41:53.985+00","tech","https://api-staging.newsroll.app/media/stories/2923663003-7414b8a1a19b79740223226b93c05aac278a2ced8ba545bf91ad2874998421ac.webp","Error: asset 404 https://api-staging.newsroll.app/media/stories/2923663003-7414b8a1a19b79740223226b93c05aac278a2ced8ba545bf91ad2874998421ac.webp"
4031646263,901,"2026-04-02 11:41:55.436+00","tech","https://api-staging.newsroll.app/media/stories/4031646263-467407ea36594aeb8ac6f4ed730d9270d0c793bf80c938c038bbc857d1d86b7b.webp","Error: asset 404 https://api-staging.newsroll.app/media/stories/4031646263-467407ea36594aeb8ac6f4ed730d9270d0c793bf80c938c038bbc857d1d86b7b.webp"
3239175695,900,"2026-04-02 11:41:48.26+00","tech","https://api-staging.newsroll.app/media/stories/3239175695-9e4bd4f9c208fbe4a9ff23327035149fdb2a4dc27f92e6cf698b2ce521842de7.webp","Error: asset 404 https://api-staging.newsroll.app/media/stories/3239175695-9e4bd4f9c208fbe4a9ff23327035149fdb2a4dc27f92e6cf698b2ce521842de7.webp"
5014298469,899,"2026-04-02 11:41:43.353+00","tech","https://api-staging.newsroll.app/media/stories/5014298469-982ffea7178b10a813c424cf170d97fd455f43cecaac589c504caa785cdf1435.webp","Error: asset 404 https://api-staging.newsroll.app/media/stories/5014298469-982ffea7178b10a813c424cf170d97fd455f43cecaac589c504caa785cdf1435.webp"
5156472895,898,"2026-04-02 11:41:40.996+00","tech","https://api-staging.newsroll.app/media/stories/5156472895-2b78d96bb82a35da958029dabda224a66ee345c96e554cc2f93c49964b608305.webp","Error: asset 404 https://api-staging.newsroll.app/media/stories/5156472895-2b78d96bb82a35da958029dabda224a66ee345c96e554cc2f93c49964b608305.webp"
4582831213,897,"2026-04-02 11:41:19.239+00","tech","https://api-staging.newsroll.app/media/stories/4582831213-3146bc35eed07684d60e121612c004fa53b265a53dfc81c752c57d7f34c9b53a.webp","Error: asset 404 https://api-staging.newsroll.app/media/stories/4582831213-3146bc35eed07684d60e121612c004fa53b265a53dfc81c752c57d7f34c9b53a.webp"
4613228334,896,"2026-04-02 11:41:11.093+00","tech","https://api-staging.newsroll.app/media/stories/4613228334-7b790ce452e8730005fd6482842325fe27e93f30af7e72066d683988cb3bee22.webp","Error: asset 404 https://api-staging.newsroll.app/media/stories/4613228334-7b790ce452e8730005fd6482842325fe27e93f30af7e72066d683988cb3bee22.webp"
1641474627,895,"2026-04-02 11:41:04.633+00","tech","https://api-staging.newsroll.app/media/stories/1641474627-d324f5a174ee516acec8d0de978562f8c58d5bd9a8af5cab0f373a4578dd05b0.webp","Error: asset 404 https://api-staging.newsroll.app/media/stories/1641474627-d324f5a174ee516acec8d0de978562f8c58d5bd9a8af5cab0f373a4578dd05b0.webp"
4340812146,894,"2026-04-02 11:40:57.882+00","tech","https://api-staging.newsroll.app/media/stories/4340812146-145053d371338cf190e6292843b126383e5c35377a3a5eb172a4f71849c6d09c.webp","Error: asset 404 https://api-staging.newsroll.app/media/stories/4340812146-145053d371338cf190e6292843b126383e5c35377a3a5eb172a4f71849c6d09c.webp"
3676286180,893,"2026-04-02 11:40:49.013+00","tech","https://api-staging.newsroll.app/media/stories/3676286180-21204d648f684650a27d18c00c58a7bcadf11298a42d4a1bdcb38d518d559e9e.webp","Error: asset 404 https://api-staging.newsroll.app/media/stories/3676286180-21204d648f684650a27d18c00c58a7bcadf11298a42d4a1bdcb38d518d559e9e.webp"
3943750604,892,"2026-04-02 11:38:32.976+00","tech","https://api-staging.newsroll.app/media/stories/3943750604-a0003fcac2cdd2577ea31e68b9515162d6188995cb3b025ffd3493bb0a89bd7a.webp","Error: asset 404 https://api-staging.newsroll.app/media/stories/3943750604-a0003fcac2cdd2577ea31e68b9515162d6188995cb3b025ffd3493bb0a89bd7a.webp"
2806634395,891,"2026-04-02 11:38:16.072+00","tech","https://api-staging.newsroll.app/media/stories/2806634395-9cfd95eb170c4d98987a993e3280d6afbc5e56642a9cbffba29b9d00b01f1b09.webp","Error: asset 404 https://api-staging.newsroll.app/media/stories/2806634395-9cfd95eb170c4d98987a993e3280d6afbc5e56642a9cbffba29b9d00b01f1b09.webp"
4023046144,890,"2026-04-02 11:37:34.287+00","tech","https://api-staging.newsroll.app/media/stories/4023046144-04c3ee88592872619968044a6dd9d420af68ad2d641af4d8ec6d6a80c6aadcba.webp","Error: asset 404 https://api-staging.newsroll.app/media/stories/4023046144-04c3ee88592872619968044a6dd9d420af68ad2d641af4d8ec6d6a80c6aadcba.webp"
1192730584,889,"2026-04-02 11:37:28.042+00","tech","https://api-staging.newsroll.app/media/stories/1192730584-9eb100086218a5cf8401949733e988d0eb42f609ab551fa450ac7888a1a7ca57.webp","Error: asset 404 https://api-staging.newsroll.app/media/stories/1192730584-9eb100086218a5cf8401949733e988d0eb42f609ab551fa450ac7888a1a7ca57.webp"
4550940369,888,"2026-04-02 11:37:26.992+00","general","https://api-staging.newsroll.app/media/stories/4550940369-0d979097814e60474a73ab22baca56e9c1e37a46f6cf12a9a7d9d5be447365ee.webp","Error: asset 404 https://api-staging.newsroll.app/media/stories/4550940369-0d979097814e60474a73ab22baca56e9c1e37a46f6cf12a9a7d9d5be447365ee.webp"
3927284249,887,"2026-04-02 11:37:18.334+00","tech","https://api-staging.newsroll.app/media/stories/3927284249-8fa7b78c4962e671a4910790d30f5fb57e4e3b6b36cf99895111b25dbe149676.webp","Error: asset 404 https://api-staging.newsroll.app/media/stories/3927284249-8fa7b78c4962e671a4910790d30f5fb57e4e3b6b36cf99895111b25dbe149676.webp"
4791705257,886,"2026-04-02 11:37:19.611+00","tech","https://api-staging.newsroll.app/media/stories/4791705257-1fd1a67c6a02a99d393f835ea59d80d4558c49cc4709cf806d942332f6d4729c.webp","Error: asset 404 https://api-staging.newsroll.app/media/stories/4791705257-1fd1a67c6a02a99d393f835ea59d80d4558c49cc4709cf806d942332f6d4729c.webp"
3401088361,885,"2026-04-02 11:37:19.587+00","general","https://api-staging.newsroll.app/media/stories/3401088361-a97a24a7a3b0a544d2b89035b34828f148aa5417099ab77c07f61406e1bf245c.webp","Error: asset 404 https://api-staging.newsroll.app/media/stories/3401088361-a97a24a7a3b0a544d2b89035b34828f148aa5417099ab77c07f61406e1bf245c.webp"
3167953808,884,"2026-04-02 11:37:14.37+00","general","https://api-staging.newsroll.app/media/stories/3167953808-32d0622292107bf93788abc98056bcfc5990ccbf1adeef8b1918a32a80ab390c.webp","Error: asset 404 https://api-staging.newsroll.app/media/stories/3167953808-32d0622292107bf93788abc98056bcfc5990ccbf1adeef8b1918a32a80ab390c.webp"
2176988213,883,"2026-04-02 11:37:12.418+00","general","https://api-staging.newsroll.app/media/stories/2176988213-ed71dff29c8ad0853619e8a68c996f09017f19c58ff2101ea88888c82a331e44.webp","Error: asset 404 https://api-staging.newsroll.app/media/stories/2176988213-ed71dff29c8ad0853619e8a68c996f09017f19c58ff2101ea88888c82a331e44.webp"
4080310963,882,"2026-04-02 11:37:03.057+00","general","https://api-staging.newsroll.app/media/stories/4080310963-9a0c3abaf5f73c6e8f604dcd59cba5b77d3cb8ee63f4431138e0eb4f46029593.webp","Error: asset 404 https://api-staging.newsroll.app/media/stories/4080310963-9a0c3abaf5f73c6e8f604dcd59cba5b77d3cb8ee63f4431138e0eb4f46029593.webp"
2863834871,881,"2026-04-02 11:37:03.768+00","general","https://api-staging.newsroll.app/media/stories/2863834871-5a4fc78111ce41af5f28ba32f09d2c2eefe8d92fe37dfa2e7053f25113412c7c.webp","Error: asset 404 https://api-staging.newsroll.app/media/stories/2863834871-5a4fc78111ce41af5f28ba32f09d2c2eefe8d92fe37dfa2e7053f25113412c7c.webp"
4174325930,880,"2026-04-02 11:36:58.338+00","general","https://api-staging.newsroll.app/media/stories/4174325930-c608e6427e73d8aad9cf06d4b550e0aa66f004b121621f3940643b68185a2be7.webp","Error: asset 404 https://api-staging.newsroll.app/media/stories/4174325930-c608e6427e73d8aad9cf06d4b550e0aa66f004b121621f3940643b68185a2be7.webp"
5014221501,879,"2026-04-02 11:36:47.651+00","general","https://api-staging.newsroll.app/media/stories/5014221501-729ca1f067e6f8f6c1887a98cb58ab165ce4b96dccb111b56aa07203810a86e8.webp","Error: asset 404 https://api-staging.newsroll.app/media/stories/5014221501-729ca1f067e6f8f6c1887a98cb58ab165ce4b96dccb111b56aa07203810a86e8.webp"
2993956773,878,"2026-04-02 11:36:56.65+00","general","https://api-staging.newsroll.app/media/stories/2993956773-556e35d5766af581b3f2cdf6162a4eb55b5b746535e613890957ea2124814714.webp","Error: asset 404 https://api-staging.newsroll.app/media/stories/2993956773-556e35d5766af581b3f2cdf6162a4eb55b5b746535e613890957ea2124814714.webp"
3048986483,877,"2026-04-02 11:36:50.137+00","general","https://api-staging.newsroll.app/media/stories/3048986483-7d866bc95d51d23f255c1e4437426b19ab734a20fdff90a61dda2ed95dc7eb0c.webp","Error: asset 404 https://api-staging.newsroll.app/media/stories/3048986483-7d866bc95d51d23f255c1e4437426b19ab734a20fdff90a61dda2ed95dc7eb0c.webp"
1151564571,876,"2026-04-02 11:36:43.323+00","general","https://api-staging.newsroll.app/media/stories/1151564571-40df3b125891a8e0443f6163d24b285e374d61195bb791c960630167fe7d3608.webp","Error: asset 404 https://api-staging.newsroll.app/media/stories/1151564571-40df3b125891a8e0443f6163d24b285e374d61195bb791c960630167fe7d3608.webp"
3530454618,875,"2026-04-02 11:36:22.838+00","general","https://api-staging.newsroll.app/media/stories/3530454618-3a04e3381f20847074da9fd615caf4d8bdf67200e1e6251eac0805caab80d3df.webp","Error: asset 404 https://api-staging.newsroll.app/media/stories/3530454618-3a04e3381f20847074da9fd615caf4d8bdf67200e1e6251eac0805caab80d3df.webp"
3788406810,874,"2026-04-02 11:36:06.271+00","general","https://api-staging.newsroll.app/media/stories/3788406810-0862bae02f22c4b620c455ff2ec688c02732a39d6e16f5e2bcd3a7a5d468b93e.webp","Error: asset 404 https://api-staging.newsroll.app/media/stories/3788406810-0862bae02f22c4b620c455ff2ec688c02732a39d6e16f5e2bcd3a7a5d468b93e.webp"
4569661123,873,"2026-04-02 11:35:59.039+00","general","https://api-staging.newsroll.app/media/stories/4569661123-fe13c82917c84edfe0e9213b46350a090d9a4ebf094fe78070cc3be55b7d2c3f.webp","Error: asset 404 https://api-staging.newsroll.app/media/stories/4569661123-fe13c82917c84edfe0e9213b46350a090d9a4ebf094fe78070cc3be55b7d2c3f.webp"
4188449593,872,"2026-04-02 11:35:51.774+00","general","https://api-staging.newsroll.app/media/stories/4188449593-5ecb4d4f91d4cc849b54a46bb5f713b732e9b9e6395f81b0b21bd1799a6b3ec9.webp","Error: asset 404 https://api-staging.newsroll.app/media/stories/4188449593-5ecb4d4f91d4cc849b54a46bb5f713b732e9b9e6395f81b0b21bd1799a6b3ec9.webp"
3734292447,871,"2026-04-02 11:35:43.366+00","general","https://api-staging.newsroll.app/media/stories/3734292447-5a4fc78111ce41af5f28ba32f09d2c2eefe8d92fe37dfa2e7053f25113412c7c.webp","Error: asset 404 https://api-staging.newsroll.app/media/stories/3734292447-5a4fc78111ce41af5f28ba32f09d2c2eefe8d92fe37dfa2e7053f25113412c7c.webp"
3146185749,870,"2026-04-02 11:32:38.458+00","science","https://api-staging.newsroll.app/media/stories/3146185749-0cbc39594f02891c4762aed6513064aadf87e34c229b5fb9de489977c310fc34.webp","Error: asset 404 https://api-staging.newsroll.app/media/stories/3146185749-0cbc39594f02891c4762aed6513064aadf87e34c229b5fb9de489977c310fc34.webp"
3629055938,869,"2026-04-02 11:32:08.017+00","science","https://api-staging.newsroll.app/media/stories/3629055938-5da7afc8bd8a2bbc8d0f5fb903f07785be1e2b7af47d0ba05a35cc40c4f07d29.webp","Error: asset 404 https://api-staging.newsroll.app/media/stories/3629055938-5da7afc8bd8a2bbc8d0f5fb903f07785be1e2b7af47d0ba05a35cc40c4f07d29.webp"
3890177260,868,"2026-04-02 11:32:12.576+00","science","https://api-staging.newsroll.app/media/stories/3890177260-40714d6ae3cf9ef49f722f76824b4a9d5e965e274c18d32250acc24a7cd27ba1.webp","Error: asset 404 https://api-staging.newsroll.app/media/stories/3890177260-40714d6ae3cf9ef49f722f76824b4a9d5e965e274c18d32250acc24a7cd27ba1.webp"
1765454435,867,"2026-04-02 11:32:01.641+00","science","https://api-staging.newsroll.app/media/stories/1765454435-a531c5dc022d3e298998cc41efe4b5044b3eba3bd242ed8b1ca4a3b34202b7ed.webp","Error: asset 404 https://api-staging.newsroll.app/media/stories/1765454435-a531c5dc022d3e298998cc41efe4b5044b3eba3bd242ed8b1ca4a3b34202b7ed.webp"
3363977828,866,"2026-04-02 11:31:51.056+00","entertainment","https://api-staging.newsroll.app/media/stories/3363977828-3e3a0fe74078dd60de119194e951e4e0a2677d09a8747740450fa86f5e7ae284.webp","Error: asset 404 https://api-staging.newsroll.app/media/stories/3363977828-3e3a0fe74078dd60de119194e951e4e0a2677d09a8747740450fa86f5e7ae284.webp"
4885596982,865,"2026-04-02 11:31:50.883+00","science","https://api-staging.newsroll.app/media/stories/4885596982-8c50d12ae000450fa78f2f15356fcc2f48475efd0e91560fe14cb3fb6c17907b.webp","Error: asset 404 https://api-staging.newsroll.app/media/stories/4885596982-8c50d12ae000450fa78f2f15356fcc2f48475efd0e91560fe14cb3fb6c17907b.webp"
4108102784,864,"2026-04-02 11:31:44.385+00","science","https://api-staging.newsroll.app/media/stories/4108102784-b918e720c46b81aea02254dc0252dbf35280e94d4dce22a486288c7ea2190e1f.webp","Error: asset 404 https://api-staging.newsroll.app/media/stories/4108102784-b918e720c46b81aea02254dc0252dbf35280e94d4dce22a486288c7ea2190e1f.webp"
2823571484,863,"2026-04-02 11:31:42.992+00","entertainment","https://api-staging.newsroll.app/media/stories/2823571484-8c9b927967d76f05f86144f83ae5783dd6c79fc6630fabed45f7cefbf7340e21.webp","Error: asset 404 https://api-staging.newsroll.app/media/stories/2823571484-8c9b927967d76f05f86144f83ae5783dd6c79fc6630fabed45f7cefbf7340e21.webp"
4466228249,862,"2026-04-02 11:31:40.298+00","science","https://api-staging.newsroll.app/media/stories/4466228249-afb10372e6a0aacbd71cafe6109ef20afecfa7fd6c986f21f8f88c635f376ed3.webp","Error: asset 404 https://api-staging.newsroll.app/media/stories/4466228249-afb10372e6a0aacbd71cafe6109ef20afecfa7fd6c986f21f8f88c635f376ed3.webp"
1503926460,861,"2026-04-02 11:31:37.191+00","science","https://api-staging.newsroll.app/media/stories/1503926460-f793cd497d302cae7d18e2939484c1dbb6eb364adf9272c30d274912c243671e.webp","Error: asset 404 https://api-staging.newsroll.app/media/stories/1503926460-f793cd497d302cae7d18e2939484c1dbb6eb364adf9272c30d274912c243671e.webp"
1597021519,860,"2026-04-02 11:31:33.009+00","science","https://api-staging.newsroll.app/media/stories/1597021519-831e363ffc55a71cbc00d8978f4df58e1e3735459e3d1cf0768ee2e8cb95bf31.webp","Error: asset 404 https://api-staging.newsroll.app/media/stories/1597021519-831e363ffc55a71cbc00d8978f4df58e1e3735459e3d1cf0768ee2e8cb95bf31.webp"
3211878145,859,"2026-04-02 11:31:30.003+00","science","https://api-staging.newsroll.app/media/stories/3211878145-046da495df464efde6d4f52b3b9725734d10ada10ef1bb66550df90a2fd33d51.webp","Error: asset 404 https://api-staging.newsroll.app/media/stories/3211878145-046da495df464efde6d4f52b3b9725734d10ada10ef1bb66550df90a2fd33d51.webp"
2511627154,858,"2026-04-02 11:31:08.936+00","science","https://api-staging.newsroll.app/media/stories/2511627154-2df19c7f52d55e50c2e683de82b9f2edca6756638a73a8732aedf8fcd7832ae2.webp","Error: asset 404 https://api-staging.newsroll.app/media/stories/2511627154-2df19c7f52d55e50c2e683de82b9f2edca6756638a73a8732aedf8fcd7832ae2.webp"
1613568216,857,"2026-04-02 11:31:02.34+00","science","https://api-staging.newsroll.app/media/stories/1613568216-0124d57ef9989f99c4171a9af6aa0207734a16d6bffc3ecff6558e6827819f56.webp","Error: asset 404 https://api-staging.newsroll.app/media/stories/1613568216-0124d57ef9989f99c4171a9af6aa0207734a16d6bffc3ecff6558e6827819f56.webp"
2471216318,856,"2026-04-02 11:30:54.563+00","science","https://api-staging.newsroll.app/media/stories/2471216318-4f28b15004bd1637c8aea557e1c4d682446d1c01c2d9a861b54ac91e2c7c1a9c.webp","Error: asset 404 https://api-staging.newsroll.app/media/stories/2471216318-4f28b15004bd1637c8aea557e1c4d682446d1c01c2d9a861b54ac91e2c7c1a9c.webp"
2646142989,855,"2026-04-02 11:30:48.079+00","science","https://api-staging.newsroll.app/media/stories/2646142989-122d350ba19308998f5cbe0d536c4838bb63d3731bc24766ac799c6633a26ee9.webp","Error: asset 404 https://api-staging.newsroll.app/media/stories/2646142989-122d350ba19308998f5cbe0d536c4838bb63d3731bc24766ac799c6633a26ee9.webp"
3471686692,854,"2026-04-02 11:30:39.091+00","science","https://api-staging.newsroll.app/media/stories/3471686692-087405c04be40349d15e33e393311347ed59be9683d67fc15bec89aa07f86252.webp","Error: asset 404 https://api-staging.newsroll.app/media/stories/3471686692-087405c04be40349d15e33e393311347ed59be9683d67fc15bec89aa07f86252.webp"
1343629822,853,"2026-04-02 11:23:32.538+00","entertainment","https://api-staging.newsroll.app/media/stories/1343629822-f80eee100664b5a2a609ece86ea0ff6095a8b55e558dede2f576742a767788f3.webp","Error: asset 404 https://api-staging.newsroll.app/media/stories/1343629822-f80eee100664b5a2a609ece86ea0ff6095a8b55e558dede2f576742a767788f3.webp"
1453275820,852,"2026-04-02 11:23:25.252+00","entertainment","https://api-staging.newsroll.app/media/stories/1453275820-9060cafbf47766661b0ada339dbfab3f56bc44df942cb80891c5e0d3ce994478.webp","Error: asset 404 https://api-staging.newsroll.app/media/stories/1453275820-9060cafbf47766661b0ada339dbfab3f56bc44df942cb80891c5e0d3ce994478.webp"
3611796187,851,"2026-04-02 11:23:16.929+00","entertainment","https://api-staging.newsroll.app/media/stories/3611796187-98131e233e46730c4b86e423b42bdde65711c3f69e006cd0f3cef64394c4c7cf.webp","Error: asset 404 https://api-staging.newsroll.app/media/stories/3611796187-98131e233e46730c4b86e423b42bdde65711c3f69e006cd0f3cef64394c4c7cf.webp"
1794653432,850,"2026-04-02 11:23:17.475+00","entertainment","https://api-staging.newsroll.app/media/stories/1794653432-1dcb65dbc115e5c51a3e0262df735ccf20e4b68ed1916e253c17984c652d7a85.webp","Error: asset 404 https://api-staging.newsroll.app/media/stories/1794653432-1dcb65dbc115e5c51a3e0262df735ccf20e4b68ed1916e253c17984c652d7a85.webp"
1740236681,849,"2026-04-02 11:23:10.157+00","entertainment","https://api-staging.newsroll.app/media/stories/1740236681-7ee2a0fca9d943a1872a3161b4b1981c5d50c3718eaaf9cdcc6a9681b1e8e621.webp","Error: asset 404 https://api-staging.newsroll.app/media/stories/1740236681-7ee2a0fca9d943a1872a3161b4b1981c5d50c3718eaaf9cdcc6a9681b1e8e621.webp"
4308503555,848,"2026-04-02 11:23:08.763+00","business","https://api-staging.newsroll.app/media/stories/4308503555-2d40f58ff26150a5452a8ee9352b044db193e94a3d63a944ba50ed72586978b9.webp","Error: asset 404 https://api-staging.newsroll.app/media/stories/4308503555-2d40f58ff26150a5452a8ee9352b044db193e94a3d63a944ba50ed72586978b9.webp"
2485457981,847,"2026-04-02 11:23:09.072+00","entertainment","https://api-staging.newsroll.app/media/stories/2485457981-95e61292449e78a418abcc4b96951d7546ca5e03d6ffe5570e3eed844250c906.webp","Error: asset 404 https://api-staging.newsroll.app/media/stories/2485457981-95e61292449e78a418abcc4b96951d7546ca5e03d6ffe5570e3eed844250c906.webp"
5112242441,846,"2026-04-02 11:23:03.115+00","entertainment","https://api-staging.newsroll.app/media/stories/5112242441-5a1c4d74ea61da45ecf2b7e3e26de73110bb3f431a1d43a4179fcda2e86df6f4.webp","Error: asset 404 https://api-staging.newsroll.app/media/stories/5112242441-5a1c4d74ea61da45ecf2b7e3e26de73110bb3f431a1d43a4179fcda2e86df6f4.webp"
3785395452,845,"2026-04-02 11:22:56.921+00","business","https://api-staging.newsroll.app/media/stories/3785395452-f136b6c07798d3b273d61a2a42589854f27938ba91ec5e4510e8a66e3e80c08d.webp","Error: asset 404 https://api-staging.newsroll.app/media/stories/3785395452-f136b6c07798d3b273d61a2a42589854f27938ba91ec5e4510e8a66e3e80c08d.webp"
1435736451,844,"2026-04-02 11:23:02.078+00","tech","https://api-staging.newsroll.app/media/stories/1435736451-cf93aca61ce212022e656088d79444158c00ac68c9c4dcd71239f8c1f8c56e32.webp","Error: asset 404 https://api-staging.newsroll.app/media/stories/1435736451-cf93aca61ce212022e656088d79444158c00ac68c9c4dcd71239f8c1f8c56e32.webp"
3736243058,843,"2026-04-02 11:22:45.948+00","tech","https://api-staging.newsroll.app/media/stories/3736243058-9c76457cbeaff6259b0f3ca387d73c3795a4df2719fe1bb54eacd86504a35b03.webp","Error: asset 404 https://api-staging.newsroll.app/media/stories/3736243058-9c76457cbeaff6259b0f3ca387d73c3795a4df2719fe1bb54eacd86504a35b03.webp"
3711159550,842,"2026-04-02 11:22:49.224+00","general","https://api-staging.newsroll.app/media/stories/3711159550-5113f55500bc1eb683a5bc30d30b013ee8511530c73fff73b6ea47968526dd55.webp","Error: asset 404 https://api-staging.newsroll.app/media/stories/3711159550-5113f55500bc1eb683a5bc30d30b013ee8511530c73fff73b6ea47968526dd55.webp"
2681382253,841,"2026-04-02 11:22:40.297+00","general","https://api-staging.newsroll.app/media/stories/2681382253-33027813e267a5afe503cbe55abf07b5e8b7720ba9c08ce1a7d1b472911c999b.webp","Error: asset 404 https://api-staging.newsroll.app/media/stories/2681382253-33027813e267a5afe503cbe55abf07b5e8b7720ba9c08ce1a7d1b472911c999b.webp"
5268704163,840,"2026-04-02 11:22:31.355+00","general","https://api-staging.newsroll.app/media/stories/5268704163-b7b288e001b315b73adca665c7c2beccf0b7474c049bb55c2f1f84f4d7c134f9.webp","Error: asset 404 https://api-staging.newsroll.app/media/stories/5268704163-b7b288e001b315b73adca665c7c2beccf0b7474c049bb55c2f1f84f4d7c134f9.webp"
2564258376,839,"2026-04-02 11:22:32.456+00","general","https://api-staging.newsroll.app/media/stories/2564258376-1c0166635b11a10e30b7691e727fe2cb0ddd6d5c518af09219292610ffabbe7d.webp","Error: asset 404 https://api-staging.newsroll.app/media/stories/2564258376-1c0166635b11a10e30b7691e727fe2cb0ddd6d5c518af09219292610ffabbe7d.webp"
5265412600,838,"2026-04-02 11:22:25.234+00","general","https://api-staging.newsroll.app/media/stories/5265412600-6fe70144850acde9a8a2ff038bda13fb5de0c0d5398702ec4b043cf0f81c0ba4.webp","Error: asset 404 https://api-staging.newsroll.app/media/stories/5265412600-6fe70144850acde9a8a2ff038bda13fb5de0c0d5398702ec4b043cf0f81c0ba4.webp"
4410492415,837,"2026-04-02 11:22:24.225+00","general","https://api-staging.newsroll.app/media/stories/4410492415-e2cbf7d550f487752ba8d3773100547349180e4650a64fb727c7fb22fb27110c.webp","Error: asset 404 https://api-staging.newsroll.app/media/stories/4410492415-e2cbf7d550f487752ba8d3773100547349180e4650a64fb727c7fb22fb27110c.webp"
4710418972,836,"2026-04-02 11:22:18.107+00","general","https://api-staging.newsroll.app/media/stories/4710418972-b55032529f32e32dc02e827b62075b50035d601f7f183186ad0506c33d2f1dcd.webp","Error: asset 404 https://api-staging.newsroll.app/media/stories/4710418972-b55032529f32e32dc02e827b62075b50035d601f7f183186ad0506c33d2f1dcd.webp"
5118598035,835,"2026-04-02 11:21:55.055+00","general","https://api-staging.newsroll.app/media/stories/5118598035-8c8a61f84689c0f1275ed5b80d10b1578b3391aa7c6d52afe71bc4f187db02d6.webp","Error: asset 404 https://api-staging.newsroll.app/media/stories/5118598035-8c8a61f84689c0f1275ed5b80d10b1578b3391aa7c6d52afe71bc4f187db02d6.webp"
2808644154,834,"2026-04-02 11:21:45.445+00","general","https://api-staging.newsroll.app/media/stories/2808644154-887cd24f6a707dcf9065332fa3c630f8e6c1000b3de603b368635baf6107b11b.webp","Error: asset 404 https://api-staging.newsroll.app/media/stories/2808644154-887cd24f6a707dcf9065332fa3c630f8e6c1000b3de603b368635baf6107b11b.webp"
3894730612,833,"2026-04-02 11:21:29.621+00","general","https://api-staging.newsroll.app/media/stories/3894730612-a81c68899f29a59a9071da9e6adcbc4046020cb906784204d9ae9c4f2f49e6ba.webp","Error: asset 404 https://api-staging.newsroll.app/media/stories/3894730612-a81c68899f29a59a9071da9e6adcbc4046020cb906784204d9ae9c4f2f49e6ba.webp"
1883247520,832,"2026-04-02 11:21:14.052+00","general","https://api-staging.newsroll.app/media/stories/1883247520-b5c03145ae1a1d0c3b531ab0bd56372f17bd6931cb31a6b6a6d7c17b11fa2a83.webp","Error: asset 404 https://api-staging.newsroll.app/media/stories/1883247520-b5c03145ae1a1d0c3b531ab0bd56372f17bd6931cb31a6b6a6d7c17b11fa2a83.webp"
2221214099,831,"2026-04-02 11:20:58.332+00","general","https://api-staging.newsroll.app/media/stories/2221214099-13b790d9f5510ad1e54655dd1e6adbcc68a540cc3fcf4414aabf3f264d71a4a5.webp","Error: asset 404 https://api-staging.newsroll.app/media/stories/2221214099-13b790d9f5510ad1e54655dd1e6adbcc68a540cc3fcf4414aabf3f264d71a4a5.webp"
1181034505,830,"2026-04-02 11:17:01.51+00","business","https://api-staging.newsroll.app/media/stories/1181034505-c0842736f2dae375257ae6f32f435bd2afecdd1caf88c138a2530be4d080d744.webp","Error: asset 404 https://api-staging.newsroll.app/media/stories/1181034505-c0842736f2dae375257ae6f32f435bd2afecdd1caf88c138a2530be4d080d744.webp"
4331341684,829,"2026-04-02 11:16:54.412+00","business","https://api-staging.newsroll.app/media/stories/4331341684-4f187682623edef5e635f53b9eb403db86502a2c73b5a0c78999afc1be73ce9e.webp","Error: asset 404 https://api-staging.newsroll.app/media/stories/4331341684-4f187682623edef5e635f53b9eb403db86502a2c73b5a0c78999afc1be73ce9e.webp"
5069236812,828,"2026-04-02 11:16:55.204+00","business","https://api-staging.newsroll.app/media/stories/5069236812-6e5249f2e10bc730868278de1814d9bf623b7400eb2ca8011721888e42e2e3e8.webp","Error: asset 404 https://api-staging.newsroll.app/media/stories/5069236812-6e5249f2e10bc730868278de1814d9bf623b7400eb2ca8011721888e42e2e3e8.webp"
3075825300,827,"2026-04-02 11:16:48.137+00","business","https://api-staging.newsroll.app/media/stories/3075825300-63fee46368633c86647292e040943f3be9464c94522331e800ec3adc7a4a54b2.webp","Error: asset 404 https://api-staging.newsroll.app/media/stories/3075825300-63fee46368633c86647292e040943f3be9464c94522331e800ec3adc7a4a54b2.webp"
3552872552,826,"2026-04-02 11:16:40.537+00","business","https://api-staging.newsroll.app/media/stories/3552872552-0167a3da0ae5ea9bc33cb771f2d0f5eb16235618bc217b9a5a4914bb6d28fa30.webp","Error: asset 404 https://api-staging.newsroll.app/media/stories/3552872552-0167a3da0ae5ea9bc33cb771f2d0f5eb16235618bc217b9a5a4914bb6d28fa30.webp"
3878787899,825,"2026-04-02 11:16:34.537+00","business","https://api-staging.newsroll.app/media/stories/3878787899-da417d09cf16efb8b4b70e65871053b0592388663c124361232683a2e0f16c1c.webp","Error: asset 404 https://api-staging.newsroll.app/media/stories/3878787899-da417d09cf16efb8b4b70e65871053b0592388663c124361232683a2e0f16c1c.webp"
2153426512,824,"2026-04-02 11:16:33.708+00","business","https://api-staging.newsroll.app/media/stories/2153426512-bd8d961b5368da217d5323b41bd80f4bd6b12f3d37ca36f1e454d2cf85eabfb2.webp","Error: asset 404 https://api-staging.newsroll.app/media/stories/2153426512-bd8d961b5368da217d5323b41bd80f4bd6b12f3d37ca36f1e454d2cf85eabfb2.webp"
1770927437,823,"2026-04-02 11:16:27.413+00","business","https://api-staging.newsroll.app/media/stories/1770927437-a7823aa8e7c77e12445dbebbe78d44c96224cecee234307cead077423115e280.webp","Error: asset 404 https://api-staging.newsroll.app/media/stories/1770927437-a7823aa8e7c77e12445dbebbe78d44c96224cecee234307cead077423115e280.webp"
4444235089,822,"2026-04-02 11:16:20.638+00","tech","https://api-staging.newsroll.app/media/stories/4444235089-fb671d7ec7798242cdef1629db97be134c847b32e3662806c7130d4d8b78a5b6.webp","Error: asset 404 https://api-staging.newsroll.app/media/stories/4444235089-fb671d7ec7798242cdef1629db97be134c847b32e3662806c7130d4d8b78a5b6.webp"
3360462302,821,"2026-04-02 11:16:06.727+00","general","https://api-staging.newsroll.app/media/stories/3360462302-42f1da78489acbe820bf3aaa4c7a16a6f3fd865f40ffe73543d2c1b6b6da4f41.webp","Error: asset 404 https://api-staging.newsroll.app/media/stories/3360462302-42f1da78489acbe820bf3aaa4c7a16a6f3fd865f40ffe73543d2c1b6b6da4f41.webp"
3290858584,820,"2026-04-02 11:15:44.559+00","general","https://api-staging.newsroll.app/media/stories/3290858584-f6af8fd4d8e2887a168a9dbc7cefc385683b0f33b82c98dc1e8a2ff45538a4f3.webp","Error: asset 404 https://api-staging.newsroll.app/media/stories/3290858584-f6af8fd4d8e2887a168a9dbc7cefc385683b0f33b82c98dc1e8a2ff45538a4f3.webp"
5217015162,819,"2026-04-02 11:04:21.198+00","general","https://api-staging.newsroll.app/media/stories/5217015162-305900f95144948d61f1ae8bfb8bfa288de3324b6dd5d5b58c1410c71c2368c4.webp","Error: asset 404 https://api-staging.newsroll.app/media/stories/5217015162-305900f95144948d61f1ae8bfb8bfa288de3324b6dd5d5b58c1410c71c2368c4.webp"
3747757544,818,"2026-04-02 11:04:13.97+00","general","https://api-staging.newsroll.app/media/stories/3747757544-6fef398bf027fc07e4fe39a07322a4e03da4b894a6946fda69edc079532db2ad.webp","Error: asset 404 https://api-staging.newsroll.app/media/stories/3747757544-6fef398bf027fc07e4fe39a07322a4e03da4b894a6946fda69edc079532db2ad.webp"
2238388877,817,"2026-04-02 11:04:05.411+00","general","https://api-staging.newsroll.app/media/stories/2238388877-9b0a8805012e2412d735ca930564c2799c0d0926e16567e5a96c3babd83f9b81.webp","Error: asset 404 https://api-staging.newsroll.app/media/stories/2238388877-9b0a8805012e2412d735ca930564c2799c0d0926e16567e5a96c3babd83f9b81.webp"
2701595770,816,"2026-04-02 11:03:57.369+00","general","https://api-staging.newsroll.app/media/stories/2701595770-15671134c34e31e7802a85e073154cc8309fd40a5ff0519780ce488feb86aa3d.webp","Error: asset 404 https://api-staging.newsroll.app/media/stories/2701595770-15671134c34e31e7802a85e073154cc8309fd40a5ff0519780ce488feb86aa3d.webp"
2296324350,815,"2026-04-02 11:01:39.368+00","general","https://api-staging.newsroll.app/media/stories/2296324350-2c612ff42ffcdba5822b0d68b8f1ed41bbf4729b6680a86bb879aed421eba748.webp","Error: asset 404 https://api-staging.newsroll.app/media/stories/2296324350-2c612ff42ffcdba5822b0d68b8f1ed41bbf4729b6680a86bb879aed421eba748.webp"
2749765095,814,"2026-04-02 11:01:24.801+00","general","https://api-staging.newsroll.app/media/stories/2749765095-a096836088f86c12a31ddd525969f6305f757d4925697987789a60632af06472.webp","Error: asset 404 https://api-staging.newsroll.app/media/stories/2749765095-a096836088f86c12a31ddd525969f6305f757d4925697987789a60632af06472.webp"
2821846702,813,"2026-04-02 11:01:11.576+00","general","https://api-staging.newsroll.app/media/stories/2821846702-89873bf8b2ac8d3c062c7531e17648cd49c1af30378e4ea3bc5e30e2cb3fc81d.webp","Error: asset 404 https://api-staging.newsroll.app/media/stories/2821846702-89873bf8b2ac8d3c062c7531e17648cd49c1af30378e4ea3bc5e30e2cb3fc81d.webp"
4755541664,812,"2026-04-02 11:00:58.124+00","general","https://api-staging.newsroll.app/media/stories/4755541664-0d71748bd748390d8a996f7e212f17b8da9a47efc9cf42a7d387b21f33122584.webp","Error: asset 404 https://api-staging.newsroll.app/media/stories/4755541664-0d71748bd748390d8a996f7e212f17b8da9a47efc9cf42a7d387b21f33122584.webp"
4899069669,811,"2026-04-02 11:00:48.171+00","general","https://api-staging.newsroll.app/media/stories/4899069669-660f4b6d1d2f70238cfd8b27881f343512677d85f196cdb21f42687270af8e58.webp","Error: asset 404 https://api-staging.newsroll.app/media/stories/4899069669-660f4b6d1d2f70238cfd8b27881f343512677d85f196cdb21f42687270af8e58.webp"
4239728198,810,"2026-04-02 10:57:17.967+00","business","https://api-staging.newsroll.app/media/stories/4239728198-761d0b4dc15354f3edb960202fef38f2f1f6be2352d5d263d716c8742f842e1f.webp","Error: asset 404 https://api-staging.newsroll.app/media/stories/4239728198-761d0b4dc15354f3edb960202fef38f2f1f6be2352d5d263d716c8742f842e1f.webp"
3557367679,809,"2026-04-02 10:57:04.508+00","business","https://api-staging.newsroll.app/media/stories/3557367679-42113f9acfe3b999d2b4fe162266ad2d7a2f367bff32820398b3c8ea032a5c5c.webp","Error: asset 404 https://api-staging.newsroll.app/media/stories/3557367679-42113f9acfe3b999d2b4fe162266ad2d7a2f367bff32820398b3c8ea032a5c5c.webp"
3792902806,808,"2026-04-02 10:57:03.529+00","business","https://api-staging.newsroll.app/media/stories/3792902806-5a20c000de08e4593cf8c18de70ad8d63a9650a436b88cb599f0ec56cdd9f6c7.webp","Error: asset 404 https://api-staging.newsroll.app/media/stories/3792902806-5a20c000de08e4593cf8c18de70ad8d63a9650a436b88cb599f0ec56cdd9f6c7.webp"
2429462656,807,"2026-04-02 10:56:56.925+00","business","https://api-staging.newsroll.app/media/stories/2429462656-157ea26e325ef0e03a451906e6e9b882502a92fa95fa2860833f5d673388d10f.webp","Error: asset 404 https://api-staging.newsroll.app/media/stories/2429462656-157ea26e325ef0e03a451906e6e9b882502a92fa95fa2860833f5d673388d10f.webp"
1927086583,806,"2026-04-02 10:56:49.179+00","business","https://api-staging.newsroll.app/media/stories/1927086583-8f7fcd7b705d56b1308e89ed81eefeb6451255b42728b8cf39b994244cfd20e8.webp","Error: asset 404 https://api-staging.newsroll.app/media/stories/1927086583-8f7fcd7b705d56b1308e89ed81eefeb6451255b42728b8cf39b994244cfd20e8.webp"
3310649095,805,"2026-04-02 10:56:41.357+00","tech","https://api-staging.newsroll.app/media/stories/3310649095-c7d874e92b7b838ff6c695078e4a418f996c3d420672be0b0e191ef97d3b6b67.webp","Error: asset 404 https://api-staging.newsroll.app/media/stories/3310649095-c7d874e92b7b838ff6c695078e4a418f996c3d420672be0b0e191ef97d3b6b67.webp"
3692706931,804,"2026-04-02 10:56:32.638+00","general","https://api-staging.newsroll.app/media/stories/3692706931-8af576820a3cb2f238f559a0b4e7f673790acc1ecdaa7756ab7abe00ae6ae372.webp","Error: asset 404 https://api-staging.newsroll.app/media/stories/3692706931-8af576820a3cb2f238f559a0b4e7f673790acc1ecdaa7756ab7abe00ae6ae372.webp"
5225219928,803,"2026-04-02 10:56:16.577+00","general","https://api-staging.newsroll.app/media/stories/5225219928-e776282ad82c8ad9794a334a916f7e91c7406c03317c21a90f1d052a3cffe863.webp","Error: asset 404 https://api-staging.newsroll.app/media/stories/5225219928-e776282ad82c8ad9794a334a916f7e91c7406c03317c21a90f1d052a3cffe863.webp"
2117302880,802,"2026-04-02 10:56:04.964+00","general","https://api-staging.newsroll.app/media/stories/2117302880-a8f97205eadc6c83fc155df4c4571e147b2e1a05fc53e3c0d7467f354ec795d2.webp","Error: asset 404 https://api-staging.newsroll.app/media/stories/2117302880-a8f97205eadc6c83fc155df4c4571e147b2e1a05fc53e3c0d7467f354ec795d2.webp"
2899359776,801,"2026-04-02 10:55:57.207+00","general","https://api-staging.newsroll.app/media/stories/2899359776-9da7d5f50483c29c94a3f19f417a9e48004af6f8bacb1e5fd4b34209f14303bb.webp","Error: asset 404 https://api-staging.newsroll.app/media/stories/2899359776-9da7d5f50483c29c94a3f19f417a9e48004af6f8bacb1e5fd4b34209f14303bb.webp"
2330064124,800,"2026-04-02 10:55:48.378+00","general","https://api-staging.newsroll.app/media/stories/2330064124-09c729c0136f3f0a33fb3c513e36c58fee6c3eef5b4306f7f00fc54cb31dd6e6.webp","Error: asset 404 https://api-staging.newsroll.app/media/stories/2330064124-09c729c0136f3f0a33fb3c513e36c58fee6c3eef5b4306f7f00fc54cb31dd6e6.webp"
4813518924,799,"2026-04-02 10:55:36.891+00","general","https://api-staging.newsroll.app/media/stories/4813518924-e3c6618238fca89119badef0d0db1eafcafbbfb30aa516c2d66032fb14c5d2a7.webp","Error: asset 404 https://api-staging.newsroll.app/media/stories/4813518924-e3c6618238fca89119badef0d0db1eafcafbbfb30aa516c2d66032fb14c5d2a7.webp"
3359621364,798,"2026-04-02 10:48:52.186+00","entertainment","https://api-staging.newsroll.app/media/stories/3359621364-912d44499d5d58de4c178dd1a1417c705e4634b2ed6a67d9efaec79a92499aa1.webp","Error: asset 404 https://api-staging.newsroll.app/media/stories/3359621364-912d44499d5d58de4c178dd1a1417c705e4634b2ed6a67d9efaec79a92499aa1.webp"
1321929933,797,"2026-04-02 10:48:47.475+00","general","https://api-staging.newsroll.app/media/stories/1321929933-db4fae97afe380b7b2a7cd61b9b9aea276f1a27608302c53a104f34cf06a72d9.webp","Error: asset 404 https://api-staging.newsroll.app/media/stories/1321929933-db4fae97afe380b7b2a7cd61b9b9aea276f1a27608302c53a104f34cf06a72d9.webp"
2959117895,796,"2026-04-02 10:48:45.325+00","business","https://api-staging.newsroll.app/media/stories/2959117895-d36dd2ae642a33eea0b9ccdd2d3d829b64523b3c90fe03f169e9321cbe5e2395.webp","Error: asset 404 https://api-staging.newsroll.app/media/stories/2959117895-d36dd2ae642a33eea0b9ccdd2d3d829b64523b3c90fe03f169e9321cbe5e2395.webp"
1461482163,795,"2026-04-02 10:48:39.761+00","general","https://api-staging.newsroll.app/media/stories/1461482163-d94679c12258b4496786d520ca760967855e67cc951b05fdef493d50a494f695.webp","Error: asset 404 https://api-staging.newsroll.app/media/stories/1461482163-d94679c12258b4496786d520ca760967855e67cc951b05fdef493d50a494f695.webp"
2006477229,794,"2026-04-02 10:48:37.871+00","business","https://api-staging.newsroll.app/media/stories/2006477229-6d3b2f7369b5aece0308ad0766ae194a6136b6c2d2b925594213540b349d5eca.webp","Error: asset 404 https://api-staging.newsroll.app/media/stories/2006477229-6d3b2f7369b5aece0308ad0766ae194a6136b6c2d2b925594213540b349d5eca.webp"
1211090526,793,"2026-04-02 10:48:32.953+00","general","https://api-staging.newsroll.app/media/stories/1211090526-e875c000d541a10150a1166552c8b21e260cd0fd8753bea9b7c8469b656245fe.webp","Error: asset 404 https://api-staging.newsroll.app/media/stories/1211090526-e875c000d541a10150a1166552c8b21e260cd0fd8753bea9b7c8469b656245fe.webp"
3147220183,792,"2026-04-02 10:48:25.171+00","general","https://api-staging.newsroll.app/media/stories/3147220183-ba819871d85c96d364c5af8d2e16e1e4dc17b21029922b84d7d2490d3baed36a.webp","Error: asset 404 https://api-staging.newsroll.app/media/stories/3147220183-ba819871d85c96d364c5af8d2e16e1e4dc17b21029922b84d7d2490d3baed36a.webp"
2392314552,791,"2026-04-02 10:47:48.578+00","business","https://api-staging.newsroll.app/media/stories/2392314552-16091a075140d87db549b093a9b9da31a8b13eedc53eb351351060f66ec2a5da.webp","Error: asset 404 https://api-staging.newsroll.app/media/stories/2392314552-16091a075140d87db549b093a9b9da31a8b13eedc53eb351351060f66ec2a5da.webp"
4314630132,790,"2026-04-02 10:47:45.595+00","entertainment","https://api-staging.newsroll.app/media/stories/4314630132-8da6ca017262a3708cb5a85b9b15d73d682571f925b3501aa9593579bcc704cd.webp","Error: asset 404 https://api-staging.newsroll.app/media/stories/4314630132-8da6ca017262a3708cb5a85b9b15d73d682571f925b3501aa9593579bcc704cd.webp"
3083875773,789,"2026-04-02 10:47:41.373+00","tech","https://api-staging.newsroll.app/media/stories/3083875773-ca42eca49964e272c3a775104997ec211b70359605d00df56549191c78d77d1d.webp","Error: asset 404 https://api-staging.newsroll.app/media/stories/3083875773-ca42eca49964e272c3a775104997ec211b70359605d00df56549191c78d77d1d.webp"
1996198807,788,"2026-04-02 10:47:12.242+00","tech","https://api-staging.newsroll.app/media/stories/1996198807-fe0a855541ab0a7b780034c1d30b32e2757ae3796eb03e56c9aba110ab296ea0.webp","Error: asset 404 https://api-staging.newsroll.app/media/stories/1996198807-fe0a855541ab0a7b780034c1d30b32e2757ae3796eb03e56c9aba110ab296ea0.webp"
2423989333,787,"2026-04-02 10:47:05.385+00","tech","https://api-staging.newsroll.app/media/stories/2423989333-1bd30a8a373deeb52ce20ccb14e22885c381d77eac2b3bdb5abd94ea2229045e.webp","Error: asset 404 https://api-staging.newsroll.app/media/stories/2423989333-1bd30a8a373deeb52ce20ccb14e22885c381d77eac2b3bdb5abd94ea2229045e.webp"
1340559845,786,"2026-04-02 10:46:58.399+00","tech","https://api-staging.newsroll.app/media/stories/1340559845-7edf00849892b726aaa0c949ef42641dea636a236dc6ef28060e52594753a6c3.webp","Error: asset 404 https://api-staging.newsroll.app/media/stories/1340559845-7edf00849892b726aaa0c949ef42641dea636a236dc6ef28060e52594753a6c3.webp"
3555338596,785,"2026-04-02 10:46:49.912+00","general","https://api-staging.newsroll.app/media/stories/3555338596-86e018f6ca16770c8262ecf9c80ea1ad8ff7049f6a30eb9a82f3de3744d2d84d.webp","Error: asset 404 https://api-staging.newsroll.app/media/stories/3555338596-86e018f6ca16770c8262ecf9c80ea1ad8ff7049f6a30eb9a82f3de3744d2d84d.webp"
2592325376,784,"2026-04-02 10:46:40.586+00","general","https://api-staging.newsroll.app/media/stories/2592325376-e63d486c1192eced22aa9afb0a190986790187b409313e10f2d237eb05c0a0e6.webp","Error: asset 404 https://api-staging.newsroll.app/media/stories/2592325376-e63d486c1192eced22aa9afb0a190986790187b409313e10f2d237eb05c0a0e6.webp"
3704035546,783,"2026-04-02 10:46:27.956+00","general","https://api-staging.newsroll.app/media/stories/3704035546-bf8c4f01fbf8f5552367c1e4e3dbc920d0eaf67e54a392b616e02eb1f0919417.webp","Error: asset 404 https://api-staging.newsroll.app/media/stories/3704035546-bf8c4f01fbf8f5552367c1e4e3dbc920d0eaf67e54a392b616e02eb1f0919417.webp"
1864002797,782,"2026-04-02 10:46:19.579+00","general","https://api-staging.newsroll.app/media/stories/1864002797-aa79f53729c63c32728946f851af60aa1e16516f772a755d6d685c635e833a6b.webp","Error: asset 404 https://api-staging.newsroll.app/media/stories/1864002797-aa79f53729c63c32728946f851af60aa1e16516f772a755d6d685c635e833a6b.webp"
4193110252,781,"2026-04-02 10:46:12.396+00","general","https://api-staging.newsroll.app/media/stories/4193110252-d6da01982010a01238ad76d877afc675a39acce8bdb6f638b7ad55f93d2076b2.webp","Error: asset 404 https://api-staging.newsroll.app/media/stories/4193110252-d6da01982010a01238ad76d877afc675a39acce8bdb6f638b7ad55f93d2076b2.webp"
3776262204,780,"2026-04-02 10:46:05.22+00","general","https://api-staging.newsroll.app/media/stories/3776262204-d9fe9be45f0eade9694b1db2e40d0ebd128dacc670516c9efc5e5f8d54b5180f.webp","Error: asset 404 https://api-staging.newsroll.app/media/stories/3776262204-d9fe9be45f0eade9694b1db2e40d0ebd128dacc670516c9efc5e5f8d54b5180f.webp"
4569827552,779,"2026-04-02 10:45:56.316+00","general","https://api-staging.newsroll.app/media/stories/4569827552-58a405867e5277758430257d3540717c2023d5b40a0b174c3f4ee5efcc4110ea.webp","Error: asset 404 https://api-staging.newsroll.app/media/stories/4569827552-58a405867e5277758430257d3540717c2023d5b40a0b174c3f4ee5efcc4110ea.webp"
2702878213,778,"2026-04-02 10:45:35.65+00","general","https://api-staging.newsroll.app/media/stories/2702878213-f71c648c4d047ef81cb8e6cf8c0b5484fb678a9d00105fa0ab097792387c16b9.webp","Error: asset 404 https://api-staging.newsroll.app/media/stories/2702878213-f71c648c4d047ef81cb8e6cf8c0b5484fb678a9d00105fa0ab097792387c16b9.webp"
2573421997,777,"2026-04-02 10:39:55.714+00","tech","https://api-staging.newsroll.app/media/stories/2573421997-541af1781beacdd0444a16b5b139a8c25d390d60000f10c5b562884b65e7908e.webp","Error: asset 404 https://api-staging.newsroll.app/media/stories/2573421997-541af1781beacdd0444a16b5b139a8c25d390d60000f10c5b562884b65e7908e.webp"
3028875646,776,"2026-04-02 10:39:12.283+00","tech","https://api-staging.newsroll.app/media/stories/3028875646-6b04ea5206d4845e57a7b4cd42faf4f5b2d7de7f48217830d26393ad0610d20e.webp","Error: asset 404 https://api-staging.newsroll.app/media/stories/3028875646-6b04ea5206d4845e57a7b4cd42faf4f5b2d7de7f48217830d26393ad0610d20e.webp"
1646065677,775,"2026-04-02 10:39:45.428+00","tech","https://api-staging.newsroll.app/media/stories/1646065677-b9a950d7b53bdd6e10e8f0d08623d0689ab6dd45705ce3dadec8d137f45f8a86.webp","Error: asset 404 https://api-staging.newsroll.app/media/stories/1646065677-b9a950d7b53bdd6e10e8f0d08623d0689ab6dd45705ce3dadec8d137f45f8a86.webp"
4553356341,774,"2026-04-02 10:39:11.97+00","tech","https://api-staging.newsroll.app/media/stories/4553356341-38ad043fe3e0f78ceb97a3841a60d97998cc3c04eb5bb23611bce58051ed77cc.webp","Error: asset 404 https://api-staging.newsroll.app/media/stories/4553356341-38ad043fe3e0f78ceb97a3841a60d97998cc3c04eb5bb23611bce58051ed77cc.webp"
2508807338,773,"2026-04-02 10:39:40.364+00","tech","https://api-staging.newsroll.app/media/stories/2508807338-3d09fc1534ce847d026ad9216231f06cbed177494bd762836260bea21e9c323f.webp","Error: asset 404 https://api-staging.newsroll.app/media/stories/2508807338-3d09fc1534ce847d026ad9216231f06cbed177494bd762836260bea21e9c323f.webp"
2931679561,772,"2026-04-02 10:39:40.228+00","tech","https://api-staging.newsroll.app/media/stories/2931679561-8f459481eb7cbb61955cb2dafb456d00dc3cc5f9d1ccd3420ab0bed59e4a3e7a.webp","Error: asset 404 https://api-staging.newsroll.app/media/stories/2931679561-8f459481eb7cbb61955cb2dafb456d00dc3cc5f9d1ccd3420ab0bed59e4a3e7a.webp"
4546380203,771,"2026-04-02 10:39:35.102+00","tech","https://api-staging.newsroll.app/media/stories/4546380203-fbaca9aedc7ab4840dc4fef5e8d53cc2428caee3c6eee7d2742a1b099572db2b.webp","Error: asset 404 https://api-staging.newsroll.app/media/stories/4546380203-fbaca9aedc7ab4840dc4fef5e8d53cc2428caee3c6eee7d2742a1b099572db2b.webp"
2820633510,770,"2026-04-02 10:39:36.343+00","tech","https://api-staging.newsroll.app/media/stories/2820633510-1d78af03ca8ae7aaaf6089f9430d7d4a90dbf9d2fddd3641fe3cd49744b59e34.webp","Error: asset 404 https://api-staging.newsroll.app/media/stories/2820633510-1d78af03ca8ae7aaaf6089f9430d7d4a90dbf9d2fddd3641fe3cd49744b59e34.webp"
4626761359,769,"2026-04-02 10:39:31.143+00","tech","https://api-staging.newsroll.app/media/stories/4626761359-303488f8d15ed33de84c863b5008b19f1bbb3dd1d872a46aa7cf7f27509177d6.webp","Error: asset 404 https://api-staging.newsroll.app/media/stories/4626761359-303488f8d15ed33de84c863b5008b19f1bbb3dd1d872a46aa7cf7f27509177d6.webp"
1844927162,768,"2026-04-02 10:39:29.785+00","tech","https://api-staging.newsroll.app/media/stories/1844927162-310aabb43edcc597d1e21a19b004f8e704e4439219d9b301912ef1d5bc00ad08.webp","Error: asset 404 https://api-staging.newsroll.app/media/stories/1844927162-310aabb43edcc597d1e21a19b004f8e704e4439219d9b301912ef1d5bc00ad08.webp"
4147424521,767,"2026-04-02 10:39:29.196+00","tech","https://api-staging.newsroll.app/media/stories/4147424521-f276ef18c5ac24800ca2ae0494ef913e9ca408066c6a4df7b8017761eab5abc7.webp","Error: asset 404 https://api-staging.newsroll.app/media/stories/4147424521-f276ef18c5ac24800ca2ae0494ef913e9ca408066c6a4df7b8017761eab5abc7.webp"
2998312741,766,"2026-04-02 10:39:25.265+00","tech","https://api-staging.newsroll.app/media/stories/2998312741-40476fa637bd4ae51d4dc721736d04648e11819f829cf3bc76f70abe26c6d281.webp","Error: asset 404 https://api-staging.newsroll.app/media/stories/2998312741-40476fa637bd4ae51d4dc721736d04648e11819f829cf3bc76f70abe26c6d281.webp"
4573924346,765,"2026-04-02 10:39:04.486+00","tech","https://api-staging.newsroll.app/media/stories/4573924346-3e5069c0d8b4cdb819430c019a2d935a8ea74f1c9c7b70a81952fb35122bb1f9.webp","Error: asset 404 https://api-staging.newsroll.app/media/stories/4573924346-3e5069c0d8b4cdb819430c019a2d935a8ea74f1c9c7b70a81952fb35122bb1f9.webp"
1730035001,764,"2026-04-02 10:39:21.118+00","tech","https://api-staging.newsroll.app/media/stories/1730035001-dcc779a43dab7ef18b9b22000551d70f2c4f0c113e9ba9c0aa75f25ec5662fb6.webp","Error: asset 404 https://api-staging.newsroll.app/media/stories/1730035001-dcc779a43dab7ef18b9b22000551d70f2c4f0c113e9ba9c0aa75f25ec5662fb6.webp"
4337250103,763,"2026-04-02 10:39:16.013+00","tech","https://api-staging.newsroll.app/media/stories/4337250103-6234a5b9b499541545a2a640edc4d98fe3735e24324aaa07813ef3b69dccb117.webp","Error: asset 404 https://api-staging.newsroll.app/media/stories/4337250103-6234a5b9b499541545a2a640edc4d98fe3735e24324aaa07813ef3b69dccb117.webp"
1458836139,762,"2026-04-02 10:39:13.366+00","tech","https://api-staging.newsroll.app/media/stories/1458836139-e455aad226ea53c6d633ec0710a1b5e9b79af79d432722d8b8ee77b0d3157ba2.webp","Error: asset 404 https://api-staging.newsroll.app/media/stories/1458836139-e455aad226ea53c6d633ec0710a1b5e9b79af79d432722d8b8ee77b0d3157ba2.webp"
3077013990,761,"2026-04-02 10:39:08.93+00","tech","https://api-staging.newsroll.app/media/stories/3077013990-045f6fa2cc7ac55cd610bdd5630a00ecc20819e805d1633104d4cefdd4a769b0.webp","Error: asset 404 https://api-staging.newsroll.app/media/stories/3077013990-045f6fa2cc7ac55cd610bdd5630a00ecc20819e805d1633104d4cefdd4a769b0.webp"
2574907125,760,"2026-04-02 10:39:03.406+00","tech","https://api-staging.newsroll.app/media/stories/2574907125-6cf937fc4969657af6e958cf13e124cd604188031e6eee80fe625cee2ad3ff78.webp","Error: asset 404 https://api-staging.newsroll.app/media/stories/2574907125-6cf937fc4969657af6e958cf13e124cd604188031e6eee80fe625cee2ad3ff78.webp"
1586491087,759,"2026-04-02 10:39:03.696+00","tech","https://api-staging.newsroll.app/media/stories/1586491087-2870b46e942047614320812a0ac9da7e6e7c7d079023f9316636137c0892f61e.webp","Error: asset 404 https://api-staging.newsroll.app/media/stories/1586491087-2870b46e942047614320812a0ac9da7e6e7c7d079023f9316636137c0892f61e.webp"
1741921523,758,"2026-04-02 10:38:45.57+00","tech","https://api-staging.newsroll.app/media/stories/1741921523-3b4db20d5fcf8ce12dee27db27dd931cb529b6ba8685043ddfde31f4de501f47.webp","Error: asset 404 https://api-staging.newsroll.app/media/stories/1741921523-3b4db20d5fcf8ce12dee27db27dd931cb529b6ba8685043ddfde31f4de501f47.webp"
2007019850,757,"2026-04-02 10:38:56.271+00","tech","https://api-staging.newsroll.app/media/stories/2007019850-f5c874ea2de1b67f8bfca933f762f590cce0af0bb6673a847998a227ace0ed7f.webp","Error: asset 404 https://api-staging.newsroll.app/media/stories/2007019850-f5c874ea2de1b67f8bfca933f762f590cce0af0bb6673a847998a227ace0ed7f.webp"
1447551595,756,"2026-04-02 10:38:55.371+00","tech","https://api-staging.newsroll.app/media/stories/1447551595-022731a383a025c98e474fd4ee60fc899a32bdfbd08fd2a68a7d3480ee696f0a.webp","Error: asset 404 https://api-staging.newsroll.app/media/stories/1447551595-022731a383a025c98e474fd4ee60fc899a32bdfbd08fd2a68a7d3480ee696f0a.webp"
3710787882,755,"2026-04-02 10:38:54.473+00","tech","https://api-staging.newsroll.app/media/stories/3710787882-ffc4679f27465fa197ce3b98ebceb96776ea949395be91ecb4b90cfea037ea62.webp","Error: asset 404 https://api-staging.newsroll.app/media/stories/3710787882-ffc4679f27465fa197ce3b98ebceb96776ea949395be91ecb4b90cfea037ea62.webp"
1389231789,754,"2026-04-02 10:38:52.392+00","tech","https://api-staging.newsroll.app/media/stories/1389231789-39a72243519ac3d153a2191d268f0a4bd973a55c2d5ba68259b2b3bc02120b63.webp","Error: asset 404 https://api-staging.newsroll.app/media/stories/1389231789-39a72243519ac3d153a2191d268f0a4bd973a55c2d5ba68259b2b3bc02120b63.webp"
3809805132,753,"2026-04-02 10:38:45.202+00","tech","https://api-staging.newsroll.app/media/stories/3809805132-8fc28704362012405a185d22b16e0fc798ff7b30f55008097d8acc05a16fcbb6.webp","Error: asset 404 https://api-staging.newsroll.app/media/stories/3809805132-8fc28704362012405a185d22b16e0fc798ff7b30f55008097d8acc05a16fcbb6.webp"
1680378866,752,"2026-04-02 10:38:46.953+00","tech","https://api-staging.newsroll.app/media/stories/1680378866-32d2cd8667160fccac15369efc8a6d28a64ab12a8285c94a25c777d485e0f276.webp","Error: asset 404 https://api-staging.newsroll.app/media/stories/1680378866-32d2cd8667160fccac15369efc8a6d28a64ab12a8285c94a25c777d485e0f276.webp"
1145709066,751,"2026-04-02 10:38:42.884+00","tech","https://api-staging.newsroll.app/media/stories/1145709066-29e5c21b1b2092c6a5fc97a04594487834990486870a0a5dddaef5e98d3d6161.webp","Error: asset 404 https://api-staging.newsroll.app/media/stories/1145709066-29e5c21b1b2092c6a5fc97a04594487834990486870a0a5dddaef5e98d3d6161.webp"
1234230808,750,"2026-04-02 10:38:35.842+00","tech","https://api-staging.newsroll.app/media/stories/1234230808-d350a14297ed19890f8117db3b5229766b6f5bc4392e0264fbf89580fe08700a.webp","Error: asset 404 https://api-staging.newsroll.app/media/stories/1234230808-d350a14297ed19890f8117db3b5229766b6f5bc4392e0264fbf89580fe08700a.webp"
1193603542,749,"2026-04-02 10:38:36.126+00","tech","https://api-staging.newsroll.app/media/stories/1193603542-ededa765b118084ddc9a2486126364d8f907578fcaa9ebf128b272805072f004.webp","Error: asset 404 https://api-staging.newsroll.app/media/stories/1193603542-ededa765b118084ddc9a2486126364d8f907578fcaa9ebf128b272805072f004.webp"
1838132630,748,"2026-04-02 10:38:36.759+00","tech","https://api-staging.newsroll.app/media/stories/1838132630-2f37fc7cee20394deec81bcbd5a9bcec1d6d171db76c61e949710fbc23db08f4.webp","Error: asset 404 https://api-staging.newsroll.app/media/stories/1838132630-2f37fc7cee20394deec81bcbd5a9bcec1d6d171db76c61e949710fbc23db08f4.webp"
3840875640,747,"2026-04-02 10:38:16.905+00","tech","https://api-staging.newsroll.app/media/stories/3840875640-d54ca11d20bfc95850da7e0f2f42a9c229310e22837591c224392c5db0d8878b.webp","Error: asset 404 https://api-staging.newsroll.app/media/stories/3840875640-d54ca11d20bfc95850da7e0f2f42a9c229310e22837591c224392c5db0d8878b.webp"
2597737409,746,"2026-04-02 10:38:27.498+00","tech","https://api-staging.newsroll.app/media/stories/2597737409-757fb27223cc46e65e0661274150071fc98834ace7af2604d83073d412085403.webp","Error: asset 404 https://api-staging.newsroll.app/media/stories/2597737409-757fb27223cc46e65e0661274150071fc98834ace7af2604d83073d412085403.webp"
2816627091,745,"2026-04-02 10:38:26.649+00","tech","https://api-staging.newsroll.app/media/stories/2816627091-ec8cb99b5bf7f25f12ed7a84235ff508b783805bc854d1f5ad99affd311df2a7.webp","Error: asset 404 https://api-staging.newsroll.app/media/stories/2816627091-ec8cb99b5bf7f25f12ed7a84235ff508b783805bc854d1f5ad99affd311df2a7.webp"
3110130168,744,"2026-04-02 10:38:24.089+00","tech","https://api-staging.newsroll.app/media/stories/3110130168-eb882afa8800402ca2017a120a120548324275183b020573b08f9c1c975dc5b6.webp","Error: asset 404 https://api-staging.newsroll.app/media/stories/3110130168-eb882afa8800402ca2017a120a120548324275183b020573b08f9c1c975dc5b6.webp"
3961369490,743,"2026-04-02 10:38:18.848+00","tech","https://api-staging.newsroll.app/media/stories/3961369490-11e1d435465daa1b8493e3bf291a5e40934490a32eeac5a816b103cef3e1cc82.webp","Error: asset 404 https://api-staging.newsroll.app/media/stories/3961369490-11e1d435465daa1b8493e3bf291a5e40934490a32eeac5a816b103cef3e1cc82.webp"
1052201194,742,"2026-04-02 10:38:13.997+00","tech","https://api-staging.newsroll.app/media/stories/1052201194-d23dde22feb55bdc81fd9496be3da8236b00cbf493e699f718f1a7948a94dfb1.webp","Error: asset 404 https://api-staging.newsroll.app/media/stories/1052201194-d23dde22feb55bdc81fd9496be3da8236b00cbf493e699f718f1a7948a94dfb1.webp"
2746248944,741,"2026-04-02 10:37:57.665+00","tech","https://api-staging.newsroll.app/media/stories/2746248944-6fc9d45f5e9dcf2904ca4115c4c956f03054c4f38c9c83b2a1c61c516bab364d.webp","Error: asset 404 https://api-staging.newsroll.app/media/stories/2746248944-6fc9d45f5e9dcf2904ca4115c4c956f03054c4f38c9c83b2a1c61c516bab364d.webp"
2910838762,740,"2026-04-02 10:38:15.159+00","tech","https://api-staging.newsroll.app/media/stories/2910838762-c043743376bc63eaadfffd296cfc01281196b8d1026619ac4d35fd9f1adcf719.webp","Error: asset 404 https://api-staging.newsroll.app/media/stories/2910838762-c043743376bc63eaadfffd296cfc01281196b8d1026619ac4d35fd9f1adcf719.webp"
3613634933,739,"2026-04-02 10:38:07.934+00","tech","https://api-staging.newsroll.app/media/stories/3613634933-d7a6a1303ebf57d9a1f76a8687368c7b8d8f16784058f82e9d241827af54f858.webp","Error: asset 404 https://api-staging.newsroll.app/media/stories/3613634933-d7a6a1303ebf57d9a1f76a8687368c7b8d8f16784058f82e9d241827af54f858.webp"
4017320556,738,"2026-04-02 10:38:07.191+00","tech","https://api-staging.newsroll.app/media/stories/4017320556-997502cc17a7fef3382967d794220fd60d88f6a3f381f55eb50d61101dad581c.webp","Error: asset 404 https://api-staging.newsroll.app/media/stories/4017320556-997502cc17a7fef3382967d794220fd60d88f6a3f381f55eb50d61101dad581c.webp"
2823463631,737,"2026-04-02 10:38:05.501+00","tech","https://api-staging.newsroll.app/media/stories/2823463631-6d57f3aa5e6fd82b73d7c63de2cf3d5e49c8b274436276c7dbb546b4e1291ed0.webp","Error: asset 404 https://api-staging.newsroll.app/media/stories/2823463631-6d57f3aa5e6fd82b73d7c63de2cf3d5e49c8b274436276c7dbb546b4e1291ed0.webp"
4509952259,736,"2026-04-02 10:38:01.98+00","tech","https://api-staging.newsroll.app/media/stories/4509952259-52520fea434a633f129ab930bf67e40971b4561b5e64c2a13e033cea8f1d30df.webp","Error: asset 404 https://api-staging.newsroll.app/media/stories/4509952259-52520fea434a633f129ab930bf67e40971b4561b5e64c2a13e033cea8f1d30df.webp"
2823854651,735,"2026-04-02 10:37:58.433+00","tech","https://api-staging.newsroll.app/media/stories/2823854651-d2e4badf9ea786154da16574af1e7f43d2f670ed3163a92eef64e0c19b332afb.webp","Error: asset 404 https://api-staging.newsroll.app/media/stories/2823854651-d2e4badf9ea786154da16574af1e7f43d2f670ed3163a92eef64e0c19b332afb.webp"
2871120682,734,"2026-04-02 10:37:57.837+00","tech","https://api-staging.newsroll.app/media/stories/2871120682-3717809b4f97ec6fc9896f80874cfcb3cd64ac747d8e889e3dee1a76781987ca.webp","Error: asset 404 https://api-staging.newsroll.app/media/stories/2871120682-3717809b4f97ec6fc9896f80874cfcb3cd64ac747d8e889e3dee1a76781987ca.webp"
2580162341,733,"2026-04-02 10:37:54.219+00","tech","https://api-staging.newsroll.app/media/stories/2580162341-6c13244d0a3c8bf5f4d26a20e694637bdcd2d35814c9f54a5f10791b892734ff.webp","Error: asset 404 https://api-staging.newsroll.app/media/stories/2580162341-6c13244d0a3c8bf5f4d26a20e694637bdcd2d35814c9f54a5f10791b892734ff.webp"
2601349144,732,"2026-04-02 10:37:48.246+00","tech","https://api-staging.newsroll.app/media/stories/2601349144-49b35924ed2caaf6fff288840b448a69be4ae08260ceb48a781a2d722e59b043.webp","Error: asset 404 https://api-staging.newsroll.app/media/stories/2601349144-49b35924ed2caaf6fff288840b448a69be4ae08260ceb48a781a2d722e59b043.webp"
1962960099,731,"2026-04-02 10:37:48.396+00","tech","https://api-staging.newsroll.app/media/stories/1962960099-2f1f5144801953300efcadb1a74c30d06e67f59ca57e18ebb6cc3b768677766d.webp","Error: asset 404 https://api-staging.newsroll.app/media/stories/1962960099-2f1f5144801953300efcadb1a74c30d06e67f59ca57e18ebb6cc3b768677766d.webp"
4746098247,730,"2026-04-02 10:37:47.362+00","tech","https://api-staging.newsroll.app/media/stories/4746098247-d3ece1934fd90bd7b880fc5965b7c4ed7380b936020bceeb00b68f841f91eb97.webp","Error: asset 404 https://api-staging.newsroll.app/media/stories/4746098247-d3ece1934fd90bd7b880fc5965b7c4ed7380b936020bceeb00b68f841f91eb97.webp"
3655639049,729,"2026-04-02 10:37:40.116+00","tech","https://api-staging.newsroll.app/media/stories/3655639049-bab5aab5819201b5a753b2af2f9a5b8827e2f3b74064837db214824becef8bb8.webp","Error: asset 404 https://api-staging.newsroll.app/media/stories/3655639049-bab5aab5819201b5a753b2af2f9a5b8827e2f3b74064837db214824becef8bb8.webp"
4320669411,728,"2026-04-02 10:37:40.637+00","tech","https://api-staging.newsroll.app/media/stories/4320669411-0ab1131c156a9adc336cd7daf88ae3fb7805775bd0b233656d944f6714d30597.webp","Error: asset 404 https://api-staging.newsroll.app/media/stories/4320669411-0ab1131c156a9adc336cd7daf88ae3fb7805775bd0b233656d944f6714d30597.webp"
4439597201,727,"2026-04-02 10:37:36.646+00","tech","https://api-staging.newsroll.app/media/stories/4439597201-9a831c5558d43e9e3d2ad54a8efc6bb9f94c9a8f09ef83c8df6ffc464ddb5dd2.webp","Error: asset 404 https://api-staging.newsroll.app/media/stories/4439597201-9a831c5558d43e9e3d2ad54a8efc6bb9f94c9a8f09ef83c8df6ffc464ddb5dd2.webp"
3839397293,726,"2026-04-02 10:37:34.195+00","tech","https://api-staging.newsroll.app/media/stories/3839397293-e011ee3be60ef2025e353196811d0927a5352df03bc811e884b310ac89a88320.webp","Error: asset 404 https://api-staging.newsroll.app/media/stories/3839397293-e011ee3be60ef2025e353196811d0927a5352df03bc811e884b310ac89a88320.webp"
3024423205,725,"2026-04-02 10:37:33.139+00","tech","https://api-staging.newsroll.app/media/stories/3024423205-c18163f3b3d1891cd7d271d68d7181d9067974c88c099f56a18d33b7853ef117.webp","Error: asset 404 https://api-staging.newsroll.app/media/stories/3024423205-c18163f3b3d1891cd7d271d68d7181d9067974c88c099f56a18d33b7853ef117.webp"
3735421879,724,"2026-04-02 10:37:29.635+00","tech","https://api-staging.newsroll.app/media/stories/3735421879-af34672929d61dfaccf4db931957d4e16cc859f6972857db8aedc7942b02ec4c.webp","Error: asset 404 https://api-staging.newsroll.app/media/stories/3735421879-af34672929d61dfaccf4db931957d4e16cc859f6972857db8aedc7942b02ec4c.webp"
3651343737,723,"2026-04-02 10:37:28.888+00","tech","https://api-staging.newsroll.app/media/stories/3651343737-fbe7231f7e77ea8bfc25fe528ea55803446fc524d6c34a1584d7ee1b9a1cfc80.webp","Error: asset 404 https://api-staging.newsroll.app/media/stories/3651343737-fbe7231f7e77ea8bfc25fe528ea55803446fc524d6c34a1584d7ee1b9a1cfc80.webp"
1809273931,722,"2026-04-02 10:37:29.319+00","tech","https://api-staging.newsroll.app/media/stories/1809273931-ec79ca0b6e392826fabf9fccd01d6ff75e754560dac222b397de92092ed8b8ce.webp","Error: asset 404 https://api-staging.newsroll.app/media/stories/1809273931-ec79ca0b6e392826fabf9fccd01d6ff75e754560dac222b397de92092ed8b8ce.webp"
3479794381,721,"2026-04-02 10:37:27.15+00","tech","https://api-staging.newsroll.app/media/stories/3479794381-b55d5d99aec318f2dfff66f7e438f05b32d634db7c392ba6b57c5825a482df64.webp","Error: asset 404 https://api-staging.newsroll.app/media/stories/3479794381-b55d5d99aec318f2dfff66f7e438f05b32d634db7c392ba6b57c5825a482df64.webp"
3777656816,720,"2026-04-02 10:37:23.031+00","tech","https://api-staging.newsroll.app/media/stories/3777656816-77cbed5bdae16fa02ed7f26a6770a6c41fdd33be1c23d74fd2c321976236097a.webp","Error: asset 404 https://api-staging.newsroll.app/media/stories/3777656816-77cbed5bdae16fa02ed7f26a6770a6c41fdd33be1c23d74fd2c321976236097a.webp"
3844407005,719,"2026-04-02 10:37:23.163+00","tech","https://api-staging.newsroll.app/media/stories/3844407005-1ecf66236ab9353e8651ff6275b890696ada64f256fdf5a73f151314bfbfbdb4.webp","Error: asset 404 https://api-staging.newsroll.app/media/stories/3844407005-1ecf66236ab9353e8651ff6275b890696ada64f256fdf5a73f151314bfbfbdb4.webp"
1037011443,718,"2026-04-02 10:37:21.454+00","tech","https://api-staging.newsroll.app/media/stories/1037011443-b30747066ed94853262f40da57914029926ffeeb49406b3dc539bf15f0afceae.webp","Error: asset 404 https://api-staging.newsroll.app/media/stories/1037011443-b30747066ed94853262f40da57914029926ffeeb49406b3dc539bf15f0afceae.webp"
4247930530,717,"2026-04-02 10:37:21.474+00","tech","https://api-staging.newsroll.app/media/stories/4247930530-81b505ad9ab6725983544a04e743b22b01fb58f3eb1ef260627340fee19b9595.webp","Error: asset 404 https://api-staging.newsroll.app/media/stories/4247930530-81b505ad9ab6725983544a04e743b22b01fb58f3eb1ef260627340fee19b9595.webp"
4852397254,716,"2026-04-02 10:37:15.305+00","tech","https://api-staging.newsroll.app/media/stories/4852397254-64afa16153c5a9a7b88b45e16eed46a022c200f543c006b2494936e738a3bd20.webp","Error: asset 404 https://api-staging.newsroll.app/media/stories/4852397254-64afa16153c5a9a7b88b45e16eed46a022c200f543c006b2494936e738a3bd20.webp"
2439045631,715,"2026-04-02 10:37:15.3+00","tech","https://api-staging.newsroll.app/media/stories/2439045631-fe20c6ccc60fdba827b4375ebcab61ab6ef87b352ae47c6aec4a6124b6881722.webp","Error: asset 404 https://api-staging.newsroll.app/media/stories/2439045631-fe20c6ccc60fdba827b4375ebcab61ab6ef87b352ae47c6aec4a6124b6881722.webp"
4177731698,714,"2026-04-02 10:37:14.353+00","tech","https://api-staging.newsroll.app/media/stories/4177731698-5908c8bdd0bf0893d802c96bfe3c83ec90ed8c8ac9d4485c23671040a4088b1d.webp","Error: asset 404 https://api-staging.newsroll.app/media/stories/4177731698-5908c8bdd0bf0893d802c96bfe3c83ec90ed8c8ac9d4485c23671040a4088b1d.webp"
1406673571,713,"2026-04-02 10:37:11.123+00","tech","https://api-staging.newsroll.app/media/stories/1406673571-6d519c109490c876614868af70d4fadd17fbb75b16b765529f3752b922939d8f.webp","Error: asset 404 https://api-staging.newsroll.app/media/stories/1406673571-6d519c109490c876614868af70d4fadd17fbb75b16b765529f3752b922939d8f.webp"
2727688927,712,"2026-04-02 10:37:08.367+00","tech","https://api-staging.newsroll.app/media/stories/2727688927-a973361beeae9d38c9675b15a5bbd67ec19b46cdb7963938f07635d516c547d5.webp","Error: asset 404 https://api-staging.newsroll.app/media/stories/2727688927-a973361beeae9d38c9675b15a5bbd67ec19b46cdb7963938f07635d516c547d5.webp"
1891553480,711,"2026-04-02 10:37:08.125+00","tech","https://api-staging.newsroll.app/media/stories/1891553480-ee20b8561482c5fb5958528380774276aedb8e9282ba4fa9159459b7d9b7b728.webp","Error: asset 404 https://api-staging.newsroll.app/media/stories/1891553480-ee20b8561482c5fb5958528380774276aedb8e9282ba4fa9159459b7d9b7b728.webp"
3069435745,710,"2026-04-02 10:37:08.171+00","tech","https://api-staging.newsroll.app/media/stories/3069435745-f72fb4a2f8b47a6527b4d002a20897fff1f33507a0bdfd05a7a7d28636b185ff.webp","Error: asset 404 https://api-staging.newsroll.app/media/stories/3069435745-f72fb4a2f8b47a6527b4d002a20897fff1f33507a0bdfd05a7a7d28636b185ff.webp"
3315956978,709,"2026-04-02 10:37:03.331+00","tech","https://api-staging.newsroll.app/media/stories/3315956978-31c87e1da40767ff0d46e9ee90f8256b4126be44d5ac2ffb04be5def16d4845a.webp","Error: asset 404 https://api-staging.newsroll.app/media/stories/3315956978-31c87e1da40767ff0d46e9ee90f8256b4126be44d5ac2ffb04be5def16d4845a.webp"
3386211900,708,"2026-04-02 10:37:01.241+00","tech","https://api-staging.newsroll.app/media/stories/3386211900-9843aa732dfe9f328e56a07f3de0bc051590ade868fda1672604a67bff4c451d.webp","Error: asset 404 https://api-staging.newsroll.app/media/stories/3386211900-9843aa732dfe9f328e56a07f3de0bc051590ade868fda1672604a67bff4c451d.webp"
3864348862,707,"2026-04-02 10:37:01.403+00","tech","https://api-staging.newsroll.app/media/stories/3864348862-4b6a068f47d8a7c2e280b605460b5ea13725844a19f09e91d7cf8f3bca2ae6b8.webp","Error: asset 404 https://api-staging.newsroll.app/media/stories/3864348862-4b6a068f47d8a7c2e280b605460b5ea13725844a19f09e91d7cf8f3bca2ae6b8.webp"
1474414577,706,"2026-04-02 10:36:59.769+00","tech","https://api-staging.newsroll.app/media/stories/1474414577-682971414bb255937650cb6bcc9e34b9d54e89e40844c476c3eef1043b032c46.webp","Error: asset 404 https://api-staging.newsroll.app/media/stories/1474414577-682971414bb255937650cb6bcc9e34b9d54e89e40844c476c3eef1043b032c46.webp"
1101119546,705,"2026-04-02 10:36:56.397+00","tech","https://api-staging.newsroll.app/media/stories/1101119546-08aac8dc5a480f4d329d869e14a133fbf78fc5f3ef9d013c269f42e9fa5e287b.webp","Error: asset 404 https://api-staging.newsroll.app/media/stories/1101119546-08aac8dc5a480f4d329d869e14a133fbf78fc5f3ef9d013c269f42e9fa5e287b.webp"
3233760189,704,"2026-04-02 10:36:54.767+00","business","https://api-staging.newsroll.app/media/stories/3233760189-b4a00c5a2078acc9750916c81575b75e4d382558e742c0b8b3d6a523f1d90459.webp","Error: asset 404 https://api-staging.newsroll.app/media/stories/3233760189-b4a00c5a2078acc9750916c81575b75e4d382558e742c0b8b3d6a523f1d90459.webp"
2635905307,703,"2026-04-02 10:36:49.628+00","tech","https://api-staging.newsroll.app/media/stories/2635905307-3d23a8ca99cd3335dcbfa5d0ed8a11bdb82a85e9e0928155ea3e0854be46fe5d.webp","Error: asset 404 https://api-staging.newsroll.app/media/stories/2635905307-3d23a8ca99cd3335dcbfa5d0ed8a11bdb82a85e9e0928155ea3e0854be46fe5d.webp"
4771610268,702,"2026-04-02 10:36:51.32+00","tech","https://api-staging.newsroll.app/media/stories/4771610268-6f34d63e5fcbc41ba1857540ddfd66fc06d82eec6eff00fdb50316a289a48ed7.webp","Error: asset 404 https://api-staging.newsroll.app/media/stories/4771610268-6f34d63e5fcbc41ba1857540ddfd66fc06d82eec6eff00fdb50316a289a48ed7.webp"
4335221578,701,"2026-04-02 10:36:48.98+00","tech","https://api-staging.newsroll.app/media/stories/4335221578-ee9bc9a007474bfd06b9dbd51c93723785d9a5bd484c32fd490c6bdb06bf176b.webp","Error: asset 404 https://api-staging.newsroll.app/media/stories/4335221578-ee9bc9a007474bfd06b9dbd51c93723785d9a5bd484c32fd490c6bdb06bf176b.webp"
2501983683,700,"2026-04-02 10:36:47.665+00","tech","https://api-staging.newsroll.app/media/stories/2501983683-fcb78fbf3b64fb2ea5df59cebb629962ee28351fbd6e292454adf2990c1b8121.webp","Error: asset 404 https://api-staging.newsroll.app/media/stories/2501983683-fcb78fbf3b64fb2ea5df59cebb629962ee28351fbd6e292454adf2990c1b8121.webp"
1374951063,699,"2026-04-02 10:36:45.626+00","tech","https://api-staging.newsroll.app/media/stories/1374951063-0eea9e7e0d4633f3e64d91eca09f861336490184a8796e62966acfc6ac6bb8f5.webp","Error: asset 404 https://api-staging.newsroll.app/media/stories/1374951063-0eea9e7e0d4633f3e64d91eca09f861336490184a8796e62966acfc6ac6bb8f5.webp"
3520850788,698,"2026-04-02 10:36:44.481+00","tech","https://api-staging.newsroll.app/media/stories/3520850788-a1261e33a3024c060f7ba3f19331af4d5d1f0858174fa636ae5923544e2c7822.webp","Error: asset 404 https://api-staging.newsroll.app/media/stories/3520850788-a1261e33a3024c060f7ba3f19331af4d5d1f0858174fa636ae5923544e2c7822.webp"
5265679962,697,"2026-04-02 10:36:41.584+00","tech","https://api-staging.newsroll.app/media/stories/5265679962-43f55cf422ed84246fc0d601f74a425420aaf59510babe9b232d13e9754fcf38.webp","Error: asset 404 https://api-staging.newsroll.app/media/stories/5265679962-43f55cf422ed84246fc0d601f74a425420aaf59510babe9b232d13e9754fcf38.webp"
1473323003,696,"2026-04-02 10:36:40.461+00","business","https://api-staging.newsroll.app/media/stories/1473323003-7d617f09039da24ea52514bc2383367d6bd86ddd72c793a6b06a6caabcf24db5.webp","Error: asset 404 https://api-staging.newsroll.app/media/stories/1473323003-7d617f09039da24ea52514bc2383367d6bd86ddd72c793a6b06a6caabcf24db5.webp"
5226033367,695,"2026-04-02 10:36:20.659+00","tech","https://api-staging.newsroll.app/media/stories/5226033367-20f9e63fbba92590f010e329e5914cdfd64c3b184c37796a35e8c068aa6930c3.webp","Error: asset 404 https://api-staging.newsroll.app/media/stories/5226033367-20f9e63fbba92590f010e329e5914cdfd64c3b184c37796a35e8c068aa6930c3.webp"
4898278748,694,"2026-04-02 10:36:30.707+00","tech","https://api-staging.newsroll.app/media/stories/4898278748-351d79582326d9eeaa9eedfccd3e61723f18949962ffec36650826e753f6a9ad.webp","Error: asset 404 https://api-staging.newsroll.app/media/stories/4898278748-351d79582326d9eeaa9eedfccd3e61723f18949962ffec36650826e753f6a9ad.webp"
4713770553,693,"2026-04-02 10:36:34.883+00","tech","https://api-staging.newsroll.app/media/stories/4713770553-a06680a5cde8052706c50736cdf5b68d4dbea6b8c89c670b1a62e72f69c593cc.webp","Error: asset 404 https://api-staging.newsroll.app/media/stories/4713770553-a06680a5cde8052706c50736cdf5b68d4dbea6b8c89c670b1a62e72f69c593cc.webp"
4296949285,692,"2026-04-02 10:36:33.041+00","tech","https://api-staging.newsroll.app/media/stories/4296949285-93cf0416768a051de36483164b3a2a03d61ef70e13615bf78dedbd428ac2fc76.webp","Error: asset 404 https://api-staging.newsroll.app/media/stories/4296949285-93cf0416768a051de36483164b3a2a03d61ef70e13615bf78dedbd428ac2fc76.webp"
4504761088,691,"2026-04-02 10:35:53.755+00","tech","https://api-staging.newsroll.app/media/stories/4504761088-d1cdf8c38e3c05ea411e60913429e100b9ba6daf4e4987dfcc39f4ab45d3fff3.webp","Error: asset 404 https://api-staging.newsroll.app/media/stories/4504761088-d1cdf8c38e3c05ea411e60913429e100b9ba6daf4e4987dfcc39f4ab45d3fff3.webp"
5084632746,690,"2026-04-02 10:36:22.622+00","business","https://api-staging.newsroll.app/media/stories/5084632746-04433e6a7a0c8e4151508a744f62ba05deaeeab75099ba625961bb1b38b268b9.webp","Error: asset 404 https://api-staging.newsroll.app/media/stories/5084632746-04433e6a7a0c8e4151508a744f62ba05deaeeab75099ba625961bb1b38b268b9.webp"
3435725917,689,"2026-04-02 10:36:23.532+00","business","https://api-staging.newsroll.app/media/stories/3435725917-ec6fdfd4977dcebc4911d8bbfafebeae67f04aa53db7e8c5c0769a1bd7acee3c.webp","Error: asset 404 https://api-staging.newsroll.app/media/stories/3435725917-ec6fdfd4977dcebc4911d8bbfafebeae67f04aa53db7e8c5c0769a1bd7acee3c.webp"
2440351476,688,"2026-04-02 10:36:16.228+00","tech","https://api-staging.newsroll.app/media/stories/2440351476-e24806ddd44e23f621b43584a2783428ebde2632b2b8d8b33b61088d8400b36d.webp","Error: asset 404 https://api-staging.newsroll.app/media/stories/2440351476-e24806ddd44e23f621b43584a2783428ebde2632b2b8d8b33b61088d8400b36d.webp"
4401779621,687,"2026-04-02 10:36:16.265+00","tech","https://api-staging.newsroll.app/media/stories/4401779621-42d02a54d0ee25a6b384df394079e3cc47c6f554ef9a69f14ab5860071c8dcae.webp","Error: asset 404 https://api-staging.newsroll.app/media/stories/4401779621-42d02a54d0ee25a6b384df394079e3cc47c6f554ef9a69f14ab5860071c8dcae.webp"
4030431779,686,"2026-04-02 10:35:40.057+00","tech","https://api-staging.newsroll.app/media/stories/4030431779-b77437b0a5afb34649159fa5f961fb8b5bf923ff6e5dd445b60ecb1e9859b552.webp","Error: asset 404 https://api-staging.newsroll.app/media/stories/4030431779-b77437b0a5afb34649159fa5f961fb8b5bf923ff6e5dd445b60ecb1e9859b552.webp"
1745041329,685,"2026-04-02 10:36:13.586+00","tech","https://api-staging.newsroll.app/media/stories/1745041329-b250e167f3ad2afa33a5d5a3f2744ad35949c4a07927c2ed50888f1ccff66f24.webp","Error: asset 404 https://api-staging.newsroll.app/media/stories/1745041329-b250e167f3ad2afa33a5d5a3f2744ad35949c4a07927c2ed50888f1ccff66f24.webp"
1145123070,684,"2026-04-02 10:36:11.971+00","tech","https://api-staging.newsroll.app/media/stories/1145123070-e1eb315ac046c360b71041640c420f91dc7df5865a236971839ee625e845f733.webp","Error: asset 404 https://api-staging.newsroll.app/media/stories/1145123070-e1eb315ac046c360b71041640c420f91dc7df5865a236971839ee625e845f733.webp"
3965359226,683,"2026-04-02 10:36:08.818+00","tech","https://api-staging.newsroll.app/media/stories/3965359226-e6f62926337b84390170e61045ac542340c32b927f5e9a3b5ad72184f98c14ff.webp","Error: asset 404 https://api-staging.newsroll.app/media/stories/3965359226-e6f62926337b84390170e61045ac542340c32b927f5e9a3b5ad72184f98c14ff.webp"
3146937028,682,"2026-04-02 10:35:33.404+00","tech","https://api-staging.newsroll.app/media/stories/3146937028-3cfd7a10c16eb6485df8f8259044f2daa2eacc6db303fa5aad0e2af27b3c51ed.webp","Error: asset 404 https://api-staging.newsroll.app/media/stories/3146937028-3cfd7a10c16eb6485df8f8259044f2daa2eacc6db303fa5aad0e2af27b3c51ed.webp"
4352527981,681,"2026-04-02 10:36:04.775+00","tech","https://api-staging.newsroll.app/media/stories/4352527981-f91be2885b79924e744a4e9c623ccfcec7116fe9ea134d2197e549ae475d5562.webp","Error: asset 404 https://api-staging.newsroll.app/media/stories/4352527981-f91be2885b79924e744a4e9c623ccfcec7116fe9ea134d2197e549ae475d5562.webp"
2022062027,680,"2026-04-02 10:35:58.092+00","tech","https://api-staging.newsroll.app/media/stories/2022062027-5a0e7d57da33e753a6d51bf35645795f25cc6d53a7997605a70cdd74b0fe1f22.webp","Error: asset 404 https://api-staging.newsroll.app/media/stories/2022062027-5a0e7d57da33e753a6d51bf35645795f25cc6d53a7997605a70cdd74b0fe1f22.webp"
4997890184,679,"2026-04-02 10:35:57.786+00","tech","https://api-staging.newsroll.app/media/stories/4997890184-0c85cb3e81e61bbd44819ea886b6a091dab8bebd94f1c53c7330085e66c0b04e.webp","Error: asset 404 https://api-staging.newsroll.app/media/stories/4997890184-0c85cb3e81e61bbd44819ea886b6a091dab8bebd94f1c53c7330085e66c0b04e.webp"
2418411273,678,"2026-04-02 10:35:50.928+00","tech","https://api-staging.newsroll.app/media/stories/2418411273-df4f389d43f605f76478e354b3ca1147e00c75f717a540aedce743da29a676aa.webp","Error: asset 404 https://api-staging.newsroll.app/media/stories/2418411273-df4f389d43f605f76478e354b3ca1147e00c75f717a540aedce743da29a676aa.webp"
2540960939,677,"2026-04-02 10:35:50.045+00","tech","https://api-staging.newsroll.app/media/stories/2540960939-c0988ed27fd8695f717870457dacd67bb24d8afc5b584fa7a2192b57ed714ebf.webp","Error: asset 404 https://api-staging.newsroll.app/media/stories/2540960939-c0988ed27fd8695f717870457dacd67bb24d8afc5b584fa7a2192b57ed714ebf.webp"
3055090033,676,"2026-04-02 10:35:46.948+00","tech","https://api-staging.newsroll.app/media/stories/3055090033-60502390003ee801056d2f9b908a41c42d20ee272b427819295965f91cf2918c.webp","Error: asset 404 https://api-staging.newsroll.app/media/stories/3055090033-60502390003ee801056d2f9b908a41c42d20ee272b427819295965f91cf2918c.webp"
1723429147,675,"2026-04-02 10:35:43.475+00","tech","https://api-staging.newsroll.app/media/stories/1723429147-4dcbda354cd4d78465131c2e2fdc0dece9d2a7eda51b3ec9314f62526c63fea6.webp","Error: asset 404 https://api-staging.newsroll.app/media/stories/1723429147-4dcbda354cd4d78465131c2e2fdc0dece9d2a7eda51b3ec9314f62526c63fea6.webp"
2321216180,674,"2026-04-02 10:35:18.088+00","tech","https://api-staging.newsroll.app/media/stories/2321216180-ed4ae1ed4c991a7c03e35d868a65b0491063bdf379284be3a10f41d784021cb8.webp","Error: asset 404 https://api-staging.newsroll.app/media/stories/2321216180-ed4ae1ed4c991a7c03e35d868a65b0491063bdf379284be3a10f41d784021cb8.webp"
3595779786,673,"2026-04-02 10:35:32.795+00","tech","https://api-staging.newsroll.app/media/stories/3595779786-a2089c99fecb4d591b9cbd19c6c97f2af6635e651ba06cd667ec3d2aba4f393b.webp","Error: asset 404 https://api-staging.newsroll.app/media/stories/3595779786-a2089c99fecb4d591b9cbd19c6c97f2af6635e651ba06cd667ec3d2aba4f393b.webp"
1996822054,672,"2026-04-02 10:35:32.129+00","tech","https://api-staging.newsroll.app/media/stories/1996822054-954bca95fc86594f23384c4f36772f74f95c5b477f53f0a082d80ceeeed1873f.webp","Error: asset 404 https://api-staging.newsroll.app/media/stories/1996822054-954bca95fc86594f23384c4f36772f74f95c5b477f53f0a082d80ceeeed1873f.webp"
3118900320,671,"2026-04-02 10:35:24.817+00","tech","https://api-staging.newsroll.app/media/stories/3118900320-abc7cea7c1cb8a510eba1ec99b9f7927dc23487245b5f4488bed3a1c84af3580.webp","Error: asset 404 https://api-staging.newsroll.app/media/stories/3118900320-abc7cea7c1cb8a510eba1ec99b9f7927dc23487245b5f4488bed3a1c84af3580.webp"
3297011428,670,"2026-04-02 10:35:15.516+00","tech","https://api-staging.newsroll.app/media/stories/3297011428-6d2d18f479c65a4975cc9ea8a670ce4ec371ff0ac8eefd56fc3078bfb52c0965.webp","Error: asset 404 https://api-staging.newsroll.app/media/stories/3297011428-6d2d18f479c65a4975cc9ea8a670ce4ec371ff0ac8eefd56fc3078bfb52c0965.webp"
1852907174,669,"2026-04-02 10:35:23.27+00","tech","https://api-staging.newsroll.app/media/stories/1852907174-4a1d26af18091193c8e7aa4cc6e88b0bdc678da7bf11795f146c4dbcc06acf8a.webp","Error: asset 404 https://api-staging.newsroll.app/media/stories/1852907174-4a1d26af18091193c8e7aa4cc6e88b0bdc678da7bf11795f146c4dbcc06acf8a.webp"
3055373635,668,"2026-04-02 10:35:22.101+00","tech","https://api-staging.newsroll.app/media/stories/3055373635-3e097c76147272327fd1521bfe5acfdf4735c35bf8224ddaeea2999d444a10c6.webp","Error: asset 404 https://api-staging.newsroll.app/media/stories/3055373635-3e097c76147272327fd1521bfe5acfdf4735c35bf8224ddaeea2999d444a10c6.webp"
3362300182,667,"2026-04-02 10:35:15.778+00","tech","https://api-staging.newsroll.app/media/stories/3362300182-8756ecefffff7449116b9d2dec4c603a85402cf9207011bf9e0f4011204e3ca0.webp","Error: asset 404 https://api-staging.newsroll.app/media/stories/3362300182-8756ecefffff7449116b9d2dec4c603a85402cf9207011bf9e0f4011204e3ca0.webp"
5111535132,666,"2026-04-02 10:35:14.084+00","tech","https://api-staging.newsroll.app/media/stories/5111535132-4b46e76afb1af2f73e35cffa9d6986ca18c45b4c4fb79bb6498dd2d4683508c6.webp","Error: asset 404 https://api-staging.newsroll.app/media/stories/5111535132-4b46e76afb1af2f73e35cffa9d6986ca18c45b4c4fb79bb6498dd2d4683508c6.webp"
3417614098,665,"2026-04-02 10:34:54.806+00","tech","https://api-staging.newsroll.app/media/stories/3417614098-30f6ee12e0b48b1ab3eb7ef0eb97f3c7529fdd4f898c9775976855b4c4b29878.webp","Error: asset 404 https://api-staging.newsroll.app/media/stories/3417614098-30f6ee12e0b48b1ab3eb7ef0eb97f3c7529fdd4f898c9775976855b4c4b29878.webp"
4994384227,664,"2026-04-02 10:35:08.698+00","tech","https://api-staging.newsroll.app/media/stories/4994384227-cea47ff306aab4d4c2888c4082601fd847decf52390110a5fb15205f4e13a1bb.webp","Error: asset 404 https://api-staging.newsroll.app/media/stories/4994384227-cea47ff306aab4d4c2888c4082601fd847decf52390110a5fb15205f4e13a1bb.webp"
4516102432,663,"2026-04-02 10:35:08.018+00","tech","https://api-staging.newsroll.app/media/stories/4516102432-fca5e5b26fe4ec98ec40df74d624307fab98bb47b18b2c32f3db3a4abf3dc8de.webp","Error: asset 404 https://api-staging.newsroll.app/media/stories/4516102432-fca5e5b26fe4ec98ec40df74d624307fab98bb47b18b2c32f3db3a4abf3dc8de.webp"
2468865082,662,"2026-04-02 10:34:56.407+00","tech","https://api-staging.newsroll.app/media/stories/2468865082-e92de5c181a084de7eb52bf3b360448f81840e5bf94ad27f813bafe20ea0da37.webp","Error: asset 404 https://api-staging.newsroll.app/media/stories/2468865082-e92de5c181a084de7eb52bf3b360448f81840e5bf94ad27f813bafe20ea0da37.webp"
3974348920,661,"2026-04-02 10:34:59.054+00","tech","https://api-staging.newsroll.app/media/stories/3974348920-01994ddb703303b59938507e26fd7f687f482aa2e9781666818ee78e5ed23cbc.webp","Error: asset 404 https://api-staging.newsroll.app/media/stories/3974348920-01994ddb703303b59938507e26fd7f687f482aa2e9781666818ee78e5ed23cbc.webp"
1266552097,660,"2026-04-02 10:34:56.856+00","tech","https://api-staging.newsroll.app/media/stories/1266552097-fb17241e642a72813074d4f88262b7398caa277c3c9a7bada236ef9f7b709ea3.webp","Error: asset 404 https://api-staging.newsroll.app/media/stories/1266552097-fb17241e642a72813074d4f88262b7398caa277c3c9a7bada236ef9f7b709ea3.webp"
1863356370,659,"2026-04-02 10:34:57.642+00","tech","https://api-staging.newsroll.app/media/stories/1863356370-c94945b2710f54dc6ed15e744280ba15d1cc81db7485d7b846a71f24e17e932c.webp","Error: asset 404 https://api-staging.newsroll.app/media/stories/1863356370-c94945b2710f54dc6ed15e744280ba15d1cc81db7485d7b846a71f24e17e932c.webp"
3071757389,658,"2026-04-02 10:34:50.153+00","tech","https://api-staging.newsroll.app/media/stories/3071757389-e7b53037d5556d3420400a982adebae86de207f302df9d02361548a3732ccf66.webp","Error: asset 404 https://api-staging.newsroll.app/media/stories/3071757389-e7b53037d5556d3420400a982adebae86de207f302df9d02361548a3732ccf66.webp"
1060968006,657,"2026-04-02 10:34:48.182+00","tech","https://api-staging.newsroll.app/media/stories/1060968006-e3c80e4a1e958f0e33251d100d1c7d7552a8309b2de734b48855eb6571d6c235.webp","Error: asset 404 https://api-staging.newsroll.app/media/stories/1060968006-e3c80e4a1e958f0e33251d100d1c7d7552a8309b2de734b48855eb6571d6c235.webp"
1722676639,656,"2026-04-02 10:34:49.553+00","tech","https://api-staging.newsroll.app/media/stories/1722676639-0a52f4fe3abb4db14a3489524eb261c85fcf289e41b2db4b92d19571bb25d900.webp","Error: asset 404 https://api-staging.newsroll.app/media/stories/1722676639-0a52f4fe3abb4db14a3489524eb261c85fcf289e41b2db4b92d19571bb25d900.webp"
2784398117,655,"2026-04-02 10:34:47.047+00","tech","https://api-staging.newsroll.app/media/stories/2784398117-d6b39846bd82694b40ccaa20a1c06e4daa508fb393802523dd74a60036aae5f0.webp","Error: asset 404 https://api-staging.newsroll.app/media/stories/2784398117-d6b39846bd82694b40ccaa20a1c06e4daa508fb393802523dd74a60036aae5f0.webp"
1596498899,654,"2026-04-02 10:34:42.173+00","tech","https://api-staging.newsroll.app/media/stories/1596498899-855bea28abccdb922bf074b6f782033c4d94ed39c963ca7abee3d451acfd65de.webp","Error: asset 404 https://api-staging.newsroll.app/media/stories/1596498899-855bea28abccdb922bf074b6f782033c4d94ed39c963ca7abee3d451acfd65de.webp"
2303841508,653,"2026-04-02 10:34:39.068+00","tech","https://api-staging.newsroll.app/media/stories/2303841508-f278f026c2192e4ccb2f1c11c916e12943846d8eb4739014805a25ffdbd6027a.webp","Error: asset 404 https://api-staging.newsroll.app/media/stories/2303841508-f278f026c2192e4ccb2f1c11c916e12943846d8eb4739014805a25ffdbd6027a.webp"
2454356335,652,"2026-04-02 10:34:40.277+00","tech","https://api-staging.newsroll.app/media/stories/2454356335-75c89758557e0623540071a5d26b1f7595707211f5cef4d60be2e92902d70418.webp","Error: asset 404 https://api-staging.newsroll.app/media/stories/2454356335-75c89758557e0623540071a5d26b1f7595707211f5cef4d60be2e92902d70418.webp"
3217851251,651,"2026-04-02 10:34:37.935+00","tech","https://api-staging.newsroll.app/media/stories/3217851251-10b464074676581bfa42bed5d635acb88c13ab638374de24620a991f98f72906.webp","Error: asset 404 https://api-staging.newsroll.app/media/stories/3217851251-10b464074676581bfa42bed5d635acb88c13ab638374de24620a991f98f72906.webp"
2306644128,650,"2026-04-02 10:34:33.546+00","tech","https://api-staging.newsroll.app/media/stories/2306644128-364779c0977898c7044725ea51a70a52123522274ddbb401fd45b6a5eb138261.webp","Error: asset 404 https://api-staging.newsroll.app/media/stories/2306644128-364779c0977898c7044725ea51a70a52123522274ddbb401fd45b6a5eb138261.webp"
4678045242,649,"2026-04-02 10:34:30.506+00","tech","https://api-staging.newsroll.app/media/stories/4678045242-6ff81b1255bf1964ad0463affe5e7779db4a5fc15fe32b6062f92f28758fe8a7.webp","Error: asset 404 https://api-staging.newsroll.app/media/stories/4678045242-6ff81b1255bf1964ad0463affe5e7779db4a5fc15fe32b6062f92f28758fe8a7.webp"
2848940260,648,"2026-04-02 10:34:31.014+00","tech","https://api-staging.newsroll.app/media/stories/2848940260-3c4f131b8a3854532cf484438457fa9e724b68f0de3b5d08e8a943a61c90bd5f.webp","Error: asset 404 https://api-staging.newsroll.app/media/stories/2848940260-3c4f131b8a3854532cf484438457fa9e724b68f0de3b5d08e8a943a61c90bd5f.webp"
1270056513,647,"2026-04-02 10:34:24.273+00","tech","https://api-staging.newsroll.app/media/stories/1270056513-8c186a41ca358a5413734ec8627686621a9c6b9190031ab126bc3b67c84cf956.webp","Error: asset 404 https://api-staging.newsroll.app/media/stories/1270056513-8c186a41ca358a5413734ec8627686621a9c6b9190031ab126bc3b67c84cf956.webp"
1174453543,646,"2026-04-02 10:34:23.976+00","tech","https://api-staging.newsroll.app/media/stories/1174453543-cf06009c8379ebca37cb3eff24728733a60faff3ba66ec8d9ff5619f249cad6b.webp","Error: asset 404 https://api-staging.newsroll.app/media/stories/1174453543-cf06009c8379ebca37cb3eff24728733a60faff3ba66ec8d9ff5619f249cad6b.webp"
4702539636,645,"2026-04-02 10:34:22.188+00","tech","https://api-staging.newsroll.app/media/stories/4702539636-360e3c8cfa93dbbeb167dd7b1652f3ec71cccbc41837ca0da044e802b12d5459.webp","Error: asset 404 https://api-staging.newsroll.app/media/stories/4702539636-360e3c8cfa93dbbeb167dd7b1652f3ec71cccbc41837ca0da044e802b12d5459.webp"
2114297062,644,"2026-04-02 10:34:21.748+00","tech","https://api-staging.newsroll.app/media/stories/2114297062-b40d7a232f058c209bfb6f60783ea91af641ffcc3666bb258efa5aac707008e5.webp","Error: asset 404 https://api-staging.newsroll.app/media/stories/2114297062-b40d7a232f058c209bfb6f60783ea91af641ffcc3666bb258efa5aac707008e5.webp"
1059061360,643,"2026-04-02 10:34:16.739+00","tech","https://api-staging.newsroll.app/media/stories/1059061360-bd5fb9557793798dd28ea69f83445b9c454309770872e360eb25b3941775fe58.webp","Error: asset 404 https://api-staging.newsroll.app/media/stories/1059061360-bd5fb9557793798dd28ea69f83445b9c454309770872e360eb25b3941775fe58.webp"
3467387715,642,"2026-04-02 10:34:16.302+00","tech","https://api-staging.newsroll.app/media/stories/3467387715-042c5c57a32d5f0e0165877e93034ff07fe812a9cf749c61f43b42e9a76146dc.webp","Error: asset 404 https://api-staging.newsroll.app/media/stories/3467387715-042c5c57a32d5f0e0165877e93034ff07fe812a9cf749c61f43b42e9a76146dc.webp"
4959808090,641,"2026-04-02 10:34:15.186+00","tech","https://api-staging.newsroll.app/media/stories/4959808090-d8bc14e0f85bf8df4e1b5c729c9a3cdf66e2252e55a3fe6b4fa18f944b70f27d.webp","Error: asset 404 https://api-staging.newsroll.app/media/stories/4959808090-d8bc14e0f85bf8df4e1b5c729c9a3cdf66e2252e55a3fe6b4fa18f944b70f27d.webp"
4537480499,640,"2026-04-02 10:34:15.137+00","tech","https://api-staging.newsroll.app/media/stories/4537480499-b76abb0cff48d614a68c443fdf582bf6d5f84a328b672b1174ac1fff9133391e.webp","Error: asset 404 https://api-staging.newsroll.app/media/stories/4537480499-b76abb0cff48d614a68c443fdf582bf6d5f84a328b672b1174ac1fff9133391e.webp"
1756237913,639,"2026-04-02 10:34:14.733+00","tech","https://api-staging.newsroll.app/media/stories/1756237913-c4257d7040e26bd634a88c57ed165a01606eebcc44c79a310a919471498dfcce.webp","Error: asset 404 https://api-staging.newsroll.app/media/stories/1756237913-c4257d7040e26bd634a88c57ed165a01606eebcc44c79a310a919471498dfcce.webp"
4432051458,638,"2026-04-02 10:34:09.827+00","tech","https://api-staging.newsroll.app/media/stories/4432051458-bc6725fbc39043d32d6ce11a90479e1b76b450ea7b2ca1b1683ec41bf9feb9f0.webp","Error: asset 404 https://api-staging.newsroll.app/media/stories/4432051458-bc6725fbc39043d32d6ce11a90479e1b76b450ea7b2ca1b1683ec41bf9feb9f0.webp"
4282078807,637,"2026-04-02 10:34:07.94+00","tech","https://api-staging.newsroll.app/media/stories/4282078807-20bacf31ab9e3fc7f96b5ac76c47f178c617dc19029d6627f0ec7f4825813683.webp","Error: asset 404 https://api-staging.newsroll.app/media/stories/4282078807-20bacf31ab9e3fc7f96b5ac76c47f178c617dc19029d6627f0ec7f4825813683.webp"
4895332869,636,"2026-04-02 10:34:07.689+00","tech","https://api-staging.newsroll.app/media/stories/4895332869-bc88cd093042ebea80251b07ad0807939289db4b09cc005ca8dfb873af99a4ce.webp","Error: asset 404 https://api-staging.newsroll.app/media/stories/4895332869-bc88cd093042ebea80251b07ad0807939289db4b09cc005ca8dfb873af99a4ce.webp"
3107992751,635,"2026-04-02 10:33:58.882+00","tech","https://api-staging.newsroll.app/media/stories/3107992751-70dec7d2898e2f4faea8bc523b9e7b1a2ed3c1ea005adf63a0c6594b648e2e85.webp","Error: asset 404 https://api-staging.newsroll.app/media/stories/3107992751-70dec7d2898e2f4faea8bc523b9e7b1a2ed3c1ea005adf63a0c6594b648e2e85.webp"
1152327209,634,"2026-04-02 10:33:59.81+00","tech","https://api-staging.newsroll.app/media/stories/1152327209-8b072bf52bbe9498e9074d399624e7b9b872b15d6885e952efc13516cc6011c1.webp","Error: asset 404 https://api-staging.newsroll.app/media/stories/1152327209-8b072bf52bbe9498e9074d399624e7b9b872b15d6885e952efc13516cc6011c1.webp"
1278444747,633,"2026-04-02 10:33:56.605+00","tech","https://api-staging.newsroll.app/media/stories/1278444747-db09351aba91dabc886b1af7c7b28d07427fc9e19599291c596c7446224ff311.webp","Error: asset 404 https://api-staging.newsroll.app/media/stories/1278444747-db09351aba91dabc886b1af7c7b28d07427fc9e19599291c596c7446224ff311.webp"
2378090569,632,"2026-04-02 10:33:55.716+00","tech","https://api-staging.newsroll.app/media/stories/2378090569-29d71a221bfbd698cd1faba3a76dc873fb1efb1108076046188ca535159ae2bf.webp","Error: asset 404 https://api-staging.newsroll.app/media/stories/2378090569-29d71a221bfbd698cd1faba3a76dc873fb1efb1108076046188ca535159ae2bf.webp"
1604562766,631,"2026-04-02 10:33:49.066+00","tech","https://api-staging.newsroll.app/media/stories/1604562766-4a2785aad664812a1e4781270d600ca150500f2eaf64c920414df8f8f5390e65.webp","Error: asset 404 https://api-staging.newsroll.app/media/stories/1604562766-4a2785aad664812a1e4781270d600ca150500f2eaf64c920414df8f8f5390e65.webp"
1946746535,630,"2026-04-02 10:33:47.838+00","tech","https://api-staging.newsroll.app/media/stories/1946746535-ed605e312efe409ec4c0896abaf9e1d0651fe1800d4a37d482b9a7c672c2f141.webp","Error: asset 404 https://api-staging.newsroll.app/media/stories/1946746535-ed605e312efe409ec4c0896abaf9e1d0651fe1800d4a37d482b9a7c672c2f141.webp"
2409522226,629,"2026-04-02 10:33:48.758+00","tech","https://api-staging.newsroll.app/media/stories/2409522226-c50cabfb75f69850988e88e082fa059c1565cb4a09f772ab9fa73864c200daf2.webp","Error: asset 404 https://api-staging.newsroll.app/media/stories/2409522226-c50cabfb75f69850988e88e082fa059c1565cb4a09f772ab9fa73864c200daf2.webp"
4953753413,628,"2026-04-02 10:33:40.46+00","tech","https://api-staging.newsroll.app/media/stories/4953753413-0c9d5ebb6e265a0421fb7fabf9a33bfc57fac26c263abd6814ac89022af48847.webp","Error: asset 404 https://api-staging.newsroll.app/media/stories/4953753413-0c9d5ebb6e265a0421fb7fabf9a33bfc57fac26c263abd6814ac89022af48847.webp"
3611340257,627,"2026-04-02 10:33:41.568+00","tech","https://api-staging.newsroll.app/media/stories/3611340257-9fd6ca866ca7f95bae9e6ef903a479bee3b927158e4afb56ba5e12745dff0cc5.webp","Error: asset 404 https://api-staging.newsroll.app/media/stories/3611340257-9fd6ca866ca7f95bae9e6ef903a479bee3b927158e4afb56ba5e12745dff0cc5.webp"
2810773933,626,"2026-04-02 10:33:40.823+00","tech","https://api-staging.newsroll.app/media/stories/2810773933-9985c02e63b5a8eb52b03fcae18136685fb84eab096f1b4977197b1628a38d8f.webp","Error: asset 404 https://api-staging.newsroll.app/media/stories/2810773933-9985c02e63b5a8eb52b03fcae18136685fb84eab096f1b4977197b1628a38d8f.webp"
3649835345,625,"2026-04-02 10:33:37.836+00","tech","https://api-staging.newsroll.app/media/stories/3649835345-b2d9ab138fa99997b8a45e5905beaaf1dce7518a665153ec50bd03f7ce8e46ff.webp","Error: asset 404 https://api-staging.newsroll.app/media/stories/3649835345-b2d9ab138fa99997b8a45e5905beaaf1dce7518a665153ec50bd03f7ce8e46ff.webp"
4224099309,624,"2026-04-02 10:33:33.909+00","tech","https://api-staging.newsroll.app/media/stories/4224099309-920dc830bbea634ed98f5e307ff4492c7fb473b142fd1a1c8686931d9f1293da.webp","Error: asset 404 https://api-staging.newsroll.app/media/stories/4224099309-920dc830bbea634ed98f5e307ff4492c7fb473b142fd1a1c8686931d9f1293da.webp"
3461954572,623,"2026-04-02 10:33:32.912+00","tech","https://api-staging.newsroll.app/media/stories/3461954572-56be034fe98c1ebe1b7f59ba02eee95c3c180d8fa716b4514273cba53a37afef.webp","Error: asset 404 https://api-staging.newsroll.app/media/stories/3461954572-56be034fe98c1ebe1b7f59ba02eee95c3c180d8fa716b4514273cba53a37afef.webp"
3053525748,622,"2026-04-02 10:33:32.714+00","tech","https://api-staging.newsroll.app/media/stories/3053525748-9996f567f1009da80efa995f2f29a7fd50ad4b26df6d7a91ea6e3bc43eaa2008.webp","Error: asset 404 https://api-staging.newsroll.app/media/stories/3053525748-9996f567f1009da80efa995f2f29a7fd50ad4b26df6d7a91ea6e3bc43eaa2008.webp"
3243682406,621,"2026-04-02 10:33:31.221+00","tech","https://api-staging.newsroll.app/media/stories/3243682406-13ea79dcd29c28ec72e06a6236f1d68308c04e1e792e53da4a10475cde196404.webp","Error: asset 404 https://api-staging.newsroll.app/media/stories/3243682406-13ea79dcd29c28ec72e06a6236f1d68308c04e1e792e53da4a10475cde196404.webp"
1497416544,620,"2026-04-02 10:33:29.405+00","tech","https://api-staging.newsroll.app/media/stories/1497416544-2b2b9ad9abb21e2bdb90ceca00f69dc71a339e6523cda7ea48ce9abe28225bf6.webp","Error: asset 404 https://api-staging.newsroll.app/media/stories/1497416544-2b2b9ad9abb21e2bdb90ceca00f69dc71a339e6523cda7ea48ce9abe28225bf6.webp"
5068654300,619,"2026-04-02 10:33:25.484+00","tech","https://api-staging.newsroll.app/media/stories/5068654300-021e15bad2ddaf9e9f5d9c418ab8a6186afde250723605d9d88cbe38055c881c.webp","Error: asset 404 https://api-staging.newsroll.app/media/stories/5068654300-021e15bad2ddaf9e9f5d9c418ab8a6186afde250723605d9d88cbe38055c881c.webp"
1297286498,618,"2026-04-02 10:33:25.1+00","tech","https://api-staging.newsroll.app/media/stories/1297286498-90ef2359cda8ea46991354ca8bfbfd907e90c162969a14f1972d69567b8aacd6.webp","Error: asset 404 https://api-staging.newsroll.app/media/stories/1297286498-90ef2359cda8ea46991354ca8bfbfd907e90c162969a14f1972d69567b8aacd6.webp"
1753540910,617,"2026-04-02 10:33:23.98+00","tech","https://api-staging.newsroll.app/media/stories/1753540910-44d1448b42e7ee915573b59e73738b5d1332fddab0fd65ee8016bb0a85f01453.webp","Error: asset 404 https://api-staging.newsroll.app/media/stories/1753540910-44d1448b42e7ee915573b59e73738b5d1332fddab0fd65ee8016bb0a85f01453.webp"
3529629851,616,"2026-04-02 10:33:09.801+00","tech","https://api-staging.newsroll.app/media/stories/3529629851-adf869f0f36ad5a802311186775afd0654f915966a6c87b8955548f8ab5de64d.webp","Error: asset 404 https://api-staging.newsroll.app/media/stories/3529629851-adf869f0f36ad5a802311186775afd0654f915966a6c87b8955548f8ab5de64d.webp"
2753023183,615,"2026-04-02 10:33:16.343+00","tech","https://api-staging.newsroll.app/media/stories/2753023183-b8a2815219e3ed09dbeff2858a94054e304ec916e424068d9a9c9d0aad2409a3.webp","Error: asset 404 https://api-staging.newsroll.app/media/stories/2753023183-b8a2815219e3ed09dbeff2858a94054e304ec916e424068d9a9c9d0aad2409a3.webp"
4752265590,614,"2026-04-02 10:33:16.698+00","tech","https://api-staging.newsroll.app/media/stories/4752265590-67989fa19fd16f654e8c79b839eb690010ce37897dee464b32f496b950373d38.webp","Error: asset 404 https://api-staging.newsroll.app/media/stories/4752265590-67989fa19fd16f654e8c79b839eb690010ce37897dee464b32f496b950373d38.webp"
2712993398,613,"2026-04-02 10:33:12.699+00","tech","https://api-staging.newsroll.app/media/stories/2712993398-f7b4a453375ce1fed4d2af99c16874dd7a9d1f5bf9896bf25eae0ab71b31b011.webp","Error: asset 404 https://api-staging.newsroll.app/media/stories/2712993398-f7b4a453375ce1fed4d2af99c16874dd7a9d1f5bf9896bf25eae0ab71b31b011.webp"
1801751029,612,"2026-04-02 10:33:09.099+00","tech","https://api-staging.newsroll.app/media/stories/1801751029-25bafee308de89fd4eb48215734a435d40b74572ec27ac3fcaaff49f8ee76d04.webp","Error: asset 404 https://api-staging.newsroll.app/media/stories/1801751029-25bafee308de89fd4eb48215734a435d40b74572ec27ac3fcaaff49f8ee76d04.webp"
1870703872,611,"2026-04-02 10:33:03.788+00","tech","https://api-staging.newsroll.app/media/stories/1870703872-40725b773b2b729d009231c7fa6f9574f8c6ccf9a7cd8bd751c086b98561e44b.webp","Error: asset 404 https://api-staging.newsroll.app/media/stories/1870703872-40725b773b2b729d009231c7fa6f9574f8c6ccf9a7cd8bd751c086b98561e44b.webp"
2547132904,610,"2026-04-02 10:33:05.058+00","tech","https://api-staging.newsroll.app/media/stories/2547132904-f0c247bfb4decf0e6929d6213f19dd76e05cd62baf3b7906ac0b5f5d558475b5.webp","Error: asset 404 https://api-staging.newsroll.app/media/stories/2547132904-f0c247bfb4decf0e6929d6213f19dd76e05cd62baf3b7906ac0b5f5d558475b5.webp"
3325261445,609,"2026-04-02 10:32:26.411+00","tech","https://api-staging.newsroll.app/media/stories/3325261445-21c0d3f3e7be8a7be591c9e6f5bb8a83045f2545eb5a25c1a622c3d92824c7a4.webp","Error: asset 404 https://api-staging.newsroll.app/media/stories/3325261445-21c0d3f3e7be8a7be591c9e6f5bb8a83045f2545eb5a25c1a622c3d92824c7a4.webp"
5272903567,608,"2026-04-02 10:32:56.957+00","tech","https://api-staging.newsroll.app/media/stories/5272903567-f7b1b9b6bcbf9e9694e06356a2c38db489195e25a52c91830376c8dc36f2aeed.webp","Error: asset 404 https://api-staging.newsroll.app/media/stories/5272903567-f7b1b9b6bcbf9e9694e06356a2c38db489195e25a52c91830376c8dc36f2aeed.webp"
1184931819,607,"2026-04-02 10:32:56.065+00","tech","https://api-staging.newsroll.app/media/stories/1184931819-786f56ed1fc1911f8014197e48d0602040e690f72c714cd9dc225e6c0f387151.webp","Error: asset 404 https://api-staging.newsroll.app/media/stories/1184931819-786f56ed1fc1911f8014197e48d0602040e690f72c714cd9dc225e6c0f387151.webp"
3377958205,606,"2026-04-02 10:32:56.257+00","tech","https://api-staging.newsroll.app/media/stories/3377958205-7c27da580d9e289fbcee13873e7832a1cfd70d32997f11ed249991ffa8757eb1.webp","Error: asset 404 https://api-staging.newsroll.app/media/stories/3377958205-7c27da580d9e289fbcee13873e7832a1cfd70d32997f11ed249991ffa8757eb1.webp"
5143493580,605,"2026-04-02 10:32:51.791+00","tech","https://api-staging.newsroll.app/media/stories/5143493580-45e373c7ae81d01df5bbef9c532965fb659ff297eb5fba5cb01bb9e5fab14638.webp","Error: asset 404 https://api-staging.newsroll.app/media/stories/5143493580-45e373c7ae81d01df5bbef9c532965fb659ff297eb5fba5cb01bb9e5fab14638.webp"
2463902697,604,"2026-04-02 10:32:48.958+00","tech","https://api-staging.newsroll.app/media/stories/2463902697-1a744a897baca610834116eec3dd8390e0a783be63b1e4f7d6c6d3e101109d75.webp","Error: asset 404 https://api-staging.newsroll.app/media/stories/2463902697-1a744a897baca610834116eec3dd8390e0a783be63b1e4f7d6c6d3e101109d75.webp"
1597367175,603,"2026-04-02 10:32:48.633+00","tech","https://api-staging.newsroll.app/media/stories/1597367175-ee4b39d4dd583e5d08c0771c3097e072e006cb37f3dcfaf47e184c250483dae6.webp","Error: asset 404 https://api-staging.newsroll.app/media/stories/1597367175-ee4b39d4dd583e5d08c0771c3097e072e006cb37f3dcfaf47e184c250483dae6.webp"
2791805537,602,"2026-04-02 10:32:44.471+00","tech","https://api-staging.newsroll.app/media/stories/2791805537-6caa5c0f54b7d0ff7d67ccfbb76a36be238604b26cbf58a36ce7c6ba8503896f.webp","Error: asset 404 https://api-staging.newsroll.app/media/stories/2791805537-6caa5c0f54b7d0ff7d67ccfbb76a36be238604b26cbf58a36ce7c6ba8503896f.webp"
4357505464,601,"2026-04-02 10:32:40.927+00","tech","https://api-staging.newsroll.app/media/stories/4357505464-d0d576496fda470cd50bcaff40402655d77e5d4f15cd85b2dd912f03bb668f68.webp","Error: asset 404 https://api-staging.newsroll.app/media/stories/4357505464-d0d576496fda470cd50bcaff40402655d77e5d4f15cd85b2dd912f03bb668f68.webp"
2406516648,600,"2026-04-02 10:32:36.733+00","tech","https://api-staging.newsroll.app/media/stories/2406516648-9292a2db86bfe038313c7d2d9d6a9d4f7973a9eeb26ec0d25da40e3b17cc37f4.webp","Error: asset 404 https://api-staging.newsroll.app/media/stories/2406516648-9292a2db86bfe038313c7d2d9d6a9d4f7973a9eeb26ec0d25da40e3b17cc37f4.webp"
2082096745,599,"2026-04-02 10:32:33.808+00","tech","https://api-staging.newsroll.app/media/stories/2082096745-7829b915cc9aa1f2961fa99fd47d43c7451033eef0c4a903876bb769a5ac1df7.webp","Error: asset 404 https://api-staging.newsroll.app/media/stories/2082096745-7829b915cc9aa1f2961fa99fd47d43c7451033eef0c4a903876bb769a5ac1df7.webp"
4750107130,598,"2026-04-02 10:32:29.989+00","tech","https://api-staging.newsroll.app/media/stories/4750107130-08170e1173c2ec0f98f6700ddde8b5cc52c6cb80ee5779e67dc6f52ace9542f9.webp","Error: asset 404 https://api-staging.newsroll.app/media/stories/4750107130-08170e1173c2ec0f98f6700ddde8b5cc52c6cb80ee5779e67dc6f52ace9542f9.webp"
3274048864,597,"2026-04-02 10:32:26.461+00","tech","https://api-staging.newsroll.app/media/stories/3274048864-a0223ae0142c8835a1de4cc559293857c60a0502ed450e9ffe9f8d6fcb67925b.webp","Error: asset 404 https://api-staging.newsroll.app/media/stories/3274048864-a0223ae0142c8835a1de4cc559293857c60a0502ed450e9ffe9f8d6fcb67925b.webp"
4645996721,596,"2026-04-02 10:32:22.389+00","general","https://api-staging.newsroll.app/media/stories/4645996721-cf92a9676aeb56ed13a1da5554155040fc279f03960ec8b146f25ed7ced2b090.webp","Error: asset 404 https://api-staging.newsroll.app/media/stories/4645996721-cf92a9676aeb56ed13a1da5554155040fc279f03960ec8b146f25ed7ced2b090.webp"
3324038067,595,"2026-04-02 10:32:19.498+00","tech","https://api-staging.newsroll.app/media/stories/3324038067-03d94cacfab8fc532be4995c6f70f8d2010b59f823bb58eca3008003445ae75f.webp","Error: asset 404 https://api-staging.newsroll.app/media/stories/3324038067-03d94cacfab8fc532be4995c6f70f8d2010b59f823bb58eca3008003445ae75f.webp"
1804092536,594,"2026-04-02 10:32:19.281+00","tech","https://api-staging.newsroll.app/media/stories/1804092536-6a3fd5ea4e59fa4ef32de57e535576e1abc4af4407d71c27df789895e8149fd2.webp","Error: asset 404 https://api-staging.newsroll.app/media/stories/1804092536-6a3fd5ea4e59fa4ef32de57e535576e1abc4af4407d71c27df789895e8149fd2.webp"
3438305066,593,"2026-04-02 10:32:15.756+00","general","https://api-staging.newsroll.app/media/stories/3438305066-2a880f58fdb7fe7ce7df8f7f1cf983d1d250bdebc9348a5467080cb72376fa7e.webp","Error: asset 404 https://api-staging.newsroll.app/media/stories/3438305066-2a880f58fdb7fe7ce7df8f7f1cf983d1d250bdebc9348a5467080cb72376fa7e.webp"
4203553599,592,"2026-04-02 10:32:08.972+00","general","https://api-staging.newsroll.app/media/stories/4203553599-fad3d330ce31245aa30d93e233e3dbcd5e10a4c1e2a13b3a399f54ff85d301d9.webp","Error: asset 404 https://api-staging.newsroll.app/media/stories/4203553599-fad3d330ce31245aa30d93e233e3dbcd5e10a4c1e2a13b3a399f54ff85d301d9.webp"
2742627840,591,"2026-04-02 10:32:01.711+00","general","https://api-staging.newsroll.app/media/stories/2742627840-8cd6ab6e4cac70bbc5f1e45acb78c7ea08ec592697be328cb612393d77381064.webp","Error: asset 404 https://api-staging.newsroll.app/media/stories/2742627840-8cd6ab6e4cac70bbc5f1e45acb78c7ea08ec592697be328cb612393d77381064.webp"
1087884875,590,"2026-04-02 10:31:59.344+00","general","https://api-staging.newsroll.app/media/stories/1087884875-8a634df5287c4a8891e9a436b4e5b8e63d33048c545da10c2a9d43a8f64352bd.webp","Error: asset 404 https://api-staging.newsroll.app/media/stories/1087884875-8a634df5287c4a8891e9a436b4e5b8e63d33048c545da10c2a9d43a8f64352bd.webp"
4077035104,589,"2026-04-02 10:31:55.019+00","general","https://api-staging.newsroll.app/media/stories/4077035104-32afb577fecf9c0ea9b3484354a1e656df93ca61f31d4beb2acee2e353bc30bb.webp","Error: asset 404 https://api-staging.newsroll.app/media/stories/4077035104-32afb577fecf9c0ea9b3484354a1e656df93ca61f31d4beb2acee2e353bc30bb.webp"
4883631477,588,"2026-04-02 10:31:52.076+00","general","https://api-staging.newsroll.app/media/stories/4883631477-80ed7673843f32be66a78a80599fd1d4e0cd6153cc31be02d4c971d2aa28bf95.webp","Error: asset 404 https://api-staging.newsroll.app/media/stories/4883631477-80ed7673843f32be66a78a80599fd1d4e0cd6153cc31be02d4c971d2aa28bf95.webp"
2861854487,587,"2026-04-02 10:31:47.686+00","general","https://api-staging.newsroll.app/media/stories/2861854487-c35533085f5e906cb8f6763062340d93378b3234f444718cf43b9030d952d4af.webp","Error: asset 404 https://api-staging.newsroll.app/media/stories/2861854487-c35533085f5e906cb8f6763062340d93378b3234f444718cf43b9030d952d4af.webp"
1583948266,586,"2026-04-02 10:31:44.83+00","general","https://api-staging.newsroll.app/media/stories/1583948266-1c28d8e1c7ae86e65e888183262a1753e1eb788ff14db7fbe0187fcc43c7800f.webp","Error: asset 404 https://api-staging.newsroll.app/media/stories/1583948266-1c28d8e1c7ae86e65e888183262a1753e1eb788ff14db7fbe0187fcc43c7800f.webp"
3124931098,585,"2026-04-02 10:31:39.955+00","general","https://api-staging.newsroll.app/media/stories/3124931098-540c492234b2322b0beb0372f67052635f4ead29ad1fdd3b50659e2c6b9b01b7.webp","Error: asset 404 https://api-staging.newsroll.app/media/stories/3124931098-540c492234b2322b0beb0372f67052635f4ead29ad1fdd3b50659e2c6b9b01b7.webp"
3065124843,584,"2026-04-02 10:31:36.455+00","general","https://api-staging.newsroll.app/media/stories/3065124843-ccc7c45e2993b90686b93b3865bc7ebe783e51e532945c833a280a6f4f5f3f61.webp","Error: asset 404 https://api-staging.newsroll.app/media/stories/3065124843-ccc7c45e2993b90686b93b3865bc7ebe783e51e532945c833a280a6f4f5f3f61.webp"
2316300946,583,"2026-04-02 10:31:32.273+00","general","https://api-staging.newsroll.app/media/stories/2316300946-828ff7a99cd19e479682775153885a8251386b6381d7c48684519e8a97ab3139.webp","Error: asset 404 https://api-staging.newsroll.app/media/stories/2316300946-828ff7a99cd19e479682775153885a8251386b6381d7c48684519e8a97ab3139.webp"
1895590084,582,"2026-04-02 10:31:29.499+00","general","https://api-staging.newsroll.app/media/stories/1895590084-437d06ea2211d4293e8ce2d103fd292a8351dac053abf393f66453706f8bff68.webp","Error: asset 404 https://api-staging.newsroll.app/media/stories/1895590084-437d06ea2211d4293e8ce2d103fd292a8351dac053abf393f66453706f8bff68.webp"
2715634224,581,"2026-04-02 10:31:23.775+00","general","https://api-staging.newsroll.app/media/stories/2715634224-c608e6427e73d8aad9cf06d4b550e0aa66f004b121621f3940643b68185a2be7.webp","Error: asset 404 https://api-staging.newsroll.app/media/stories/2715634224-c608e6427e73d8aad9cf06d4b550e0aa66f004b121621f3940643b68185a2be7.webp"
1370731573,580,"2026-04-02 10:31:15.836+00","general","https://api-staging.newsroll.app/media/stories/1370731573-487b64ea6901afa0c0a2059d5c83cd65fdb92da189652733f9e06ad7ba316ac1.webp","Error: asset 404 https://api-staging.newsroll.app/media/stories/1370731573-487b64ea6901afa0c0a2059d5c83cd65fdb92da189652733f9e06ad7ba316ac1.webp"
3487892434,579,"2026-04-02 10:31:08.259+00","general","https://api-staging.newsroll.app/media/stories/3487892434-509c02d9492ce8c50f7540cffc19aceec5810b6e66450df7b480d7c7f4269749.webp","Error: asset 404 https://api-staging.newsroll.app/media/stories/3487892434-509c02d9492ce8c50f7540cffc19aceec5810b6e66450df7b480d7c7f4269749.webp"
3017494306,578,"2026-04-02 10:31:01.01+00","general","https://api-staging.newsroll.app/media/stories/3017494306-affd8d60f218bb01402d41a2963e8a93b1afc5242856a227c28349c978079798.webp","Error: asset 404 https://api-staging.newsroll.app/media/stories/3017494306-affd8d60f218bb01402d41a2963e8a93b1afc5242856a227c28349c978079798.webp"
4444502096,577,"2026-04-02 10:30:53.245+00","general","https://api-staging.newsroll.app/media/stories/4444502096-55321f21fe3d0f411f3768ced13aa1ef2631dfd26e819b077cc7a82765cf4a7d.webp","Error: asset 404 https://api-staging.newsroll.app/media/stories/4444502096-55321f21fe3d0f411f3768ced13aa1ef2631dfd26e819b077cc7a82765cf4a7d.webp"
1643357291,576,"2026-04-02 10:30:45.361+00","general","https://api-staging.newsroll.app/media/stories/1643357291-0ef2b63471187f62dcc79d9547fdf6da6dcd93419240e17cfefdebb90d4739e4.webp","Error: asset 404 https://api-staging.newsroll.app/media/stories/1643357291-0ef2b63471187f62dcc79d9547fdf6da6dcd93419240e17cfefdebb90d4739e4.webp"
1766142004,575,"2026-04-02 10:30:34.53+00","general","https://api-staging.newsroll.app/media/stories/1766142004-192f5526b528818d09aefbfcc9b1d9175d7762447b32b9e5cb62a829437e6fbb.webp","Error: asset 404 https://api-staging.newsroll.app/media/stories/1766142004-192f5526b528818d09aefbfcc9b1d9175d7762447b32b9e5cb62a829437e6fbb.webp"
3400502608,574,"2026-04-02 10:27:10.887+00","science","https://api-staging.newsroll.app/media/stories/3400502608-d572905e95d32161678cdde1a96499df1e46f92fa1df26c3df9c16947d7d33d4.webp","Error: asset 404 https://api-staging.newsroll.app/media/stories/3400502608-d572905e95d32161678cdde1a96499df1e46f92fa1df26c3df9c16947d7d33d4.webp"
5103200157,573,"2026-04-02 10:26:50.188+00","science","https://api-staging.newsroll.app/media/stories/5103200157-9b8e72f0f3c1384b47692e69950f765ebe3f564810b282dc0962e5d04871bfb6.webp","Error: asset 404 https://api-staging.newsroll.app/media/stories/5103200157-9b8e72f0f3c1384b47692e69950f765ebe3f564810b282dc0962e5d04871bfb6.webp"
4042122385,572,"2026-04-02 10:26:51.998+00","science","https://api-staging.newsroll.app/media/stories/4042122385-362ffb7978b7ec1d210b1328a0b69d32412d33ca1b947b52d3f5e40a1bbaaeb3.webp","Error: asset 404 https://api-staging.newsroll.app/media/stories/4042122385-362ffb7978b7ec1d210b1328a0b69d32412d33ca1b947b52d3f5e40a1bbaaeb3.webp"
2187562493,571,"2026-04-02 10:26:44.092+00","science","https://api-staging.newsroll.app/media/stories/2187562493-a104026602a7dc769e2ffb042ef483846845b11b4922fa9b82561c9460669e4f.webp","Error: asset 404 https://api-staging.newsroll.app/media/stories/2187562493-a104026602a7dc769e2ffb042ef483846845b11b4922fa9b82561c9460669e4f.webp"
3120195811,570,"2026-04-02 10:26:43.205+00","science","https://api-staging.newsroll.app/media/stories/3120195811-ca9c02afb85e742c53bdf7fc291d08e3710207228f30ecc156e6007a11b47c6d.webp","Error: asset 404 https://api-staging.newsroll.app/media/stories/3120195811-ca9c02afb85e742c53bdf7fc291d08e3710207228f30ecc156e6007a11b47c6d.webp"
3714113006,569,"2026-04-02 10:26:36.96+00","science","https://api-staging.newsroll.app/media/stories/3714113006-d8517b1145e6c50bcedaaff5e95c3dc8223bb717db8bbe90416c82f6114cb86c.webp","Error: asset 404 https://api-staging.newsroll.app/media/stories/3714113006-d8517b1145e6c50bcedaaff5e95c3dc8223bb717db8bbe90416c82f6114cb86c.webp"
4623895451,568,"2026-04-02 10:26:35.926+00","science","https://api-staging.newsroll.app/media/stories/4623895451-ee730fc0384be1575387059ce596168439a4de3056d400336aba694baef4f2f2.webp","Error: asset 404 https://api-staging.newsroll.app/media/stories/4623895451-ee730fc0384be1575387059ce596168439a4de3056d400336aba694baef4f2f2.webp"
3060161443,567,"2026-04-02 10:26:28.04+00","science","https://api-staging.newsroll.app/media/stories/3060161443-9e9ce30b73e1225763b4588236c569b55420217352bf659492c4e5df413619e4.webp","Error: asset 404 https://api-staging.newsroll.app/media/stories/3060161443-9e9ce30b73e1225763b4588236c569b55420217352bf659492c4e5df413619e4.webp"
3203288720,566,"2026-04-02 10:26:27.024+00","science","https://api-staging.newsroll.app/media/stories/3203288720-f22b4ad3533086ea9237afb0307ab3a32680139f21cbf43ae1f79eff84600b5d.webp","Error: asset 404 https://api-staging.newsroll.app/media/stories/3203288720-f22b4ad3533086ea9237afb0307ab3a32680139f21cbf43ae1f79eff84600b5d.webp"
2010579482,565,"2026-04-02 10:26:19.035+00","science","https://api-staging.newsroll.app/media/stories/2010579482-1a868e9609639113278f70d4a9b9dc77a6d7bbea991e0c09a7dd458acbccb459.webp","Error: asset 404 https://api-staging.newsroll.app/media/stories/2010579482-1a868e9609639113278f70d4a9b9dc77a6d7bbea991e0c09a7dd458acbccb459.webp"
2372764694,564,"2026-04-02 10:26:00.348+00","science","https://api-staging.newsroll.app/media/stories/2372764694-17131afc1375db387afbf15d5068d6f03e6f5ceceaf8d10e9e851b8bdaab9772.webp","Error: asset 404 https://api-staging.newsroll.app/media/stories/2372764694-17131afc1375db387afbf15d5068d6f03e6f5ceceaf8d10e9e851b8bdaab9772.webp"
4594093167,563,"2026-04-02 10:25:53.096+00","science","https://api-staging.newsroll.app/media/stories/4594093167-47565c36c688c61d85676ebc26c19d9b6a8dd933f626a5001e4f4ac92a0feca2.webp","Error: asset 404 https://api-staging.newsroll.app/media/stories/4594093167-47565c36c688c61d85676ebc26c19d9b6a8dd933f626a5001e4f4ac92a0feca2.webp"
2399760909,562,"2026-04-02 10:25:46.245+00","science","https://api-staging.newsroll.app/media/stories/2399760909-b94690fda57828e86d4c1bfd03a32c8e3abbd6227a0269302d4b1d47f06b9812.webp","Error: asset 404 https://api-staging.newsroll.app/media/stories/2399760909-b94690fda57828e86d4c1bfd03a32c8e3abbd6227a0269302d4b1d47f06b9812.webp"
5157363235,561,"2026-04-02 10:25:39.308+00","science","https://api-staging.newsroll.app/media/stories/5157363235-9cc36119ae4e24869bc5ad3561a7c10712c1b09048ae09bf8834d0162a6edfe8.webp","Error: asset 404 https://api-staging.newsroll.app/media/stories/5157363235-9cc36119ae4e24869bc5ad3561a7c10712c1b09048ae09bf8834d0162a6edfe8.webp"
4493300360,560,"2026-04-02 10:25:30.177+00","science","https://api-staging.newsroll.app/media/stories/4493300360-dad28a6b4cfac31179212adc1436e7d60dbeeb4312fe99707a48853f576fcf5d.webp","Error: asset 404 https://api-staging.newsroll.app/media/stories/4493300360-dad28a6b4cfac31179212adc1436e7d60dbeeb4312fe99707a48853f576fcf5d.webp"
4781811456,559,"2026-04-02 10:17:13.158+00","general","https://api-staging.newsroll.app/media/stories/4781811456-3a9dc8e77766e4a74c60d15959b4cdd8d8febe8a48e5d8b0bf2d10932587582f.webp","Error: asset 404 https://api-staging.newsroll.app/media/stories/4781811456-3a9dc8e77766e4a74c60d15959b4cdd8d8febe8a48e5d8b0bf2d10932587582f.webp"
4787996946,558,"2026-04-02 10:17:01.841+00","general","https://api-staging.newsroll.app/media/stories/4787996946-510ce3162d3bfbc686f2c60197a52debd7088b9e728a2bc3156c2fa0e31436c7.webp","Error: asset 404 https://api-staging.newsroll.app/media/stories/4787996946-510ce3162d3bfbc686f2c60197a52debd7088b9e728a2bc3156c2fa0e31436c7.webp"
3572907055,557,"2026-04-02 10:16:52.354+00","general","https://api-staging.newsroll.app/media/stories/3572907055-7aa9d9751b50353ce90e154a7587de6c6b856142b4615d07e3f28d3bef89ef37.webp","Error: asset 404 https://api-staging.newsroll.app/media/stories/3572907055-7aa9d9751b50353ce90e154a7587de6c6b856142b4615d07e3f28d3bef89ef37.webp"
2148505631,556,"2026-04-02 10:16:43.152+00","general","https://api-staging.newsroll.app/media/stories/2148505631-344b4d87d254d7b1723fe186314b4b1d685c9033029dfb26c824cd8cee9263d7.webp","Error: asset 404 https://api-staging.newsroll.app/media/stories/2148505631-344b4d87d254d7b1723fe186314b4b1d685c9033029dfb26c824cd8cee9263d7.webp"
1188012351,555,"2026-04-02 10:16:31.913+00","general","https://api-staging.newsroll.app/media/stories/1188012351-eedd784a942e0878f403a24d3cc96522fa052d3359a3d0b2bd38dec4e3fe1873.webp","Error: asset 404 https://api-staging.newsroll.app/media/stories/1188012351-eedd784a942e0878f403a24d3cc96522fa052d3359a3d0b2bd38dec4e3fe1873.webp"
1388339249,554,"2026-04-02 10:16:16.506+00","general","https://api-staging.newsroll.app/media/stories/1388339249-064c7df3743e6963f7bde2611151d3152c59195084b406e4844b3ca3739b51b5.webp","Error: asset 404 https://api-staging.newsroll.app/media/stories/1388339249-064c7df3743e6963f7bde2611151d3152c59195084b406e4844b3ca3739b51b5.webp"
2310538694,553,"2026-04-02 10:16:04.818+00","general","https://api-staging.newsroll.app/media/stories/2310538694-9c3281d80323e40d8f6201b8b13c14f3bbaf2daea1ad411d4ca5b149cbe27089.webp","Error: asset 404 https://api-staging.newsroll.app/media/stories/2310538694-9c3281d80323e40d8f6201b8b13c14f3bbaf2daea1ad411d4ca5b149cbe27089.webp"
4242212744,552,"2026-04-02 10:15:55.257+00","general","https://api-staging.newsroll.app/media/stories/4242212744-ec5f7b53458d46843f3042662c872611bfb4578536e76bc927d13abd2e8efb08.webp","Error: asset 404 https://api-staging.newsroll.app/media/stories/4242212744-ec5f7b53458d46843f3042662c872611bfb4578536e76bc927d13abd2e8efb08.webp"
2708952806,551,"2026-04-02 10:15:44.298+00","general","https://api-staging.newsroll.app/media/stories/2708952806-97ffd5972186edd5ce5e19fbff8457f104ddb27b52362ecfba399aa8ed0384c6.webp","Error: asset 404 https://api-staging.newsroll.app/media/stories/2708952806-97ffd5972186edd5ce5e19fbff8457f104ddb27b52362ecfba399aa8ed0384c6.webp"
3037159237,550,"2026-04-02 10:15:34.814+00","general","https://api-staging.newsroll.app/media/stories/3037159237-231d8327871b8c590c4c0084917bd1c62218239543ef6a1e61bcacd021e53d0f.webp","Error: asset 404 https://api-staging.newsroll.app/media/stories/3037159237-231d8327871b8c590c4c0084917bd1c62218239543ef6a1e61bcacd021e53d0f.webp"
2773765381,549,"2026-04-02 10:12:51.829+00","entertainment","https://api-staging.newsroll.app/media/stories/2773765381-4d34a1e81a2af0c635bf22eee59ad5e9f15723661877a659f1964ca15bcd897b.webp","Error: asset 404 https://api-staging.newsroll.app/media/stories/2773765381-4d34a1e81a2af0c635bf22eee59ad5e9f15723661877a659f1964ca15bcd897b.webp"
4678829900,548,"2026-04-02 10:13:15.311+00","entertainment","https://api-staging.newsroll.app/media/stories/4678829900-dc5a1a5ca168e049abf8fe43ce4da789e8f58e11b8022f5586e6bf87ffb88352.webp","Error: asset 404 https://api-staging.newsroll.app/media/stories/4678829900-dc5a1a5ca168e049abf8fe43ce4da789e8f58e11b8022f5586e6bf87ffb88352.webp"
4718566051,547,"2026-04-02 10:13:12.443+00","entertainment","https://api-staging.newsroll.app/media/stories/4718566051-bede49cfa1eff9462d96b9b72d9fb85d055aceb883833875349eebfc11e8da92.webp","Error: asset 404 https://api-staging.newsroll.app/media/stories/4718566051-bede49cfa1eff9462d96b9b72d9fb85d055aceb883833875349eebfc11e8da92.webp"
3027571674,546,"2026-04-02 10:13:01.768+00","entertainment","https://api-staging.newsroll.app/media/stories/3027571674-89170e56942408ec89f898aa9bc02f5e5390e0898279b75f185bd36f6edcf8e1.webp","Error: asset 404 https://api-staging.newsroll.app/media/stories/3027571674-89170e56942408ec89f898aa9bc02f5e5390e0898279b75f185bd36f6edcf8e1.webp"
3075037588,545,"2026-04-02 10:13:03.47+00","entertainment","https://api-staging.newsroll.app/media/stories/3075037588-99100ac9d902b1c71c25cd9e6de40d3c47858c36f024267099cf23f918109993.webp","Error: asset 404 https://api-staging.newsroll.app/media/stories/3075037588-99100ac9d902b1c71c25cd9e6de40d3c47858c36f024267099cf23f918109993.webp"
2956345114,544,"2026-04-02 10:13:03.384+00","entertainment","https://api-staging.newsroll.app/media/stories/2956345114-ae82a5221dc1ef7b265e534d6f5a6797c76e5d11497321520d748887cbc7404a.webp","Error: asset 404 https://api-staging.newsroll.app/media/stories/2956345114-ae82a5221dc1ef7b265e534d6f5a6797c76e5d11497321520d748887cbc7404a.webp"
4438367094,543,"2026-04-02 10:12:48.003+00","entertainment","https://api-staging.newsroll.app/media/stories/4438367094-3bb9378f35c0afdd0abf4ec4b85b6f313dd4c995432f3479982cd56630725eea.webp","Error: asset 404 https://api-staging.newsroll.app/media/stories/4438367094-3bb9378f35c0afdd0abf4ec4b85b6f313dd4c995432f3479982cd56630725eea.webp"
2622657944,542,"2026-04-02 10:12:56.247+00","entertainment","https://api-staging.newsroll.app/media/stories/2622657944-eb328675af5090b1f111fab8b913cadb174b5ef44111fbed41c733fb5da0d7fb.webp","Error: asset 404 https://api-staging.newsroll.app/media/stories/2622657944-eb328675af5090b1f111fab8b913cadb174b5ef44111fbed41c733fb5da0d7fb.webp"
1636588995,541,"2026-04-02 10:12:53.386+00","entertainment","https://api-staging.newsroll.app/media/stories/1636588995-691568e96ef1d2eb59d985f5b4bf2dfd4df70b255edb337ba12dd1f3b457e9c3.webp","Error: asset 404 https://api-staging.newsroll.app/media/stories/1636588995-691568e96ef1d2eb59d985f5b4bf2dfd4df70b255edb337ba12dd1f3b457e9c3.webp"
4058289686,540,"2026-04-02 10:12:48.64+00","entertainment","https://api-staging.newsroll.app/media/stories/4058289686-e188204497f0cd2bf38faf193b06902f05bd644c6b8aa7774c8d827de826133d.webp","Error: asset 404 https://api-staging.newsroll.app/media/stories/4058289686-e188204497f0cd2bf38faf193b06902f05bd644c6b8aa7774c8d827de826133d.webp"
4340448903,539,"2026-04-02 10:12:44.781+00","entertainment","https://api-staging.newsroll.app/media/stories/4340448903-e93941c8a2e9784367ac0f4e61efdd8a9f768881d4bbaa8842a977965487d561.webp","Error: asset 404 https://api-staging.newsroll.app/media/stories/4340448903-e93941c8a2e9784367ac0f4e61efdd8a9f768881d4bbaa8842a977965487d561.webp"
3595549665,538,"2026-04-02 10:12:44.025+00","entertainment","https://api-staging.newsroll.app/media/stories/3595549665-7422ef73bbb6984300bfbcbe0b72ad88ada3c5b41aa0b70abead168c5cd33ba1.webp","Error: asset 404 https://api-staging.newsroll.app/media/stories/3595549665-7422ef73bbb6984300bfbcbe0b72ad88ada3c5b41aa0b70abead168c5cd33ba1.webp"
3182178942,537,"2026-04-02 10:12:40.182+00","entertainment","https://api-staging.newsroll.app/media/stories/3182178942-57c319db667378bf07b48752d14ec4347f1a3b65900dc64b170387f2bc3cac45.webp","Error: asset 404 https://api-staging.newsroll.app/media/stories/3182178942-57c319db667378bf07b48752d14ec4347f1a3b65900dc64b170387f2bc3cac45.webp"
4536432780,536,"2026-04-02 10:12:36.864+00","entertainment","https://api-staging.newsroll.app/media/stories/4536432780-090b910425b732ee6b3639475cf3dd6adb8e474efa1bef0283afa30d60dd26ad.webp","Error: asset 404 https://api-staging.newsroll.app/media/stories/4536432780-090b910425b732ee6b3639475cf3dd6adb8e474efa1bef0283afa30d60dd26ad.webp"
4095588741,535,"2026-04-02 10:12:36.657+00","business","https://api-staging.newsroll.app/media/stories/4095588741-51ef4be4852d2c555c25d0cf79e72dde895f2178a4e7865a83b4508d4d45fc5c.webp","Error: asset 404 https://api-staging.newsroll.app/media/stories/4095588741-51ef4be4852d2c555c25d0cf79e72dde895f2178a4e7865a83b4508d4d45fc5c.webp"
2554144019,534,"2026-04-02 10:12:33.053+00","entertainment","https://api-staging.newsroll.app/media/stories/2554144019-d18d3be593f3f438c526029d14dbdb0062158cfe7d59c75383a8f33f6b8a1529.webp","Error: asset 404 https://api-staging.newsroll.app/media/stories/2554144019-d18d3be593f3f438c526029d14dbdb0062158cfe7d59c75383a8f33f6b8a1529.webp"
4245991797,533,"2026-04-02 10:12:28.771+00","business","https://api-staging.newsroll.app/media/stories/4245991797-ffb780ea18d6688f538c715225fc38ff3dfd5dbab153e6c48b3352d5b3664c94.webp","Error: asset 404 https://api-staging.newsroll.app/media/stories/4245991797-ffb780ea18d6688f538c715225fc38ff3dfd5dbab153e6c48b3352d5b3664c94.webp"
1307456534,532,"2026-04-02 10:12:28.427+00","business","https://api-staging.newsroll.app/media/stories/1307456534-ac1f63903eb1c60e3b1b4f002f2eef8c855a2655567ecaed3c7fa6c503cbbf60.webp","Error: asset 404 https://api-staging.newsroll.app/media/stories/1307456534-ac1f63903eb1c60e3b1b4f002f2eef8c855a2655567ecaed3c7fa6c503cbbf60.webp"
2335807368,531,"2026-04-02 10:12:27.854+00","entertainment","https://api-staging.newsroll.app/media/stories/2335807368-ce0e53a2d3606b68eade40155a80ba38085594643d51a3b936c7bd13fe969f69.webp","Error: asset 404 https://api-staging.newsroll.app/media/stories/2335807368-ce0e53a2d3606b68eade40155a80ba38085594643d51a3b936c7bd13fe969f69.webp"
1826619004,530,"2026-04-02 10:12:20.506+00","business","https://api-staging.newsroll.app/media/stories/1826619004-08f06c899ebec8505672923843ef24a7f79742f02644ab99e30b980241830d0b.webp","Error: asset 404 https://api-staging.newsroll.app/media/stories/1826619004-08f06c899ebec8505672923843ef24a7f79742f02644ab99e30b980241830d0b.webp"
4708191601,529,"2026-04-02 10:12:20.383+00","business","https://api-staging.newsroll.app/media/stories/4708191601-6e6e5654e10f16d23303a7d4f32debb530a4d36230fcc021704fecb9e6ba7145.webp","Error: asset 404 https://api-staging.newsroll.app/media/stories/4708191601-6e6e5654e10f16d23303a7d4f32debb530a4d36230fcc021704fecb9e6ba7145.webp"
1360854432,528,"2026-04-02 10:12:16.837+00","business","https://api-staging.newsroll.app/media/stories/1360854432-ec0519e7251edc88cefa55e96dcc291e55c8318582ec6c837b6848b1f6e805fe.webp","Error: asset 404 https://api-staging.newsroll.app/media/stories/1360854432-ec0519e7251edc88cefa55e96dcc291e55c8318582ec6c837b6848b1f6e805fe.webp"
4881965757,527,"2026-04-02 10:12:14.557+00","business","https://api-staging.newsroll.app/media/stories/4881965757-a38a85198ae754cce7aa556f16af29d0f1946e04474f8f96e71d2469668c7dea.webp","Error: asset 404 https://api-staging.newsroll.app/media/stories/4881965757-a38a85198ae754cce7aa556f16af29d0f1946e04474f8f96e71d2469668c7dea.webp"
3901521726,526,"2026-04-02 10:12:15.12+00","tech","https://api-staging.newsroll.app/media/stories/3901521726-d114ec8f9ff0706f60f0d2a3a3a81d8399c885d73fad9482f3489b0699776142.webp","Error: asset 404 https://api-staging.newsroll.app/media/stories/3901521726-d114ec8f9ff0706f60f0d2a3a3a81d8399c885d73fad9482f3489b0699776142.webp"
1888197090,525,"2026-04-02 10:12:13.268+00","business","https://api-staging.newsroll.app/media/stories/1888197090-b4d5073834fa5c3abe86f2756517718ca8ee2c05b626b7e39c76c5e9a59d89c5.webp","Error: asset 404 https://api-staging.newsroll.app/media/stories/1888197090-b4d5073834fa5c3abe86f2756517718ca8ee2c05b626b7e39c76c5e9a59d89c5.webp"
3589665480,524,"2026-04-02 10:12:11.992+00","business","https://api-staging.newsroll.app/media/stories/3589665480-94c537b179bc295a578c20425cd6d29d3b30d328d860bbd5705fbcf3d1c09ebb.webp","Error: asset 404 https://api-staging.newsroll.app/media/stories/3589665480-94c537b179bc295a578c20425cd6d29d3b30d328d860bbd5705fbcf3d1c09ebb.webp"
3530524505,523,"2026-04-02 10:12:09.477+00","business","https://api-staging.newsroll.app/media/stories/3530524505-847102a449116a43c5cc2a772dc2ea4ebb5200730c57efbf2cf1d171e33d0ea5.webp","Error: asset 404 https://api-staging.newsroll.app/media/stories/3530524505-847102a449116a43c5cc2a772dc2ea4ebb5200730c57efbf2cf1d171e33d0ea5.webp"
4779093021,522,"2026-04-02 10:12:06.795+00","general","https://api-staging.newsroll.app/media/stories/4779093021-c34ee7b47a88cec80ca09486ce4d368d83ec861c684546e7dfae7b2c4175db91.webp","Error: asset 404 https://api-staging.newsroll.app/media/stories/4779093021-c34ee7b47a88cec80ca09486ce4d368d83ec861c684546e7dfae7b2c4175db91.webp"
3099721189,521,"2026-04-02 10:12:04.271+00","tech","https://api-staging.newsroll.app/media/stories/3099721189-1b80eaf784919f34e69d41bcba761cbfafdb4ecefebcfe3c7c2aa4583f319798.webp","Error: asset 404 https://api-staging.newsroll.app/media/stories/3099721189-1b80eaf784919f34e69d41bcba761cbfafdb4ecefebcfe3c7c2aa4583f319798.webp"
1113940780,520,"2026-04-02 10:12:04.818+00","business","https://api-staging.newsroll.app/media/stories/1113940780-95544f9f7cb14728653a3ba6d59c869ffd7682f280d1f6997f44ba383080b70f.webp","Error: asset 404 https://api-staging.newsroll.app/media/stories/1113940780-95544f9f7cb14728653a3ba6d59c869ffd7682f280d1f6997f44ba383080b70f.webp"
4762057566,519,"2026-04-02 10:11:56.431+00","business","https://api-staging.newsroll.app/media/stories/4762057566-c35426f3b25f17a075f450d176bcb8da162031d7e20bdf38bc1c7b594993f9f3.webp","Error: asset 404 https://api-staging.newsroll.app/media/stories/4762057566-c35426f3b25f17a075f450d176bcb8da162031d7e20bdf38bc1c7b594993f9f3.webp"
4379889761,518,"2026-04-02 10:12:00.054+00","general","https://api-staging.newsroll.app/media/stories/4379889761-07354d9f53a988817d320bf7e867f6665ce6cb97088051a6fb8e4a41043dc4db.webp","Error: asset 404 https://api-staging.newsroll.app/media/stories/4379889761-07354d9f53a988817d320bf7e867f6665ce6cb97088051a6fb8e4a41043dc4db.webp"
1461183087,517,"2026-04-02 10:11:56.559+00","tech","https://api-staging.newsroll.app/media/stories/1461183087-b255e51eb90418641e3f0ab94530013a53c67e1caff8846cf22deec3498002f6.webp","Error: asset 404 https://api-staging.newsroll.app/media/stories/1461183087-b255e51eb90418641e3f0ab94530013a53c67e1caff8846cf22deec3498002f6.webp"
3981478465,516,"2026-04-02 10:11:53.212+00","general","https://api-staging.newsroll.app/media/stories/3981478465-a9449ed564d484d04ad3ab34e1b4a98bc17cc6760fbb700b59bd70abd8a28c5e.webp","Error: asset 404 https://api-staging.newsroll.app/media/stories/3981478465-a9449ed564d484d04ad3ab34e1b4a98bc17cc6760fbb700b59bd70abd8a28c5e.webp"
4778251397,515,"2026-04-02 10:11:48.276+00","tech","https://api-staging.newsroll.app/media/stories/4778251397-81413133122f9b21c9f1d8e4c43a7ac1b4dac9b2de647aaba085b58ad0f39910.webp","Error: asset 404 https://api-staging.newsroll.app/media/stories/4778251397-81413133122f9b21c9f1d8e4c43a7ac1b4dac9b2de647aaba085b58ad0f39910.webp"
2446684015,514,"2026-04-02 10:11:46.446+00","general","https://api-staging.newsroll.app/media/stories/2446684015-c1ff6b7c203fe6efe13d40e1d86755aa9affe97bc8d1818001eb04fbd8d656bb.webp","Error: asset 404 https://api-staging.newsroll.app/media/stories/2446684015-c1ff6b7c203fe6efe13d40e1d86755aa9affe97bc8d1818001eb04fbd8d656bb.webp"
4168926199,513,"2026-04-02 10:11:43.341+00","general","https://api-staging.newsroll.app/media/stories/4168926199-1bac346d81a9fb7c1b98762f4e049018b50a02bac638618ab500073bcecb6a40.webp","Error: asset 404 https://api-staging.newsroll.app/media/stories/4168926199-1bac346d81a9fb7c1b98762f4e049018b50a02bac638618ab500073bcecb6a40.webp"
2962924636,512,"2026-04-02 10:11:34.71+00","general","https://api-staging.newsroll.app/media/stories/2962924636-2d4921b41fff7c1cb50f8ecad6f7aae52e500ef4ba8a5a3ab213f47cc67d4c17.webp","Error: asset 404 https://api-staging.newsroll.app/media/stories/2962924636-2d4921b41fff7c1cb50f8ecad6f7aae52e500ef4ba8a5a3ab213f47cc67d4c17.webp"
5215250331,511,"2026-04-02 10:11:27.265+00","general","https://api-staging.newsroll.app/media/stories/5215250331-0c445280e7e9ad064c2dba8d7ed538e83775922c23e910fdc84cc7ffbcbb1e86.webp","Error: asset 404 https://api-staging.newsroll.app/media/stories/5215250331-0c445280e7e9ad064c2dba8d7ed538e83775922c23e910fdc84cc7ffbcbb1e86.webp"
5256317541,510,"2026-04-02 10:11:18.445+00","general","https://api-staging.newsroll.app/media/stories/5256317541-a0cf0c982c73dffcf97c8c23da29231804139bd04e475c4393dc0474b5a711f3.webp","Error: asset 404 https://api-staging.newsroll.app/media/stories/5256317541-a0cf0c982c73dffcf97c8c23da29231804139bd04e475c4393dc0474b5a711f3.webp"
3892938440,509,"2026-04-02 10:11:10.383+00","general","https://api-staging.newsroll.app/media/stories/3892938440-56e432345be5b77f6a1d2a807cfc525114bb9a014c76db980fd6654091ab8825.webp","Error: asset 404 https://api-staging.newsroll.app/media/stories/3892938440-56e432345be5b77f6a1d2a807cfc525114bb9a014c76db980fd6654091ab8825.webp"
1464019448,508,"2026-04-02 10:11:02.642+00","general","https://api-staging.newsroll.app/media/stories/1464019448-0ef28e371cacec126629e74a048de6f5d7d06fe999c47d1173264950f9578cc8.webp","Error: asset 404 https://api-staging.newsroll.app/media/stories/1464019448-0ef28e371cacec126629e74a048de6f5d7d06fe999c47d1173264950f9578cc8.webp"
4815278402,507,"2026-04-02 10:10:55.417+00","general","https://api-staging.newsroll.app/media/stories/4815278402-086c0a1e14c73164bac0fe900218838d7d52d7c375380cc0e3d2466d2435450c.webp","Error: asset 404 https://api-staging.newsroll.app/media/stories/4815278402-086c0a1e14c73164bac0fe900218838d7d52d7c375380cc0e3d2466d2435450c.webp"
4874885193,506,"2026-04-02 10:10:47.648+00","general","https://api-staging.newsroll.app/media/stories/4874885193-81bce9e3d206f2a3b9743281368ea2892a2618635056ea3623b5a137a0a9f2d7.webp","Error: asset 404 https://api-staging.newsroll.app/media/stories/4874885193-81bce9e3d206f2a3b9743281368ea2892a2618635056ea3623b5a137a0a9f2d7.webp"
1604375282,505,"2026-04-02 10:10:40.683+00","general","https://api-staging.newsroll.app/media/stories/1604375282-9c8b3d045b202cde4dc72bdaf815f608c0fd164b2cdfd3b17cf3652f74a2b979.webp","Error: asset 404 https://api-staging.newsroll.app/media/stories/1604375282-9c8b3d045b202cde4dc72bdaf815f608c0fd164b2cdfd3b17cf3652f74a2b979.webp"
1859439641,504,"2026-04-02 10:10:29.393+00","general","https://api-staging.newsroll.app/media/stories/1859439641-bc32363456b749e72b6b13c2f558ec1b4cd268fabee704133dacaa490ba4d4e4.webp","Error: asset 404 https://api-staging.newsroll.app/media/stories/1859439641-bc32363456b749e72b6b13c2f558ec1b4cd268fabee704133dacaa490ba4d4e4.webp"
2930189325,503,"2026-04-02 09:57:11.964+00","general","https://api-staging.newsroll.app/media/stories/2930189325-160dcb448596757b9ed13327d6356142932394accddef247b538cb85e3876da2.webp","Error: asset 404 https://api-staging.newsroll.app/media/stories/2930189325-160dcb448596757b9ed13327d6356142932394accddef247b538cb85e3876da2.webp"
2985798084,502,"2026-04-02 09:57:04.062+00","general","https://api-staging.newsroll.app/media/stories/2985798084-624e6e154353884c46a3d3c628d852fdde5942077de7d351a260715c4ec7bc4e.webp","Error: asset 404 https://api-staging.newsroll.app/media/stories/2985798084-624e6e154353884c46a3d3c628d852fdde5942077de7d351a260715c4ec7bc4e.webp"
4297577477,501,"2026-04-02 09:56:54.218+00","general","https://api-staging.newsroll.app/media/stories/4297577477-55f67509404e388c78c8257566232a3472dd1f96f00b46ebaa7f1f9e2006237b.webp","Error: asset 404 https://api-staging.newsroll.app/media/stories/4297577477-55f67509404e388c78c8257566232a3472dd1f96f00b46ebaa7f1f9e2006237b.webp"
3820796297,500,"2026-04-02 09:56:46.954+00","business","https://api-staging.newsroll.app/media/stories/3820796297-5cee3eb73faffb5c75790e86a52477f94408ee296e0003f3d322d94747db3ced.webp","Error: asset 404 https://api-staging.newsroll.app/media/stories/3820796297-5cee3eb73faffb5c75790e86a52477f94408ee296e0003f3d322d94747db3ced.webp"
2354295372,499,"2026-04-02 09:56:45.046+00","general","https://api-staging.newsroll.app/media/stories/2354295372-3cc4bd4a197add79d004fcb46389e1847d1c1132aa3e7cb40cbe1071453d8acb.webp","Error: asset 404 https://api-staging.newsroll.app/media/stories/2354295372-3cc4bd4a197add79d004fcb46389e1847d1c1132aa3e7cb40cbe1071453d8acb.webp"
2381106878,498,"2026-04-02 09:56:39.318+00","business","https://api-staging.newsroll.app/media/stories/2381106878-b6702afd6fea511193b10770b741bf96bae46bb4a32ea84efdea36259e30dfb5.webp","Error: asset 404 https://api-staging.newsroll.app/media/stories/2381106878-b6702afd6fea511193b10770b741bf96bae46bb4a32ea84efdea36259e30dfb5.webp"
5086062575,497,"2026-04-02 09:56:36.545+00","general","https://api-staging.newsroll.app/media/stories/5086062575-51be3e63cd607018669fa829700ab06c128dc3176fe875f544f889abcf1f74b4.webp","Error: asset 404 https://api-staging.newsroll.app/media/stories/5086062575-51be3e63cd607018669fa829700ab06c128dc3176fe875f544f889abcf1f74b4.webp"
1247079694,496,"2026-04-02 09:56:16.133+00","general","https://api-staging.newsroll.app/media/stories/1247079694-c4510658275cbf983c6195329a2e8a69eaeac31a780ee1c0f820b06fd43969a4.webp","Error: asset 404 https://api-staging.newsroll.app/media/stories/1247079694-c4510658275cbf983c6195329a2e8a69eaeac31a780ee1c0f820b06fd43969a4.webp"
2176851739,495,"2026-04-02 09:56:06.611+00","general","https://api-staging.newsroll.app/media/stories/2176851739-e05b4ae2b6b7f6cd1086e95d82ade9fe7680ef72b2b5eb30f80a1c74ea6e1c83.webp","Error: asset 404 https://api-staging.newsroll.app/media/stories/2176851739-e05b4ae2b6b7f6cd1086e95d82ade9fe7680ef72b2b5eb30f80a1c74ea6e1c83.webp"
1388674836,494,"2026-04-02 09:55:53.791+00","general","https://api-staging.newsroll.app/media/stories/1388674836-99ead06a4dc345f213750c896bdbd5bbe8608c83f04a01406494fcc0f3c9c30e.webp","Error: asset 404 https://api-staging.newsroll.app/media/stories/1388674836-99ead06a4dc345f213750c896bdbd5bbe8608c83f04a01406494fcc0f3c9c30e.webp"
1505791317,493,"2026-04-02 09:55:44.475+00","general","https://api-staging.newsroll.app/media/stories/1505791317-a083e56bf6aa040cb566de4ebffd0ae4d2912afded8b1cedc55398b93cc432e2.webp","Error: asset 404 https://api-staging.newsroll.app/media/stories/1505791317-a083e56bf6aa040cb566de4ebffd0ae4d2912afded8b1cedc55398b93cc432e2.webp"
1620152467,492,"2026-04-02 09:55:32.667+00","general","https://api-staging.newsroll.app/media/stories/1620152467-5f0e2f87e10c2d89dcd7c669d67ed24a498dfce4626809d778e6ab81f277f2aa.webp","Error: asset 404 https://api-staging.newsroll.app/media/stories/1620152467-5f0e2f87e10c2d89dcd7c669d67ed24a498dfce4626809d778e6ab81f277f2aa.webp"
2947931730,491,"2026-04-02 09:38:23.904+00","entertainment","https://api-staging.newsroll.app/media/stories/2947931730-e362b9f03c541dadcb88190f615cb37df2fe80febd30baec9f7fb1201a0161b8.webp","Error: asset 404 https://api-staging.newsroll.app/media/stories/2947931730-e362b9f03c541dadcb88190f615cb37df2fe80febd30baec9f7fb1201a0161b8.webp"
3815160226,490,"2026-04-02 09:38:15.555+00","business","https://api-staging.newsroll.app/media/stories/3815160226-5bf01cc78b024d3b345447c60f67e0d93f146c4bc9143b617f7058884229e0bc.webp","Error: asset 404 https://api-staging.newsroll.app/media/stories/3815160226-5bf01cc78b024d3b345447c60f67e0d93f146c4bc9143b617f7058884229e0bc.webp"
3988723450,489,"2026-04-02 09:38:08.654+00","entertainment","https://api-staging.newsroll.app/media/stories/3988723450-822f49b2369de921ba002010b7151be9dea3e9dea9be11896efc3b1e111d036b.webp","Error: asset 404 https://api-staging.newsroll.app/media/stories/3988723450-822f49b2369de921ba002010b7151be9dea3e9dea9be11896efc3b1e111d036b.webp"
2960259158,488,"2026-04-02 09:38:07.746+00","business","https://api-staging.newsroll.app/media/stories/2960259158-091c1ab7897aaa4fca4845cd5b9f9f65b65bbeeaf912bd47c77742fe28d685d1.webp","Error: asset 404 https://api-staging.newsroll.app/media/stories/2960259158-091c1ab7897aaa4fca4845cd5b9f9f65b65bbeeaf912bd47c77742fe28d685d1.webp"
1593492317,487,"2026-04-02 09:38:04.36+00","business","https://api-staging.newsroll.app/media/stories/1593492317-6a995d4f172183301b1c1701e9c14b287191e2db493e8bef8a3c155421dc3d42.webp","Error: asset 404 https://api-staging.newsroll.app/media/stories/1593492317-6a995d4f172183301b1c1701e9c14b287191e2db493e8bef8a3c155421dc3d42.webp"
1351310646,486,"2026-04-02 09:38:04.071+00","entertainment","https://api-staging.newsroll.app/media/stories/1351310646-5f03307469d0ee6ed77bf62df279647128274b703a743cb803c5625830becb98.webp","Error: asset 404 https://api-staging.newsroll.app/media/stories/1351310646-5f03307469d0ee6ed77bf62df279647128274b703a743cb803c5625830becb98.webp"
2323667913,485,"2026-04-02 09:38:01.824+00","entertainment","https://api-staging.newsroll.app/media/stories/2323667913-c7c92232d180ea64d6427bb996625d336e2e375fa85f2638dcd98cffbd21126f.webp","Error: asset 404 https://api-staging.newsroll.app/media/stories/2323667913-c7c92232d180ea64d6427bb996625d336e2e375fa85f2638dcd98cffbd21126f.webp"
3902873532,484,"2026-04-02 09:37:58.159+00","business","https://api-staging.newsroll.app/media/stories/3902873532-ee2210150b9f7585951d75a27ade3689a884d411996d0d67413c7a4efc0d03de.webp","Error: asset 404 https://api-staging.newsroll.app/media/stories/3902873532-ee2210150b9f7585951d75a27ade3689a884d411996d0d67413c7a4efc0d03de.webp"
3282115637,483,"2026-04-02 09:37:55.834+00","business","https://api-staging.newsroll.app/media/stories/3282115637-5a7d1d4b2d2a3229bf7b9a5811426c65e732672bcb56a6472233a9861110e4f2.webp","Error: asset 404 https://api-staging.newsroll.app/media/stories/3282115637-5a7d1d4b2d2a3229bf7b9a5811426c65e732672bcb56a6472233a9861110e4f2.webp"
3908458274,482,"2026-04-02 09:37:56.045+00","entertainment","https://api-staging.newsroll.app/media/stories/3908458274-7043c4a1e284bbbcaba20fbce1402662a67dae70fd35fdb9e12df2e34267b3e0.webp","Error: asset 404 https://api-staging.newsroll.app/media/stories/3908458274-7043c4a1e284bbbcaba20fbce1402662a67dae70fd35fdb9e12df2e34267b3e0.webp"
3029632133,481,"2026-04-02 09:37:51.965+00","business","https://api-staging.newsroll.app/media/stories/3029632133-23d0cdc0b4601f76feec2c20c1a944b78bc632cf0c3bdf3d827ad3d6e5ccf77f.webp","Error: asset 404 https://api-staging.newsroll.app/media/stories/3029632133-23d0cdc0b4601f76feec2c20c1a944b78bc632cf0c3bdf3d827ad3d6e5ccf77f.webp"
2323008648,480,"2026-04-02 09:37:48.265+00","tech","https://api-staging.newsroll.app/media/stories/2323008648-d7bf956c8bca36b89ff5a2108d6e07b35b7b73375d49070d2a634797117e6d90.webp","Error: asset 404 https://api-staging.newsroll.app/media/stories/2323008648-d7bf956c8bca36b89ff5a2108d6e07b35b7b73375d49070d2a634797117e6d90.webp"
4855030450,479,"2026-04-02 09:37:38.941+00","tech","https://api-staging.newsroll.app/media/stories/4855030450-942fad8e78f8dd55d8453e028d5d712c9565f0471241f064a4a861e1cbd1bdc9.webp","Error: asset 404 https://api-staging.newsroll.app/media/stories/4855030450-942fad8e78f8dd55d8453e028d5d712c9565f0471241f064a4a861e1cbd1bdc9.webp"
4897066698,478,"2026-04-02 09:37:30.289+00","tech","https://api-staging.newsroll.app/media/stories/4897066698-ff27b4ea8ddd9830d56eee86e4c65af25967c3e73c983f20249e5fea4b228005.webp","Error: asset 404 https://api-staging.newsroll.app/media/stories/4897066698-ff27b4ea8ddd9830d56eee86e4c65af25967c3e73c983f20249e5fea4b228005.webp"
2504180076,477,"2026-04-02 09:37:31.963+00","tech","https://api-staging.newsroll.app/media/stories/2504180076-a134e227df3232b0cb88480a8ab6581408b5ff31b4e73af15e1f19deac0cf78d.webp","Error: asset 404 https://api-staging.newsroll.app/media/stories/2504180076-a134e227df3232b0cb88480a8ab6581408b5ff31b4e73af15e1f19deac0cf78d.webp"
3354888573,476,"2026-04-02 09:37:23.225+00","general","https://api-staging.newsroll.app/media/stories/3354888573-8a7bf55067289176ff5b7ac0111053e72f6ec342a8691d74a209996c23cbceee.webp","Error: asset 404 https://api-staging.newsroll.app/media/stories/3354888573-8a7bf55067289176ff5b7ac0111053e72f6ec342a8691d74a209996c23cbceee.webp"
3669016230,475,"2026-04-02 09:37:02.487+00","general","https://api-staging.newsroll.app/media/stories/3669016230-8172be7ab2f7b2f45b91efbf7c13266e03a970e657fe5ab893a0bd8401778777.webp","Error: asset 404 https://api-staging.newsroll.app/media/stories/3669016230-8172be7ab2f7b2f45b91efbf7c13266e03a970e657fe5ab893a0bd8401778777.webp"
3083275139,474,"2026-04-02 09:37:09.667+00","general","https://api-staging.newsroll.app/media/stories/3083275139-45737ff89862c367fb0932bdb725d6303affb4a7dde4b80d99ca15f7d73107f6.webp","Error: asset 404 https://api-staging.newsroll.app/media/stories/3083275139-45737ff89862c367fb0932bdb725d6303affb4a7dde4b80d99ca15f7d73107f6.webp"
3243704276,473,"2026-04-02 09:37:02.537+00","general","https://api-staging.newsroll.app/media/stories/3243704276-7ba3f31ed87b3bb27bf7b940c91efa6b1eb2f3315a0dd9bf0466f117077b93a1.webp","Error: asset 404 https://api-staging.newsroll.app/media/stories/3243704276-7ba3f31ed87b3bb27bf7b940c91efa6b1eb2f3315a0dd9bf0466f117077b93a1.webp"
3452506893,472,"2026-04-02 09:36:51.584+00","general","https://api-staging.newsroll.app/media/stories/3452506893-3d4bfa8c64ed8cbaa3bbb2f07cdd0b2f0f16cf9a6c8981dc7b8c655c47a94b24.webp","Error: asset 404 https://api-staging.newsroll.app/media/stories/3452506893-3d4bfa8c64ed8cbaa3bbb2f07cdd0b2f0f16cf9a6c8981dc7b8c655c47a94b24.webp"
2496857492,471,"2026-04-02 09:36:51.505+00","general","https://api-staging.newsroll.app/media/stories/2496857492-5fea624d15c4d7e1d63ee284d988d489e540dbc0024dda9ea28edf533735306f.webp","Error: asset 404 https://api-staging.newsroll.app/media/stories/2496857492-5fea624d15c4d7e1d63ee284d988d489e540dbc0024dda9ea28edf533735306f.webp"
1679301084,470,"2026-04-02 09:36:41.97+00","general","https://api-staging.newsroll.app/media/stories/1679301084-2dfedf4f5c21b746dbc6edb1662a765fb3c2ae64b4f4968c7e93a3134e704444.webp","Error: asset 404 https://api-staging.newsroll.app/media/stories/1679301084-2dfedf4f5c21b746dbc6edb1662a765fb3c2ae64b4f4968c7e93a3134e704444.webp"
2801998618,469,"2026-04-02 09:36:42.775+00","general","https://api-staging.newsroll.app/media/stories/2801998618-0630e984b67fb529c50429a26de99f2222f5a439715f24360c0b9f538d4d187f.webp","Error: asset 404 https://api-staging.newsroll.app/media/stories/2801998618-0630e984b67fb529c50429a26de99f2222f5a439715f24360c0b9f538d4d187f.webp"
2537634609,468,"2026-04-02 09:36:30.065+00","general","https://api-staging.newsroll.app/media/stories/2537634609-f837e5163644c7016fb9e7842f40c7b550aee07889760c544e0e7c44f45c50e6.webp","Error: asset 404 https://api-staging.newsroll.app/media/stories/2537634609-f837e5163644c7016fb9e7842f40c7b550aee07889760c544e0e7c44f45c50e6.webp"
4393412286,467,"2026-04-02 09:36:19.837+00","general","https://api-staging.newsroll.app/media/stories/4393412286-b45c3abb58cd2a4938f04ce8f93b737d131fc1ec20a84c066113adaf6af085c6.webp","Error: asset 404 https://api-staging.newsroll.app/media/stories/4393412286-b45c3abb58cd2a4938f04ce8f93b737d131fc1ec20a84c066113adaf6af085c6.webp"
3627349192,466,"2026-04-02 09:36:07.615+00","general","https://api-staging.newsroll.app/media/stories/3627349192-8e8621f1698f97270178b7120def6ee00fea101c826bc65d40e6b437e2752928.webp","Error: asset 404 https://api-staging.newsroll.app/media/stories/3627349192-8e8621f1698f97270178b7120def6ee00fea101c826bc65d40e6b437e2752928.webp"
3197261612,465,"2026-04-02 09:35:52.461+00","general","https://api-staging.newsroll.app/media/stories/3197261612-cba9958417c2dd6fec99556ce85c5e4e7c79847ba4ff3ee9332822fe87746318.webp","Error: asset 404 https://api-staging.newsroll.app/media/stories/3197261612-cba9958417c2dd6fec99556ce85c5e4e7c79847ba4ff3ee9332822fe87746318.webp"
2446249849,464,"2026-04-02 09:35:43.012+00","general","https://api-staging.newsroll.app/media/stories/2446249849-d558f1e483aa7f47e17234b467d6a32b08babdc1cd6aa2b035c811f45c194f71.webp","Error: asset 404 https://api-staging.newsroll.app/media/stories/2446249849-d558f1e483aa7f47e17234b467d6a32b08babdc1cd6aa2b035c811f45c194f71.webp"
4565870406,463,"2026-04-02 09:35:32.009+00","general","https://api-staging.newsroll.app/media/stories/4565870406-cbc920eed127f53523a718c01ee458f9481c4e2e33cd0de28f4192bb8559dd55.webp","Error: asset 404 https://api-staging.newsroll.app/media/stories/4565870406-cbc920eed127f53523a718c01ee458f9481c4e2e33cd0de28f4192bb8559dd55.webp"
1045649520,462,"2026-04-02 09:31:47.54+00","tech","https://api-staging.newsroll.app/media/stories/1045649520-2b00fe93ee2b095ffcf5dbcad7ee8c23170d4d539749b1eeaff020d16d91618d.webp","Error: asset 404 https://api-staging.newsroll.app/media/stories/1045649520-2b00fe93ee2b095ffcf5dbcad7ee8c23170d4d539749b1eeaff020d16d91618d.webp"
3037027349,461,"2026-04-02 09:31:27.817+00","tech","https://api-staging.newsroll.app/media/stories/3037027349-b86d85fbfbf76046ea9891a6d2072520b6833cd528495fb297924b90dca4220c.webp","Error: asset 404 https://api-staging.newsroll.app/media/stories/3037027349-b86d85fbfbf76046ea9891a6d2072520b6833cd528495fb297924b90dca4220c.webp"
4764810877,460,"2026-04-02 09:31:19.066+00","tech","https://api-staging.newsroll.app/media/stories/4764810877-c04b30526cca78e2fcc57d876b3ea6723743c37744b73acf2d6c7be5a2957e71.webp","Error: asset 404 https://api-staging.newsroll.app/media/stories/4764810877-c04b30526cca78e2fcc57d876b3ea6723743c37744b73acf2d6c7be5a2957e71.webp"
4726286257,459,"2026-04-02 09:31:03.956+00","tech","https://api-staging.newsroll.app/media/stories/4726286257-01f6bb0411b14ce9ee26cfd25d566c65df4a13422308853182ddfb4d875714b9.webp","Error: asset 404 https://api-staging.newsroll.app/media/stories/4726286257-01f6bb0411b14ce9ee26cfd25d566c65df4a13422308853182ddfb4d875714b9.webp"
4201588043,458,"2026-04-02 09:30:37.94+00","tech","https://api-staging.newsroll.app/media/stories/4201588043-f91ad88cdb0a1199d4feb6ba31cd899d4badc75f250a05a61b044a18f9c528a6.webp","Error: asset 404 https://api-staging.newsroll.app/media/stories/4201588043-f91ad88cdb0a1199d4feb6ba31cd899d4badc75f250a05a61b044a18f9c528a6.webp"
1531543760,457,"2026-04-02 09:30:53.148+00","tech","https://api-staging.newsroll.app/media/stories/1531543760-96b23b47716b6f4f9c665dd10409743d16138070e2647468657b5c61c3331348.webp","Error: asset 404 https://api-staging.newsroll.app/media/stories/1531543760-96b23b47716b6f4f9c665dd10409743d16138070e2647468657b5c61c3331348.webp"
3615546423,456,"2026-04-02 09:31:04.102+00","tech","https://api-staging.newsroll.app/media/stories/3615546423-7d635df07f71d804903bbe155c7c11a76b2d28a3e163a3153f079b7acd01935c.webp","Error: asset 404 https://api-staging.newsroll.app/media/stories/3615546423-7d635df07f71d804903bbe155c7c11a76b2d28a3e163a3153f079b7acd01935c.webp"
4563933280,455,"2026-04-02 09:31:02.399+00","tech","https://api-staging.newsroll.app/media/stories/4563933280-db2d38a1b5241bd1e404a9fbd76057defd82337be63bcf7471c90598eec1f811.webp","Error: asset 404 https://api-staging.newsroll.app/media/stories/4563933280-db2d38a1b5241bd1e404a9fbd76057defd82337be63bcf7471c90598eec1f811.webp"
3304693337,454,"2026-04-02 09:30:55.637+00","tech","https://api-staging.newsroll.app/media/stories/3304693337-77893279db2b8803410757c8a105fdacd3a6bdf82cbddf7ebc00c725c5ba7b1f.webp","Error: asset 404 https://api-staging.newsroll.app/media/stories/3304693337-77893279db2b8803410757c8a105fdacd3a6bdf82cbddf7ebc00c725c5ba7b1f.webp"
2747634768,453,"2026-04-02 09:30:55.235+00","tech","https://api-staging.newsroll.app/media/stories/2747634768-35be5c064c4c97f6dfd925674ab87bbc1754e661136e124acf58a35a644ded9b.webp","Error: asset 404 https://api-staging.newsroll.app/media/stories/2747634768-35be5c064c4c97f6dfd925674ab87bbc1754e661136e124acf58a35a644ded9b.webp"
4500413659,452,"2026-04-02 09:30:51.397+00","tech","https://api-staging.newsroll.app/media/stories/4500413659-49ea6542030c8c829f32f731714459c750838aa1b8520ff7e65869b6105c2c95.webp","Error: asset 404 https://api-staging.newsroll.app/media/stories/4500413659-49ea6542030c8c829f32f731714459c750838aa1b8520ff7e65869b6105c2c95.webp"
4419189848,451,"2026-04-02 09:30:46.111+00","tech","https://api-staging.newsroll.app/media/stories/4419189848-c39de2980917580ceaeee67f16f588b6d8bf678fc7019d553b6ccf5d0bf34168.webp","Error: asset 404 https://api-staging.newsroll.app/media/stories/4419189848-c39de2980917580ceaeee67f16f588b6d8bf678fc7019d553b6ccf5d0bf34168.webp"
3775234251,450,"2026-04-02 09:30:46.157+00","tech","https://api-staging.newsroll.app/media/stories/3775234251-792f8621e505e144b30d2e9c90bbd556fad91dcba5d325504eb29b3ddd1b6108.webp","Error: asset 404 https://api-staging.newsroll.app/media/stories/3775234251-792f8621e505e144b30d2e9c90bbd556fad91dcba5d325504eb29b3ddd1b6108.webp"
4407599415,449,"2026-04-02 09:30:12.215+00","tech","https://api-staging.newsroll.app/media/stories/4407599415-977e6c3d6332efc6acd7439a3b9e606aec8243e7846e294e616d09a40058d067.webp","Error: asset 404 https://api-staging.newsroll.app/media/stories/4407599415-977e6c3d6332efc6acd7439a3b9e606aec8243e7846e294e616d09a40058d067.webp"
3651595776,448,"2026-04-02 09:30:44.018+00","tech","https://api-staging.newsroll.app/media/stories/3651595776-bf0a4b3f3f4ec111fb80de1e1851f57330c51b64986304cbe023ee3ba1bcea09.webp","Error: asset 404 https://api-staging.newsroll.app/media/stories/3651595776-bf0a4b3f3f4ec111fb80de1e1851f57330c51b64986304cbe023ee3ba1bcea09.webp"
4771669743,447,"2026-04-02 09:30:06.408+00","tech","https://api-staging.newsroll.app/media/stories/4771669743-5e5a014de4641406f84ca2b82929c9f9c7c662646f1217c4070d8e147df526c5.webp","Error: asset 404 https://api-staging.newsroll.app/media/stories/4771669743-5e5a014de4641406f84ca2b82929c9f9c7c662646f1217c4070d8e147df526c5.webp"
3286189935,446,"2026-04-02 09:30:32.161+00","tech","https://api-staging.newsroll.app/media/stories/3286189935-40a85d57ae75c77db42aa266083e7d229e56a451dd2425282b03312cd472cfcf.webp","Error: asset 404 https://api-staging.newsroll.app/media/stories/3286189935-40a85d57ae75c77db42aa266083e7d229e56a451dd2425282b03312cd472cfcf.webp"
1577901477,445,"2026-04-02 09:30:33.916+00","tech","https://api-staging.newsroll.app/media/stories/1577901477-37101bf46caeb34a8e28265c3ab5950a535a26aa243251e7db53f5c07b7d31bb.webp","Error: asset 404 https://api-staging.newsroll.app/media/stories/1577901477-37101bf46caeb34a8e28265c3ab5950a535a26aa243251e7db53f5c07b7d31bb.webp"
2307944553,444,"2026-04-02 09:30:28.699+00","tech","https://api-staging.newsroll.app/media/stories/2307944553-735098a4bf8e0671a60cf26987dda2d4f5bf3d04b1d1bf0939d12703bfe81493.webp","Error: asset 404 https://api-staging.newsroll.app/media/stories/2307944553-735098a4bf8e0671a60cf26987dda2d4f5bf3d04b1d1bf0939d12703bfe81493.webp"
2154843344,443,"2026-04-02 09:30:25.226+00","tech","https://api-staging.newsroll.app/media/stories/2154843344-bb1d08827647d1511bec43fd31eb0764e39794e5afcb599409f9991488610e03.webp","Error: asset 404 https://api-staging.newsroll.app/media/stories/2154843344-bb1d08827647d1511bec43fd31eb0764e39794e5afcb599409f9991488610e03.webp"
4442447960,442,"2026-04-02 09:30:22.509+00","tech","https://api-staging.newsroll.app/media/stories/4442447960-14ffb6e5009afe257eed945cfa4125357f4ed8ac3ddf2ca130494133977df261.webp","Error: asset 404 https://api-staging.newsroll.app/media/stories/4442447960-14ffb6e5009afe257eed945cfa4125357f4ed8ac3ddf2ca130494133977df261.webp"
3178660895,441,"2026-04-02 09:30:19.888+00","tech","https://api-staging.newsroll.app/media/stories/3178660895-f54c24893d5815eae988b0a7bcc55c3f4f36289f40a942e68ac85ba84e61c78f.webp","Error: asset 404 https://api-staging.newsroll.app/media/stories/3178660895-f54c24893d5815eae988b0a7bcc55c3f4f36289f40a942e68ac85ba84e61c78f.webp"
2309137893,440,"2026-04-02 09:30:21.262+00","tech","https://api-staging.newsroll.app/media/stories/2309137893-91edd531688dbc13da4e5c740e49aeff7e018791cf6ff8f7354797d60a6ebd99.webp","Error: asset 404 https://api-staging.newsroll.app/media/stories/2309137893-91edd531688dbc13da4e5c740e49aeff7e018791cf6ff8f7354797d60a6ebd99.webp"
2159591364,439,"2026-04-02 09:30:15.963+00","tech","https://api-staging.newsroll.app/media/stories/2159591364-760579e3a8479349912be70650bf4495995a11936467a20836c53097b60d7e7b.webp","Error: asset 404 https://api-staging.newsroll.app/media/stories/2159591364-760579e3a8479349912be70650bf4495995a11936467a20836c53097b60d7e7b.webp"
1379228407,438,"2026-04-02 09:30:12.947+00","tech","https://api-staging.newsroll.app/media/stories/1379228407-b12d194cc5fbb9838a86223a63fbf3746877b3b10e6f722fb95514ebcdfde4d2.webp","Error: asset 404 https://api-staging.newsroll.app/media/stories/1379228407-b12d194cc5fbb9838a86223a63fbf3746877b3b10e6f722fb95514ebcdfde4d2.webp"
1682470762,437,"2026-04-02 09:29:37.314+00","tech","https://api-staging.newsroll.app/media/stories/1682470762-c95f70a09b375afeed5643403419e33f3f48a97b850f1119816bad5def20e98a.webp","Error: asset 404 https://api-staging.newsroll.app/media/stories/1682470762-c95f70a09b375afeed5643403419e33f3f48a97b850f1119816bad5def20e98a.webp"
2330404502,436,"2026-04-02 09:30:08.937+00","tech","https://api-staging.newsroll.app/media/stories/2330404502-23d037e0dedbe4346ef31acb27bf17143244100af5d0bea9e21000b168f87e89.webp","Error: asset 404 https://api-staging.newsroll.app/media/stories/2330404502-23d037e0dedbe4346ef31acb27bf17143244100af5d0bea9e21000b168f87e89.webp"
3519870249,435,"2026-04-02 09:30:05.493+00","tech","https://api-staging.newsroll.app/media/stories/3519870249-1c15c0361ec17a31201c38c4696e0e9e9ec17eb69070e1103f0029699c2dc8c7.webp","Error: asset 404 https://api-staging.newsroll.app/media/stories/3519870249-1c15c0361ec17a31201c38c4696e0e9e9ec17eb69070e1103f0029699c2dc8c7.webp"
4054070832,434,"2026-04-02 09:29:26.887+00","tech","https://api-staging.newsroll.app/media/stories/4054070832-b80043f64750aac3d9b4c2b808a33297b3d08586dc02306ea26b2bfa35750f2b.webp","Error: asset 404 https://api-staging.newsroll.app/media/stories/4054070832-b80043f64750aac3d9b4c2b808a33297b3d08586dc02306ea26b2bfa35750f2b.webp"
3101614518,433,"2026-04-02 09:29:57.923+00","tech","https://api-staging.newsroll.app/media/stories/3101614518-59a45ec4bf88482813f1d1ab934c5f2fed60d86b214a532580320b4d6c8b68cd.webp","Error: asset 404 https://api-staging.newsroll.app/media/stories/3101614518-59a45ec4bf88482813f1d1ab934c5f2fed60d86b214a532580320b4d6c8b68cd.webp"
2237161338,432,"2026-04-02 09:29:58.315+00","tech","https://api-staging.newsroll.app/media/stories/2237161338-e6fd4fb039c5b58d2787bd69f315692ad09236b8eb65dd9ce1df2a364729ba7a.webp","Error: asset 404 https://api-staging.newsroll.app/media/stories/2237161338-e6fd4fb039c5b58d2787bd69f315692ad09236b8eb65dd9ce1df2a364729ba7a.webp"
2430514406,431,"2026-04-02 09:29:55.104+00","tech","https://api-staging.newsroll.app/media/stories/2430514406-1718744a0f739dfd8eb2709a35823999586afd6d8ac6d872c123378123a98406.webp","Error: asset 404 https://api-staging.newsroll.app/media/stories/2430514406-1718744a0f739dfd8eb2709a35823999586afd6d8ac6d872c123378123a98406.webp"
4103950115,430,"2026-04-02 09:29:51.468+00","tech","https://api-staging.newsroll.app/media/stories/4103950115-da4c69ca429019e3c9a4adb14b9dc3cf96ee696eea61ff37902be30ce4c4cfaf.webp","Error: asset 404 https://api-staging.newsroll.app/media/stories/4103950115-da4c69ca429019e3c9a4adb14b9dc3cf96ee696eea61ff37902be30ce4c4cfaf.webp"
3878193147,429,"2026-04-02 09:29:48.056+00","tech","https://api-staging.newsroll.app/media/stories/3878193147-8e0ec2c9071df23a774cee8b620d7b58fce38e4ad1c93255e44bc03c0cd46286.webp","Error: asset 404 https://api-staging.newsroll.app/media/stories/3878193147-8e0ec2c9071df23a774cee8b620d7b58fce38e4ad1c93255e44bc03c0cd46286.webp"
1809100511,428,"2026-04-02 09:29:47.295+00","tech","https://api-staging.newsroll.app/media/stories/1809100511-57c69d2def67eaffe8acb368b4f2d108b9a1b42a4bb1a7f1fb79ea215a653520.webp","Error: asset 404 https://api-staging.newsroll.app/media/stories/1809100511-57c69d2def67eaffe8acb368b4f2d108b9a1b42a4bb1a7f1fb79ea215a653520.webp"
3932014316,427,"2026-04-02 09:29:40.742+00","tech","https://api-staging.newsroll.app/media/stories/3932014316-dfc8a6d127dab4a28ed64cfc6fe6cec1944a26462ef7f3483c43ffbb9a09ffd1.webp","Error: asset 404 https://api-staging.newsroll.app/media/stories/3932014316-dfc8a6d127dab4a28ed64cfc6fe6cec1944a26462ef7f3483c43ffbb9a09ffd1.webp"
4564105757,426,"2026-04-02 09:29:40.224+00","tech","https://api-staging.newsroll.app/media/stories/4564105757-435398335f2c91e30ef868a05ecf1a8ed91a767fe1905106e4bf4d6ed83ef4e8.webp","Error: asset 404 https://api-staging.newsroll.app/media/stories/4564105757-435398335f2c91e30ef868a05ecf1a8ed91a767fe1905106e4bf4d6ed83ef4e8.webp"
3437324441,425,"2026-04-02 09:29:33.54+00","tech","https://api-staging.newsroll.app/media/stories/3437324441-0577a8f76014a2d03fe748e4be4dae74da0b991dd9b3f07f9ac384d6dc93d3ab.webp","Error: asset 404 https://api-staging.newsroll.app/media/stories/3437324441-0577a8f76014a2d03fe748e4be4dae74da0b991dd9b3f07f9ac384d6dc93d3ab.webp"
1871668095,424,"2026-04-02 09:29:29.477+00","tech","https://api-staging.newsroll.app/media/stories/1871668095-10fafeeae4bf2003e8d865e1ea9667c94dd38caf9c8eed54bf5745e899148cd4.webp","Error: asset 404 https://api-staging.newsroll.app/media/stories/1871668095-10fafeeae4bf2003e8d865e1ea9667c94dd38caf9c8eed54bf5745e899148cd4.webp"
2176759953,423,"2026-04-02 09:29:27.098+00","tech","https://api-staging.newsroll.app/media/stories/2176759953-b6bc4c3a27fad040467779cdde646c900ad426a8ed3fe52b09766146e9f3c600.webp","Error: asset 404 https://api-staging.newsroll.app/media/stories/2176759953-b6bc4c3a27fad040467779cdde646c900ad426a8ed3fe52b09766146e9f3c600.webp"
3093516151,422,"2026-04-02 09:29:23.372+00","tech","https://api-staging.newsroll.app/media/stories/3093516151-f9527926d588ce1436e8e0f88c2d0e3f85d8e58e10dae8d41d2d0616c0619492.webp","Error: asset 404 https://api-staging.newsroll.app/media/stories/3093516151-f9527926d588ce1436e8e0f88c2d0e3f85d8e58e10dae8d41d2d0616c0619492.webp"
4494736129,421,"2026-04-02 09:29:23.046+00","tech","https://api-staging.newsroll.app/media/stories/4494736129-d8aafce0d03749d7bfc1a585d556080dd2ed54be481a42f081a3edd9ba4ccd3a.webp","Error: asset 404 https://api-staging.newsroll.app/media/stories/4494736129-d8aafce0d03749d7bfc1a585d556080dd2ed54be481a42f081a3edd9ba4ccd3a.webp"
2939622526,420,"2026-04-02 09:29:20.323+00","tech","https://api-staging.newsroll.app/media/stories/2939622526-7bf89f0700318aa98a1e370a43ef25ee91011d9e02db237bd03d61ea753aeca1.webp","Error: asset 404 https://api-staging.newsroll.app/media/stories/2939622526-7bf89f0700318aa98a1e370a43ef25ee91011d9e02db237bd03d61ea753aeca1.webp"
5009019953,419,"2026-04-02 09:29:19.385+00","tech","https://api-staging.newsroll.app/media/stories/5009019953-64dbcaad3010ff74ace8af9f7cb6e975c646bb2976d5afc2086bd425510c248d.webp","Error: asset 404 https://api-staging.newsroll.app/media/stories/5009019953-64dbcaad3010ff74ace8af9f7cb6e975c646bb2976d5afc2086bd425510c248d.webp"
2726347507,418,"2026-04-02 09:29:16.08+00","tech","https://api-staging.newsroll.app/media/stories/2726347507-4f1f5a3d42ea8813e12c3aa48c21cf45560ed848092b75c9a94185531b771bbf.webp","Error: asset 404 https://api-staging.newsroll.app/media/stories/2726347507-4f1f5a3d42ea8813e12c3aa48c21cf45560ed848092b75c9a94185531b771bbf.webp"
5182883750,417,"2026-04-02 09:29:15.9+00","tech","https://api-staging.newsroll.app/media/stories/5182883750-fea87329178642ef39114d089aaf8439b9f9ee356daae14247c96f62b2996d22.webp","Error: asset 404 https://api-staging.newsroll.app/media/stories/5182883750-fea87329178642ef39114d089aaf8439b9f9ee356daae14247c96f62b2996d22.webp"
2259501073,416,"2026-04-02 09:29:15.136+00","tech","https://api-staging.newsroll.app/media/stories/2259501073-88c4f4a461d2d8ab297149c784bf697a1870dd94646fd569b0b4789b4cf29a81.webp","Error: asset 404 https://api-staging.newsroll.app/media/stories/2259501073-88c4f4a461d2d8ab297149c784bf697a1870dd94646fd569b0b4789b4cf29a81.webp"
4646963496,415,"2026-04-02 09:29:10.93+00","tech","https://api-staging.newsroll.app/media/stories/4646963496-eac71224a3092b1990e48571d93c7d15e2863d7337573eb0da1b067b542f9db8.webp","Error: asset 404 https://api-staging.newsroll.app/media/stories/4646963496-eac71224a3092b1990e48571d93c7d15e2863d7337573eb0da1b067b542f9db8.webp"
1758797118,414,"2026-04-02 09:29:08.729+00","tech","https://api-staging.newsroll.app/media/stories/1758797118-b52f119f4b55f2b2a722414fde7fb99383c3ee9a1b59715fff0712cc66492a52.webp","Error: asset 404 https://api-staging.newsroll.app/media/stories/1758797118-b52f119f4b55f2b2a722414fde7fb99383c3ee9a1b59715fff0712cc66492a52.webp"
3718676543,413,"2026-04-02 09:29:09.296+00","tech","https://api-staging.newsroll.app/media/stories/3718676543-d8022d7150553a5635bb89c49b413d0bc49a89ef49237f32b56770647efd01f4.webp","Error: asset 404 https://api-staging.newsroll.app/media/stories/3718676543-d8022d7150553a5635bb89c49b413d0bc49a89ef49237f32b56770647efd01f4.webp"
4857365191,412,"2026-04-02 09:29:08.033+00","tech","https://api-staging.newsroll.app/media/stories/4857365191-b13110acefa2c5a12485d1e0763ba7d7c56e5f54b72c19a1bfd42eaf0125379c.webp","Error: asset 404 https://api-staging.newsroll.app/media/stories/4857365191-b13110acefa2c5a12485d1e0763ba7d7c56e5f54b72c19a1bfd42eaf0125379c.webp"
1828775947,411,"2026-04-02 09:29:00.463+00","tech","https://api-staging.newsroll.app/media/stories/1828775947-22ac62983df200ddf9f9007788a6373df3b5cd4ddb4325b758bfd8fe2f071483.webp","Error: asset 404 https://api-staging.newsroll.app/media/stories/1828775947-22ac62983df200ddf9f9007788a6373df3b5cd4ddb4325b758bfd8fe2f071483.webp"
3041242321,410,"2026-04-02 09:29:00.581+00","tech","https://api-staging.newsroll.app/media/stories/3041242321-190000acaa280057697b98e204142c3bf971605c20800d5482c6013877c5d703.webp","Error: asset 404 https://api-staging.newsroll.app/media/stories/3041242321-190000acaa280057697b98e204142c3bf971605c20800d5482c6013877c5d703.webp"
2634328881,409,"2026-04-02 09:28:59.922+00","tech","https://api-staging.newsroll.app/media/stories/2634328881-86c0834c98d795af13b2829d3cea0d50a703d22d83124e7fc5c0e5910431895c.webp","Error: asset 404 https://api-staging.newsroll.app/media/stories/2634328881-86c0834c98d795af13b2829d3cea0d50a703d22d83124e7fc5c0e5910431895c.webp"
1448944246,408,"2026-04-02 09:28:57.572+00","tech","https://api-staging.newsroll.app/media/stories/1448944246-a18f06d7a2e7412dfde90ec6e4c477609145bae19610fc939b5e3bee0e94283b.webp","Error: asset 404 https://api-staging.newsroll.app/media/stories/1448944246-a18f06d7a2e7412dfde90ec6e4c477609145bae19610fc939b5e3bee0e94283b.webp"
3737784592,407,"2026-04-02 09:28:53.293+00","tech","https://api-staging.newsroll.app/media/stories/3737784592-935cb38b5efcd6d0204d0913e8c5453b286dd0d49204839495283dde8dad25ff.webp","Error: asset 404 https://api-staging.newsroll.app/media/stories/3737784592-935cb38b5efcd6d0204d0913e8c5453b286dd0d49204839495283dde8dad25ff.webp"
4133553183,406,"2026-04-02 09:28:52.968+00","tech","https://api-staging.newsroll.app/media/stories/4133553183-c9dbe695027561ea708121effe6a16daadcbc1cb087c8f33e008761d1f703d9f.webp","Error: asset 404 https://api-staging.newsroll.app/media/stories/4133553183-c9dbe695027561ea708121effe6a16daadcbc1cb087c8f33e008761d1f703d9f.webp"
3831420128,405,"2026-04-02 09:28:49.609+00","tech","https://api-staging.newsroll.app/media/stories/3831420128-8951a2a3eecb3d4a060570dfbfad9cd27c3c03b76ee02abd36168fa84a6e6e03.webp","Error: asset 404 https://api-staging.newsroll.app/media/stories/3831420128-8951a2a3eecb3d4a060570dfbfad9cd27c3c03b76ee02abd36168fa84a6e6e03.webp"
3770028713,404,"2026-04-02 09:28:48.575+00","tech","https://api-staging.newsroll.app/media/stories/3770028713-92fa70dc19a0dc32dd8ffdf90e44a5bb5269d1b2d562d4446a9136bd9242780a.webp","Error: asset 404 https://api-staging.newsroll.app/media/stories/3770028713-92fa70dc19a0dc32dd8ffdf90e44a5bb5269d1b2d562d4446a9136bd9242780a.webp"
2104357117,403,"2026-04-02 09:28:40.812+00","tech","https://api-staging.newsroll.app/media/stories/2104357117-8fa03c99816f59b5b84b6924d274dfc1b0496117b125e8ceacf19be8f14e26d0.webp","Error: asset 404 https://api-staging.newsroll.app/media/stories/2104357117-8fa03c99816f59b5b84b6924d274dfc1b0496117b125e8ceacf19be8f14e26d0.webp"
1296465034,402,"2026-04-02 09:28:40.372+00","tech","https://api-staging.newsroll.app/media/stories/1296465034-78be00be14f9de2d26805f6339090065681d9b0b811996a12b92b87f6ba14497.webp","Error: asset 404 https://api-staging.newsroll.app/media/stories/1296465034-78be00be14f9de2d26805f6339090065681d9b0b811996a12b92b87f6ba14497.webp"
2942220352,401,"2026-04-02 09:28:41.233+00","tech","https://api-staging.newsroll.app/media/stories/2942220352-5549ab0a6f1c3f48e0b4c0a33a6b43e62e19a5f3e949be4703602cce0b14b2f9.webp","Error: asset 404 https://api-staging.newsroll.app/media/stories/2942220352-5549ab0a6f1c3f48e0b4c0a33a6b43e62e19a5f3e949be4703602cce0b14b2f9.webp"
2039364064,400,"2026-04-02 09:28:33.514+00","tech","https://api-staging.newsroll.app/media/stories/2039364064-8b7dacbc8ab1699743f61f961cdad4848ac2b35c35837bf9709283782e42a80b.webp","Error: asset 404 https://api-staging.newsroll.app/media/stories/2039364064-8b7dacbc8ab1699743f61f961cdad4848ac2b35c35837bf9709283782e42a80b.webp"
2028401835,399,"2026-04-02 09:28:33.805+00","tech","https://api-staging.newsroll.app/media/stories/2028401835-f7d4bc2b4684576fa1b710f97eb3c0b9fbe71d9c5aaeaf166f3156b4fbde23dc.webp","Error: asset 404 https://api-staging.newsroll.app/media/stories/2028401835-f7d4bc2b4684576fa1b710f97eb3c0b9fbe71d9c5aaeaf166f3156b4fbde23dc.webp"
3289333256,398,"2026-04-02 09:28:33.47+00","tech","https://api-staging.newsroll.app/media/stories/3289333256-0be308e0b8f8ec8fcaba990a18025cfd04aa74b266b726e2e18312547a728693.webp","Error: asset 404 https://api-staging.newsroll.app/media/stories/3289333256-0be308e0b8f8ec8fcaba990a18025cfd04aa74b266b726e2e18312547a728693.webp"
3957526466,397,"2026-04-02 09:28:33.155+00","tech","https://api-staging.newsroll.app/media/stories/3957526466-228e19dab0cd6921773c3f38708b0303d94eb811924ad3a26e27d38de17b41f4.webp","Error: asset 404 https://api-staging.newsroll.app/media/stories/3957526466-228e19dab0cd6921773c3f38708b0303d94eb811924ad3a26e27d38de17b41f4.webp"
2009344479,396,"2026-04-02 09:28:29.528+00","tech","https://api-staging.newsroll.app/media/stories/2009344479-9eff10079bce4869b144791144bb04fd839b59f1c4f09be36051a232807dd957.webp","Error: asset 404 https://api-staging.newsroll.app/media/stories/2009344479-9eff10079bce4869b144791144bb04fd839b59f1c4f09be36051a232807dd957.webp"
1797587642,395,"2026-04-02 09:28:24.658+00","tech","https://api-staging.newsroll.app/media/stories/1797587642-9c5c87385b4547b6e8c3a952d02e104f727555da20cffbdbdea04311b926a52e.webp","Error: asset 404 https://api-staging.newsroll.app/media/stories/1797587642-9c5c87385b4547b6e8c3a952d02e104f727555da20cffbdbdea04311b926a52e.webp"
5105268897,394,"2026-04-02 09:28:26.858+00","tech","https://api-staging.newsroll.app/media/stories/5105268897-867d84cd9db8a428660c7d063487f0adf38e91d6e6d69de6d95957a30708ebee.webp","Error: asset 404 https://api-staging.newsroll.app/media/stories/5105268897-867d84cd9db8a428660c7d063487f0adf38e91d6e6d69de6d95957a30708ebee.webp"
3458705731,393,"2026-04-02 09:28:25.223+00","tech","https://api-staging.newsroll.app/media/stories/3458705731-c744d3aee00a9a77eb2a1f49333c8dc745dbea92546d1058d602fada183fce2a.webp","Error: asset 404 https://api-staging.newsroll.app/media/stories/3458705731-c744d3aee00a9a77eb2a1f49333c8dc745dbea92546d1058d602fada183fce2a.webp"
1161524069,392,"2026-04-02 09:28:21.686+00","tech","https://api-staging.newsroll.app/media/stories/1161524069-7a947278787062de086e564fdeaddc37c6f48891c8eee3add6677bd4927575de.webp","Error: asset 404 https://api-staging.newsroll.app/media/stories/1161524069-7a947278787062de086e564fdeaddc37c6f48891c8eee3add6677bd4927575de.webp"
3314627889,391,"2026-04-02 09:28:19.463+00","tech","https://api-staging.newsroll.app/media/stories/3314627889-ed76fc986f0d237c7f37ff5a0f7432bab1e063098c25c990a2525a318e0fd06f.webp","Error: asset 404 https://api-staging.newsroll.app/media/stories/3314627889-ed76fc986f0d237c7f37ff5a0f7432bab1e063098c25c990a2525a318e0fd06f.webp"
1362620961,390,"2026-04-02 09:28:17.566+00","tech","https://api-staging.newsroll.app/media/stories/1362620961-d65e2642564d96879681d76f14c8576d0b961a1c3bafd8b66bdfdb1cb2fda447.webp","Error: asset 404 https://api-staging.newsroll.app/media/stories/1362620961-d65e2642564d96879681d76f14c8576d0b961a1c3bafd8b66bdfdb1cb2fda447.webp"
1476411282,389,"2026-04-02 09:28:16.11+00","tech","https://api-staging.newsroll.app/media/stories/1476411282-f790f286aef8e70a48ba84e910d5f6e6a49343afe65be69bfea58aa495bb9626.webp","Error: asset 404 https://api-staging.newsroll.app/media/stories/1476411282-f790f286aef8e70a48ba84e910d5f6e6a49343afe65be69bfea58aa495bb9626.webp"
5088204205,388,"2026-04-02 09:28:15.331+00","tech","https://api-staging.newsroll.app/media/stories/5088204205-2112e2e8e5c437797eed39c3f8bd0ab67ca40bf21ea863f8e5de50426f27359c.webp","Error: asset 404 https://api-staging.newsroll.app/media/stories/5088204205-2112e2e8e5c437797eed39c3f8bd0ab67ca40bf21ea863f8e5de50426f27359c.webp"
2854813031,387,"2026-04-02 09:28:12.116+00","tech","https://api-staging.newsroll.app/media/stories/2854813031-32a2c994526a62338fca421182aa468af0ddfb342d461be7f99193d6703dbc2e.webp","Error: asset 404 https://api-staging.newsroll.app/media/stories/2854813031-32a2c994526a62338fca421182aa468af0ddfb342d461be7f99193d6703dbc2e.webp"
1911972752,386,"2026-04-02 09:28:10.311+00","tech","https://api-staging.newsroll.app/media/stories/1911972752-818dff03eebfc422edbdfe3059394d5baf41bb1ea7dd4ae3cea2d4990dcf2c3b.webp","Error: asset 404 https://api-staging.newsroll.app/media/stories/1911972752-818dff03eebfc422edbdfe3059394d5baf41bb1ea7dd4ae3cea2d4990dcf2c3b.webp"
3445976322,385,"2026-04-02 09:28:07.372+00","tech","https://api-staging.newsroll.app/media/stories/3445976322-14c226a1acb136d37c33e006f839b6f4e94256bcb4db5a80a08e0770babbe2af.webp","Error: asset 404 https://api-staging.newsroll.app/media/stories/3445976322-14c226a1acb136d37c33e006f839b6f4e94256bcb4db5a80a08e0770babbe2af.webp"
1091459436,384,"2026-04-02 09:28:08.24+00","tech","https://api-staging.newsroll.app/media/stories/1091459436-fab76c62fe542750b09568e603cd3db5ce2bd58af068cb07578d2e2c6fd4121d.webp","Error: asset 404 https://api-staging.newsroll.app/media/stories/1091459436-fab76c62fe542750b09568e603cd3db5ce2bd58af068cb07578d2e2c6fd4121d.webp"
1541814292,383,"2026-04-02 09:28:05.241+00","tech","https://api-staging.newsroll.app/media/stories/1541814292-3450655d90ae4a1828454ce0c3af4dddfd983f7f5502abbfa31fd8e200edf811.webp","Error: asset 404 https://api-staging.newsroll.app/media/stories/1541814292-3450655d90ae4a1828454ce0c3af4dddfd983f7f5502abbfa31fd8e200edf811.webp"
4572961089,382,"2026-04-02 09:28:04.021+00","tech","https://api-staging.newsroll.app/media/stories/4572961089-69af3ae5bfc29fcdb05fb1ed4e367701234b29ac199bc2032ed04f0dccfb2e36.webp","Error: asset 404 https://api-staging.newsroll.app/media/stories/4572961089-69af3ae5bfc29fcdb05fb1ed4e367701234b29ac199bc2032ed04f0dccfb2e36.webp"
4948975615,381,"2026-04-02 09:28:01.094+00","tech","https://api-staging.newsroll.app/media/stories/4948975615-a1396a0a6a7a581cdfcaadec338816c799677f1136d06ac944bd99cfc536949b.webp","Error: asset 404 https://api-staging.newsroll.app/media/stories/4948975615-a1396a0a6a7a581cdfcaadec338816c799677f1136d06ac944bd99cfc536949b.webp"
3054296502,380,"2026-04-02 09:27:59.687+00","tech","https://api-staging.newsroll.app/media/stories/3054296502-d1d2fe9013ba865765693402b7995337b458b541e9690a6235904d50925a700a.webp","Error: asset 404 https://api-staging.newsroll.app/media/stories/3054296502-d1d2fe9013ba865765693402b7995337b458b541e9690a6235904d50925a700a.webp"
3036334839,379,"2026-04-02 09:27:58.971+00","tech","https://api-staging.newsroll.app/media/stories/3036334839-84c574841dda1fe88ce00f56158331393f08c23c6687175ab518e8065acdec92.webp","Error: asset 404 https://api-staging.newsroll.app/media/stories/3036334839-84c574841dda1fe88ce00f56158331393f08c23c6687175ab518e8065acdec92.webp"
3818559537,378,"2026-04-02 09:27:55.81+00","tech","https://api-staging.newsroll.app/media/stories/3818559537-d7303b02ef63b9d6caa6f7502065935293452ca2d01fc2ed6eabdcaf6657bf6b.webp","Error: asset 404 https://api-staging.newsroll.app/media/stories/3818559537-d7303b02ef63b9d6caa6f7502065935293452ca2d01fc2ed6eabdcaf6657bf6b.webp"
1163916175,377,"2026-04-02 09:27:51.905+00","tech","https://api-staging.newsroll.app/media/stories/1163916175-4328b9560b61f6a7fe16009d8563a9cbfbde62197fe5fa47d9209fdf37ee7075.webp","Error: asset 404 https://api-staging.newsroll.app/media/stories/1163916175-4328b9560b61f6a7fe16009d8563a9cbfbde62197fe5fa47d9209fdf37ee7075.webp"
1217628604,376,"2026-04-02 09:27:53.193+00","tech","https://api-staging.newsroll.app/media/stories/1217628604-1b2103b443ac81f8ca241d79130fb043fb88451a6641a7c41b51d7d77d836c63.webp","Error: asset 404 https://api-staging.newsroll.app/media/stories/1217628604-1b2103b443ac81f8ca241d79130fb043fb88451a6641a7c41b51d7d77d836c63.webp"
1168582278,375,"2026-04-02 09:27:52.094+00","tech","https://api-staging.newsroll.app/media/stories/1168582278-2e93c98e07ba6c051e8456a5e292119ed5db955f63db6ed0e71c33534bbe1d2e.webp","Error: asset 404 https://api-staging.newsroll.app/media/stories/1168582278-2e93c98e07ba6c051e8456a5e292119ed5db955f63db6ed0e71c33534bbe1d2e.webp"
3317894292,374,"2026-04-02 09:27:48.735+00","tech","https://api-staging.newsroll.app/media/stories/3317894292-7fb81d699c36028e6f185421f38c02bcca1ca7cb5201328526c7fecd2b3c730d.webp","Error: asset 404 https://api-staging.newsroll.app/media/stories/3317894292-7fb81d699c36028e6f185421f38c02bcca1ca7cb5201328526c7fecd2b3c730d.webp"
3270024391,373,"2026-04-02 09:27:47.359+00","tech","https://api-staging.newsroll.app/media/stories/3270024391-b6b6b89cdce3b9eae80878229ca40f4dbc34710c8097f13ed3c2c11171ad5171.webp","Error: asset 404 https://api-staging.newsroll.app/media/stories/3270024391-b6b6b89cdce3b9eae80878229ca40f4dbc34710c8097f13ed3c2c11171ad5171.webp"
2751718391,372,"2026-04-02 09:27:43.788+00","tech","https://api-staging.newsroll.app/media/stories/2751718391-ce80946f894a17f3a59a0bba719238c9e250dc504aa7f7409dd7531776f283f6.webp","Error: asset 404 https://api-staging.newsroll.app/media/stories/2751718391-ce80946f894a17f3a59a0bba719238c9e250dc504aa7f7409dd7531776f283f6.webp"
2542074428,371,"2026-04-02 09:27:40.276+00","tech","https://api-staging.newsroll.app/media/stories/2542074428-7fdbe306cc17d20e9e5de88e732fa21435e6e82364fb8d7989053402d72bfc80.webp","Error: asset 404 https://api-staging.newsroll.app/media/stories/2542074428-7fdbe306cc17d20e9e5de88e732fa21435e6e82364fb8d7989053402d72bfc80.webp"
2100844130,370,"2026-04-02 09:27:42.259+00","tech","https://api-staging.newsroll.app/media/stories/2100844130-1a9d9940a89e78d0bfcc08e30ae86fe8e99b10aeb615ccee60b90c00938eac2d.webp","Error: asset 404 https://api-staging.newsroll.app/media/stories/2100844130-1a9d9940a89e78d0bfcc08e30ae86fe8e99b10aeb615ccee60b90c00938eac2d.webp"
1606500785,369,"2026-04-02 09:27:36.806+00","tech","https://api-staging.newsroll.app/media/stories/1606500785-0a604ec8d5025abc77e2b58136951b73e0e224b09e6ade7b7814680984113f39.webp","Error: asset 404 https://api-staging.newsroll.app/media/stories/1606500785-0a604ec8d5025abc77e2b58136951b73e0e224b09e6ade7b7814680984113f39.webp"
2162794836,368,"2026-04-02 09:27:34.189+00","tech","https://api-staging.newsroll.app/media/stories/2162794836-3f6aabfbc97461211ece4180878c54dc1dc3c9ea2f699d5aa23ce305db3ea50d.webp","Error: asset 404 https://api-staging.newsroll.app/media/stories/2162794836-3f6aabfbc97461211ece4180878c54dc1dc3c9ea2f699d5aa23ce305db3ea50d.webp"
4121496082,367,"2026-04-02 09:27:34.099+00","tech","https://api-staging.newsroll.app/media/stories/4121496082-2296cf01dd7e20166c2da457803993d487fc80090b031340c4a0143cfaa18e35.webp","Error: asset 404 https://api-staging.newsroll.app/media/stories/4121496082-2296cf01dd7e20166c2da457803993d487fc80090b031340c4a0143cfaa18e35.webp"
3172379574,366,"2026-04-02 09:27:32.621+00","tech","https://api-staging.newsroll.app/media/stories/3172379574-87c8ab60f0487f6d292678340a043fbae8651c938b7e2a83720e276fa4a8be3b.webp","Error: asset 404 https://api-staging.newsroll.app/media/stories/3172379574-87c8ab60f0487f6d292678340a043fbae8651c938b7e2a83720e276fa4a8be3b.webp"
2292123508,365,"2026-04-02 09:27:31.247+00","tech","https://api-staging.newsroll.app/media/stories/2292123508-b12cc72c1bd80f31a131bc19f7b27d8f45f1a0957497f9e23a72e247ecd7a003.webp","Error: asset 404 https://api-staging.newsroll.app/media/stories/2292123508-b12cc72c1bd80f31a131bc19f7b27d8f45f1a0957497f9e23a72e247ecd7a003.webp"
2225158995,364,"2026-04-02 09:27:26.939+00","tech","https://api-staging.newsroll.app/media/stories/2225158995-ab454ee427c3565b274913ebbad863cca61c4da8e22654cc455831ed6a8c87e5.webp","Error: asset 404 https://api-staging.newsroll.app/media/stories/2225158995-ab454ee427c3565b274913ebbad863cca61c4da8e22654cc455831ed6a8c87e5.webp"
4694647995,363,"2026-04-02 09:27:20.832+00","tech","https://api-staging.newsroll.app/media/stories/4694647995-c5dcc17ae289efa5ed64ba0d73b8481220e85e935a9bbfb52dbb29120b1fdb42.webp","Error: asset 404 https://api-staging.newsroll.app/media/stories/4694647995-c5dcc17ae289efa5ed64ba0d73b8481220e85e935a9bbfb52dbb29120b1fdb42.webp"
5099699994,362,"2026-04-02 09:27:26.143+00","tech","https://api-staging.newsroll.app/media/stories/5099699994-892a6dd650964ba100e26d41d8eb4d93988d102d8692aa4e838d6faa9829c67b.webp","Error: asset 404 https://api-staging.newsroll.app/media/stories/5099699994-892a6dd650964ba100e26d41d8eb4d93988d102d8692aa4e838d6faa9829c67b.webp"
5102297406,361,"2026-04-02 09:27:25.292+00","tech","https://api-staging.newsroll.app/media/stories/5102297406-677121fddc3beba15f8a6f974f4a538948d318eacfc0ef05f9c9ad72cbc16ad0.webp","Error: asset 404 https://api-staging.newsroll.app/media/stories/5102297406-677121fddc3beba15f8a6f974f4a538948d318eacfc0ef05f9c9ad72cbc16ad0.webp"
4669140277,360,"2026-04-02 09:27:19.717+00","tech","https://api-staging.newsroll.app/media/stories/4669140277-0b9e964dc3b9e23cfc91043cd9991f1c512fdf8d4681daeae714493473657417.webp","Error: asset 404 https://api-staging.newsroll.app/media/stories/4669140277-0b9e964dc3b9e23cfc91043cd9991f1c512fdf8d4681daeae714493473657417.webp"
5196887554,359,"2026-04-02 09:27:18.384+00","tech","https://api-staging.newsroll.app/media/stories/5196887554-f820040aca623fc3e5be0d07b0a41694a6339177bc9b7b58fcde0ae7ff052a0c.webp","Error: asset 404 https://api-staging.newsroll.app/media/stories/5196887554-f820040aca623fc3e5be0d07b0a41694a6339177bc9b7b58fcde0ae7ff052a0c.webp"
4024595214,358,"2026-04-02 09:27:15.739+00","tech","https://api-staging.newsroll.app/media/stories/4024595214-9ea27fcb922e6c3800431d278951c432fb3e364569f63b2b7de273045aafef9c.webp","Error: asset 404 https://api-staging.newsroll.app/media/stories/4024595214-9ea27fcb922e6c3800431d278951c432fb3e364569f63b2b7de273045aafef9c.webp"
3693809779,357,"2026-04-02 09:27:13.745+00","tech","https://api-staging.newsroll.app/media/stories/3693809779-80cfd4b370cb3c053e7c3ce9c35e731776dab58b018eeb01c74271a1ce67c7b7.webp","Error: asset 404 https://api-staging.newsroll.app/media/stories/3693809779-80cfd4b370cb3c053e7c3ce9c35e731776dab58b018eeb01c74271a1ce67c7b7.webp"
5214789723,356,"2026-04-02 09:27:10.379+00","tech","https://api-staging.newsroll.app/media/stories/5214789723-d06eea1ca8b9cc2b02f5c6ab4b9a06b847e9c45f4eecb6a1578f38106a17aaf3.webp","Error: asset 404 https://api-staging.newsroll.app/media/stories/5214789723-d06eea1ca8b9cc2b02f5c6ab4b9a06b847e9c45f4eecb6a1578f38106a17aaf3.webp"
4509098887,355,"2026-04-02 09:27:08.404+00","tech","https://api-staging.newsroll.app/media/stories/4509098887-3bc5abf64dc73818e3b428740f082be24491fe7ee278798cac378f9a7650cb0f.webp","Error: asset 404 https://api-staging.newsroll.app/media/stories/4509098887-3bc5abf64dc73818e3b428740f082be24491fe7ee278798cac378f9a7650cb0f.webp"
5209409976,354,"2026-04-02 09:27:05.404+00","general","https://api-staging.newsroll.app/media/stories/5209409976-8ed7314c8c32dd1b82e634e17f1513ef9390539dd359e5fa295791acf7413b77.webp","Error: asset 404 https://api-staging.newsroll.app/media/stories/5209409976-8ed7314c8c32dd1b82e634e17f1513ef9390539dd359e5fa295791acf7413b77.webp"
2438390232,353,"2026-04-02 09:27:01.247+00","tech","https://api-staging.newsroll.app/media/stories/2438390232-966108aed4fa67f6cc8e0496694582969f1b0232e241102f113ed07d1e1e4823.webp","Error: asset 404 https://api-staging.newsroll.app/media/stories/2438390232-966108aed4fa67f6cc8e0496694582969f1b0232e241102f113ed07d1e1e4823.webp"
4142237327,352,"2026-04-02 09:27:01.251+00","general","https://api-staging.newsroll.app/media/stories/4142237327-2aa39558db17420b344bc2231d6f0008c9d047980a1327e899b29dcfec7e52da.webp","Error: asset 404 https://api-staging.newsroll.app/media/stories/4142237327-2aa39558db17420b344bc2231d6f0008c9d047980a1327e899b29dcfec7e52da.webp"
2904069647,351,"2026-04-02 09:26:58.308+00","general","https://api-staging.newsroll.app/media/stories/2904069647-dc6ea56792991171ce8eef07940208e9020896775e87fb490292144c7aba0039.webp","Error: asset 404 https://api-staging.newsroll.app/media/stories/2904069647-dc6ea56792991171ce8eef07940208e9020896775e87fb490292144c7aba0039.webp"
3935012013,350,"2026-04-02 09:26:56.288+00","general","https://api-staging.newsroll.app/media/stories/3935012013-947c135b9c0e47feeb1a402051b24d27820d7be0994d8cbde04e4d01ed0f61b7.webp","Error: asset 404 https://api-staging.newsroll.app/media/stories/3935012013-947c135b9c0e47feeb1a402051b24d27820d7be0994d8cbde04e4d01ed0f61b7.webp"
5192741421,349,"2026-04-02 09:26:54.014+00","general","https://api-staging.newsroll.app/media/stories/5192741421-aee44bb0885984728eb40cb6bbabdb309215b07ad82c54e752465ab91e6c83e8.webp","Error: asset 404 https://api-staging.newsroll.app/media/stories/5192741421-aee44bb0885984728eb40cb6bbabdb309215b07ad82c54e752465ab91e6c83e8.webp"
4355640851,348,"2026-04-02 09:26:48.534+00","general","https://api-staging.newsroll.app/media/stories/4355640851-74902593a0652c096c3c3f043017f92b9d608e9d1a4587c2967b68d190aa67cb.webp","Error: asset 404 https://api-staging.newsroll.app/media/stories/4355640851-74902593a0652c096c3c3f043017f92b9d608e9d1a4587c2967b68d190aa67cb.webp"
2073415747,347,"2026-04-02 09:26:46.498+00","general","https://api-staging.newsroll.app/media/stories/2073415747-231faafe5128828903190ce25c637f2fdae211320cff10c6a5e6b6dbc0c03daf.webp","Error: asset 404 https://api-staging.newsroll.app/media/stories/2073415747-231faafe5128828903190ce25c637f2fdae211320cff10c6a5e6b6dbc0c03daf.webp"
1133018561,346,"2026-04-02 09:26:40.122+00","general","https://api-staging.newsroll.app/media/stories/1133018561-a7585250175f5f3b003c16fe4896b2fbe82c0022c7b404ae4b56a324b0967921.webp","Error: asset 404 https://api-staging.newsroll.app/media/stories/1133018561-a7585250175f5f3b003c16fe4896b2fbe82c0022c7b404ae4b56a324b0967921.webp"
3260641137,345,"2026-04-02 09:26:37.561+00","general","https://api-staging.newsroll.app/media/stories/3260641137-95404de8cbfcc716ee82496eb87bd4bc0dd558c6c8e170fcd7d592b89ddd0138.webp","Error: asset 404 https://api-staging.newsroll.app/media/stories/3260641137-95404de8cbfcc716ee82496eb87bd4bc0dd558c6c8e170fcd7d592b89ddd0138.webp"
4667825898,344,"2026-04-02 09:26:33.195+00","general","https://api-staging.newsroll.app/media/stories/4667825898-0ca9c2cf5b51a9ce02e3caf101b0148f0197552fc611c44d7e080747c79e7deb.webp","Error: asset 404 https://api-staging.newsroll.app/media/stories/4667825898-0ca9c2cf5b51a9ce02e3caf101b0148f0197552fc611c44d7e080747c79e7deb.webp"
2025427723,343,"2026-04-02 09:26:29.633+00","general","https://api-staging.newsroll.app/media/stories/2025427723-9b08c5351ab53ffae3c0aa45ac5c88a8041543d18ad721abd192b655aed80d71.webp","Error: asset 404 https://api-staging.newsroll.app/media/stories/2025427723-9b08c5351ab53ffae3c0aa45ac5c88a8041543d18ad721abd192b655aed80d71.webp"
2024553240,342,"2026-04-02 09:26:26.266+00","general","https://api-staging.newsroll.app/media/stories/2024553240-eb107c101a28a281a613a590793d9e4852cb70608d2897f6c8a46a0514e89b83.webp","Error: asset 404 https://api-staging.newsroll.app/media/stories/2024553240-eb107c101a28a281a613a590793d9e4852cb70608d2897f6c8a46a0514e89b83.webp"
2020926092,341,"2026-04-02 09:26:07.973+00","general","https://api-staging.newsroll.app/media/stories/2020926092-2316f98c84207dad593e44c387c152851f64a3b6e11684e57fcccf6771fe4c68.webp","Error: asset 404 https://api-staging.newsroll.app/media/stories/2020926092-2316f98c84207dad593e44c387c152851f64a3b6e11684e57fcccf6771fe4c68.webp"
4127361353,340,"2026-04-02 09:26:00.891+00","general","https://api-staging.newsroll.app/media/stories/4127361353-65544ab62e7b49871a8ade447f50d2448741302484e985a4db01e233f0be7e04.webp","Error: asset 404 https://api-staging.newsroll.app/media/stories/4127361353-65544ab62e7b49871a8ade447f50d2448741302484e985a4db01e233f0be7e04.webp"
2266770170,339,"2026-04-02 09:25:52.191+00","general","https://api-staging.newsroll.app/media/stories/2266770170-a679fb94fd6ba8b01d40982562b28475ef548927ede668bcaa39ba374c483d69.webp","Error: asset 404 https://api-staging.newsroll.app/media/stories/2266770170-a679fb94fd6ba8b01d40982562b28475ef548927ede668bcaa39ba374c483d69.webp"
2635239162,338,"2026-04-02 09:25:39.958+00","general","https://api-staging.newsroll.app/media/stories/2635239162-4006067ad0c2b8bf4ae8cbc68885e8424a57306248352bd6ed21c9e0080b93bc.webp","Error: asset 404 https://api-staging.newsroll.app/media/stories/2635239162-4006067ad0c2b8bf4ae8cbc68885e8424a57306248352bd6ed21c9e0080b93bc.webp"
2440780858,337,"2026-04-02 09:25:31.29+00","general","https://api-staging.newsroll.app/media/stories/2440780858-1de5debd4c4da37292ffe0ae43590d3b9a78c3cdb218ef76e6e1e92d56da90ad.webp","Error: asset 404 https://api-staging.newsroll.app/media/stories/2440780858-1de5debd4c4da37292ffe0ae43590d3b9a78c3cdb218ef76e6e1e92d56da90ad.webp"
4092097359,336,"2026-04-02 09:22:04.001+00","science","https://api-staging.newsroll.app/media/stories/4092097359-5ed3ca51fad3f2e5bf943a233b18f10689c8806bc07f15b9bf1b868a3f5697d4.webp","Error: asset 404 https://api-staging.newsroll.app/media/stories/4092097359-5ed3ca51fad3f2e5bf943a233b18f10689c8806bc07f15b9bf1b868a3f5697d4.webp"
4320921880,335,"2026-04-02 09:22:02.086+00","science","https://api-staging.newsroll.app/media/stories/4320921880-b74464ab3281138bbde66a84769e151bf7df58674da451422a3d32449290d02e.webp","Error: asset 404 https://api-staging.newsroll.app/media/stories/4320921880-b74464ab3281138bbde66a84769e151bf7df58674da451422a3d32449290d02e.webp"
4383079662,334,"2026-04-02 09:21:56.294+00","science","https://api-staging.newsroll.app/media/stories/4383079662-f2d9ea9aff12b5e2062cbebfc27dfea497be4c91d370a8b7baae3fb951a2884d.webp","Error: asset 404 https://api-staging.newsroll.app/media/stories/4383079662-f2d9ea9aff12b5e2062cbebfc27dfea497be4c91d370a8b7baae3fb951a2884d.webp"
3313021248,333,"2026-04-02 09:21:53.425+00","science","https://api-staging.newsroll.app/media/stories/3313021248-d7cf327378147f5386df2549e641083bfc40dadcc8b412347841e157cabbc337.webp","Error: asset 404 https://api-staging.newsroll.app/media/stories/3313021248-d7cf327378147f5386df2549e641083bfc40dadcc8b412347841e157cabbc337.webp"
4668861174,332,"2026-04-02 09:21:53.701+00","entertainment","https://api-staging.newsroll.app/media/stories/4668861174-0aa88b63b8efc9759e8042cd75e1a9ab7fd16e5ebbb2a7bfba8033e3656e95a7.webp","Error: asset 404 https://api-staging.newsroll.app/media/stories/4668861174-0aa88b63b8efc9759e8042cd75e1a9ab7fd16e5ebbb2a7bfba8033e3656e95a7.webp"
1489768949,331,"2026-04-02 09:21:48.273+00","science","https://api-staging.newsroll.app/media/stories/1489768949-8d8c262c7dd957650ae0348a1d1f4239b03cf5ea528c1ce170d5b22007717520.webp","Error: asset 404 https://api-staging.newsroll.app/media/stories/1489768949-8d8c262c7dd957650ae0348a1d1f4239b03cf5ea528c1ce170d5b22007717520.webp"
4197473191,330,"2026-04-02 09:21:45.906+00","business","https://api-staging.newsroll.app/media/stories/4197473191-e797fd69c6cd110d67825185fe07baa5fbc011d3778c26817a91e28eb8ff05eb.webp","Error: asset 404 https://api-staging.newsroll.app/media/stories/4197473191-e797fd69c6cd110d67825185fe07baa5fbc011d3778c26817a91e28eb8ff05eb.webp"
4202303881,329,"2026-04-02 09:21:45.637+00","tech","https://api-staging.newsroll.app/media/stories/4202303881-14e48312251005b8c2c36958332618b0410499b4f14be76d3396e991b063714b.webp","Error: asset 404 https://api-staging.newsroll.app/media/stories/4202303881-14e48312251005b8c2c36958332618b0410499b4f14be76d3396e991b063714b.webp"
1869182482,328,"2026-04-02 09:21:40.755+00","science","https://api-staging.newsroll.app/media/stories/1869182482-7807cf05693f6fb66179dd60842fa421c18c07bb31a4b5138c6a9ddad7909892.webp","Error: asset 404 https://api-staging.newsroll.app/media/stories/1869182482-7807cf05693f6fb66179dd60842fa421c18c07bb31a4b5138c6a9ddad7909892.webp"
2811963674,327,"2026-04-02 09:21:38.581+00","tech","https://api-staging.newsroll.app/media/stories/2811963674-eb9b99ec96686adeb86186216f3cbe3c956001069db8ddf005454d2e476f43bf.webp","Error: asset 404 https://api-staging.newsroll.app/media/stories/2811963674-eb9b99ec96686adeb86186216f3cbe3c956001069db8ddf005454d2e476f43bf.webp"
1205812012,326,"2026-04-02 09:21:33.393+00","science","https://api-staging.newsroll.app/media/stories/1205812012-b1b048ce566f8cdd88f5d33e53b2a8440da8969dbf739764d0f91f916f523d20.webp","Error: asset 404 https://api-staging.newsroll.app/media/stories/1205812012-b1b048ce566f8cdd88f5d33e53b2a8440da8969dbf739764d0f91f916f523d20.webp"
5082755896,325,"2026-04-02 09:21:30.928+00","tech","https://api-staging.newsroll.app/media/stories/5082755896-0fd8ba99d34a8f467d6b4c617fb5a3e661d8a29b343bc0d8185e5eb833e81ce3.webp","Error: asset 404 https://api-staging.newsroll.app/media/stories/5082755896-0fd8ba99d34a8f467d6b4c617fb5a3e661d8a29b343bc0d8185e5eb833e81ce3.webp"
1566864037,324,"2026-04-02 09:21:09.489+00","general","https://api-staging.newsroll.app/media/stories/1566864037-4d158df0dde493919b0acabcb6b695c5847f1063d867d8afd94e045c2054f0a2.webp","Error: asset 404 https://api-staging.newsroll.app/media/stories/1566864037-4d158df0dde493919b0acabcb6b695c5847f1063d867d8afd94e045c2054f0a2.webp"
3306451920,323,"2026-04-02 09:21:02.38+00","general","https://api-staging.newsroll.app/media/stories/3306451920-6ec7dd14b3f0d62271ac75172fa408879cdfaa16f9d287e7033097e48ee36c70.webp","Error: asset 404 https://api-staging.newsroll.app/media/stories/3306451920-6ec7dd14b3f0d62271ac75172fa408879cdfaa16f9d287e7033097e48ee36c70.webp"
2932991114,322,"2026-04-02 09:20:54.744+00","general","https://api-staging.newsroll.app/media/stories/2932991114-7e29e039419b6ac35a3f01f7694b51933af4d32114e975ec297277641c6f43aa.webp","Error: asset 404 https://api-staging.newsroll.app/media/stories/2932991114-7e29e039419b6ac35a3f01f7694b51933af4d32114e975ec297277641c6f43aa.webp"
4355028505,321,"2026-04-02 09:20:46.304+00","general","https://api-staging.newsroll.app/media/stories/4355028505-e2aeb8afb362472ac3670e78c85f1eb513426e382765642cf0722acea81a8d89.webp","Error: asset 404 https://api-staging.newsroll.app/media/stories/4355028505-e2aeb8afb362472ac3670e78c85f1eb513426e382765642cf0722acea81a8d89.webp"
3088904404,320,"2026-04-02 09:20:37.024+00","general","https://api-staging.newsroll.app/media/stories/3088904404-ddaa524983672e88b34815cc542980cf5dc8df00c69523b27aef54322ccccac7.webp","Error: asset 404 https://api-staging.newsroll.app/media/stories/3088904404-ddaa524983672e88b34815cc542980cf5dc8df00c69523b27aef54322ccccac7.webp"
3315000603,319,"2026-04-02 09:15:45.374+00","general","https://api-staging.newsroll.app/media/stories/3315000603-1a2c9f409f82de85bf796190ac6f3fcf96b6d6d03bed88732402cad55dfe53ea.webp","Error: asset 404 https://api-staging.newsroll.app/media/stories/3315000603-1a2c9f409f82de85bf796190ac6f3fcf96b6d6d03bed88732402cad55dfe53ea.webp"
2837500243,318,"2026-04-02 09:15:34.538+00","general","https://api-staging.newsroll.app/media/stories/2837500243-72bcc6023f8f819495fa6073300e8e2b7bd255d4c51bd88a64d5d2357ef6e596.webp","Error: asset 404 https://api-staging.newsroll.app/media/stories/2837500243-72bcc6023f8f819495fa6073300e8e2b7bd255d4c51bd88a64d5d2357ef6e596.webp"
5112927224,317,"2026-04-02 09:03:28.831+00","entertainment","https://api-staging.newsroll.app/media/stories/5112927224-4995d07703dc0a9d6484c4a063683151d45b7c3a37ac8f4ad371fffd8115f938.webp","Error: asset 404 https://api-staging.newsroll.app/media/stories/5112927224-4995d07703dc0a9d6484c4a063683151d45b7c3a37ac8f4ad371fffd8115f938.webp"
1058580938,316,"2026-04-02 09:03:19.694+00","entertainment","https://api-staging.newsroll.app/media/stories/1058580938-7f0c753ee8179e9a4d12b45cd8b7b761b31d2255dab9fb19ed675142f5299990.webp","Error: asset 404 https://api-staging.newsroll.app/media/stories/1058580938-7f0c753ee8179e9a4d12b45cd8b7b761b31d2255dab9fb19ed675142f5299990.webp"
5058082315,315,"2026-04-02 09:03:18.247+00","entertainment","https://api-staging.newsroll.app/media/stories/5058082315-ec5408085a970f8397e0fa8becbaf8b04bb0819cbe47fdfcf56de0feb2394849.webp","Error: asset 404 https://api-staging.newsroll.app/media/stories/5058082315-ec5408085a970f8397e0fa8becbaf8b04bb0819cbe47fdfcf56de0feb2394849.webp"
3177635797,314,"2026-04-02 09:03:18.919+00","entertainment","https://api-staging.newsroll.app/media/stories/3177635797-509bf749e7fa446709d952cdd60ed1c64faeb0b827bcf80001bacc927e962a14.webp","Error: asset 404 https://api-staging.newsroll.app/media/stories/3177635797-509bf749e7fa446709d952cdd60ed1c64faeb0b827bcf80001bacc927e962a14.webp"
4628507663,313,"2026-04-02 09:03:08.061+00","entertainment","https://api-staging.newsroll.app/media/stories/4628507663-f4b294eac4dd08911064a9c3257f1b07a076eb07119fa55ee6142f2970d73553.webp","Error: asset 404 https://api-staging.newsroll.app/media/stories/4628507663-f4b294eac4dd08911064a9c3257f1b07a076eb07119fa55ee6142f2970d73553.webp"
4906655434,312,"2026-04-02 09:03:11.783+00","entertainment","https://api-staging.newsroll.app/media/stories/4906655434-297a2d93b7b6d4ba4418b4e46c5e7e87dae51ae91c030e79b8aff755c9ffd9be.webp","Error: asset 404 https://api-staging.newsroll.app/media/stories/4906655434-297a2d93b7b6d4ba4418b4e46c5e7e87dae51ae91c030e79b8aff755c9ffd9be.webp"
4882309015,311,"2026-04-02 09:03:12.589+00","entertainment","https://api-staging.newsroll.app/media/stories/4882309015-c824cebe62b5e853687bc3339586fcd92475b774c0f37df47540585ced36f64b.webp","Error: asset 404 https://api-staging.newsroll.app/media/stories/4882309015-c824cebe62b5e853687bc3339586fcd92475b774c0f37df47540585ced36f64b.webp"
3820539741,310,"2026-04-02 09:03:10.732+00","entertainment","https://api-staging.newsroll.app/media/stories/3820539741-8c1d5c252cd3d55a30db2bcc7afbd01026f78912b8d54a18b2a6aa22fcaf6200.webp","Error: asset 404 https://api-staging.newsroll.app/media/stories/3820539741-8c1d5c252cd3d55a30db2bcc7afbd01026f78912b8d54a18b2a6aa22fcaf6200.webp"
4556109308,309,"2026-04-02 09:03:04.655+00","entertainment","https://api-staging.newsroll.app/media/stories/4556109308-14a31a20bc0579a6db2e1edbb9cf52a2d5ec753ae8f59495ca42e5065d2bc7f4.webp","Error: asset 404 https://api-staging.newsroll.app/media/stories/4556109308-14a31a20bc0579a6db2e1edbb9cf52a2d5ec753ae8f59495ca42e5065d2bc7f4.webp"
2032952747,308,"2026-04-02 09:03:03.136+00","entertainment","https://api-staging.newsroll.app/media/stories/2032952747-ce75564eed91894464ce0794adb0721f3c09df914e7059fd80f9e4e95ae5a4bd.webp","Error: asset 404 https://api-staging.newsroll.app/media/stories/2032952747-ce75564eed91894464ce0794adb0721f3c09df914e7059fd80f9e4e95ae5a4bd.webp"
1170027535,307,"2026-04-02 09:03:02.684+00","entertainment","https://api-staging.newsroll.app/media/stories/1170027535-bc283761f53dfd21168b0975240a6d5c120af2a8f6346b5b93fdcab15430f8c4.webp","Error: asset 404 https://api-staging.newsroll.app/media/stories/1170027535-bc283761f53dfd21168b0975240a6d5c120af2a8f6346b5b93fdcab15430f8c4.webp"
1724037959,306,"2026-04-02 09:03:01.371+00","entertainment","https://api-staging.newsroll.app/media/stories/1724037959-46b4662dc444a1ae461cace50add258fa65251afa882762b16ec90066fd59ac2.webp","Error: asset 404 https://api-staging.newsroll.app/media/stories/1724037959-46b4662dc444a1ae461cace50add258fa65251afa882762b16ec90066fd59ac2.webp"
2925637968,305,"2026-04-02 09:02:56.343+00","entertainment","https://api-staging.newsroll.app/media/stories/2925637968-21978409cfb24e831ee9f20d8bb7cc32ae36536e33f677c289d402fc55d736f0.webp","Error: asset 404 https://api-staging.newsroll.app/media/stories/2925637968-21978409cfb24e831ee9f20d8bb7cc32ae36536e33f677c289d402fc55d736f0.webp"
4705671506,304,"2026-04-02 09:02:55.782+00","entertainment","https://api-staging.newsroll.app/media/stories/4705671506-afb7ba44e51a09bc41b2c9da0c6b0a99f762d9d7379e45a3318768a65cd65fbc.webp","Error: asset 404 https://api-staging.newsroll.app/media/stories/4705671506-afb7ba44e51a09bc41b2c9da0c6b0a99f762d9d7379e45a3318768a65cd65fbc.webp"
3465707411,303,"2026-04-02 09:02:53.264+00","business","https://api-staging.newsroll.app/media/stories/3465707411-59c438f45b9b455e7dec8aca1bb4b8adc1c64440be1bfa5f15acdd8fae5a0da5.webp","Error: asset 404 https://api-staging.newsroll.app/media/stories/3465707411-59c438f45b9b455e7dec8aca1bb4b8adc1c64440be1bfa5f15acdd8fae5a0da5.webp"
4674486938,302,"2026-04-02 09:02:52.746+00","business","https://api-staging.newsroll.app/media/stories/4674486938-9a418d940c9eb91d0c2faa2f4ed0255a5b6722a0d5aac653ec1dc859c7243c78.webp","Error: asset 404 https://api-staging.newsroll.app/media/stories/4674486938-9a418d940c9eb91d0c2faa2f4ed0255a5b6722a0d5aac653ec1dc859c7243c78.webp"
1731581385,301,"2026-04-02 09:02:48.494+00","entertainment","https://api-staging.newsroll.app/media/stories/1731581385-99035293b1819cc6b24c76d70f6e0e5d872d88606e1b082411cdfa0713eb745c.webp","Error: asset 404 https://api-staging.newsroll.app/media/stories/1731581385-99035293b1819cc6b24c76d70f6e0e5d872d88606e1b082411cdfa0713eb745c.webp"
1346327337,300,"2026-04-02 09:02:46.943+00","business","https://api-staging.newsroll.app/media/stories/1346327337-95c0c9d29b729c635308d3ee04e43f827f09eee932eb1a42f6efc550c7d0f675.webp","Error: asset 404 https://api-staging.newsroll.app/media/stories/1346327337-95c0c9d29b729c635308d3ee04e43f827f09eee932eb1a42f6efc550c7d0f675.webp"
1617675469,299,"2026-04-02 09:02:45.343+00","business","https://api-staging.newsroll.app/media/stories/1617675469-aeb2e5f056611646a9feda6446c8a1751a602e782a75a52813affc035cc5e955.webp","Error: asset 404 https://api-staging.newsroll.app/media/stories/1617675469-aeb2e5f056611646a9feda6446c8a1751a602e782a75a52813affc035cc5e955.webp"
4004623009,298,"2026-04-02 09:02:07.807+00","general","https://api-staging.newsroll.app/media/stories/4004623009-568d712b0f5d480126a29e59364ec7c4bbd1260516ca9c220d35ad673a79082a.webp","Error: asset 404 https://api-staging.newsroll.app/media/stories/4004623009-568d712b0f5d480126a29e59364ec7c4bbd1260516ca9c220d35ad673a79082a.webp"
1532707913,297,"2026-04-02 09:02:40.094+00","business","https://api-staging.newsroll.app/media/stories/1532707913-925d8edc3d4503b3c3c95940896eee16837e8a0add4e00069c78c17f8fc56a49.webp","Error: asset 404 https://api-staging.newsroll.app/media/stories/1532707913-925d8edc3d4503b3c3c95940896eee16837e8a0add4e00069c78c17f8fc56a49.webp"
2111281233,296,"2026-04-02 09:02:38.735+00","business","https://api-staging.newsroll.app/media/stories/2111281233-795d926009379bc5c85f946785de54d470de51ed1323f4312e50d5a70cbe1b9c.webp","Error: asset 404 https://api-staging.newsroll.app/media/stories/2111281233-795d926009379bc5c85f946785de54d470de51ed1323f4312e50d5a70cbe1b9c.webp"
4361427112,295,"2026-04-02 09:02:36.468+00","business","https://api-staging.newsroll.app/media/stories/4361427112-915f6853c222ac4e5ae48941de7919f26b54115c789080e8d7f8377fd0672cdf.webp","Error: asset 404 https://api-staging.newsroll.app/media/stories/4361427112-915f6853c222ac4e5ae48941de7919f26b54115c789080e8d7f8377fd0672cdf.webp"
3299593393,294,"2026-04-02 09:02:31.491+00","business","https://api-staging.newsroll.app/media/stories/3299593393-f517dbb63b7744e0395fc9888ad1630954cc3ec5c1cc99cccad54b82c67051d7.webp","Error: asset 404 https://api-staging.newsroll.app/media/stories/3299593393-f517dbb63b7744e0395fc9888ad1630954cc3ec5c1cc99cccad54b82c67051d7.webp"
2857171042,293,"2026-04-02 09:02:32.029+00","business","https://api-staging.newsroll.app/media/stories/2857171042-45870926f113c5bcbf7cce637f4abf6a6e8f600501f50fa9f8ede38841541b03.webp","Error: asset 404 https://api-staging.newsroll.app/media/stories/2857171042-45870926f113c5bcbf7cce637f4abf6a6e8f600501f50fa9f8ede38841541b03.webp"
4729105851,292,"2026-04-02 09:02:29.678+00","business","https://api-staging.newsroll.app/media/stories/4729105851-82f7874de67ae895af1b09afa86c09910204b97e6558705d8982f2bbd57e1edf.webp","Error: asset 404 https://api-staging.newsroll.app/media/stories/4729105851-82f7874de67ae895af1b09afa86c09910204b97e6558705d8982f2bbd57e1edf.webp"
4086144654,291,"2026-04-02 09:02:24.288+00","business","https://api-staging.newsroll.app/media/stories/4086144654-c4b6f8671789d5c4ff7ab1c3398b42be78cd0478595c90ed28d9956d392abc18.webp","Error: asset 404 https://api-staging.newsroll.app/media/stories/4086144654-c4b6f8671789d5c4ff7ab1c3398b42be78cd0478595c90ed28d9956d392abc18.webp"
4555658634,290,"2026-04-02 09:02:22.316+00","business","https://api-staging.newsroll.app/media/stories/4555658634-53e54ea236ae2f943604e5f31d28b398ca75a258e0c30c673e6007f2ca45d55f.webp","Error: asset 404 https://api-staging.newsroll.app/media/stories/4555658634-53e54ea236ae2f943604e5f31d28b398ca75a258e0c30c673e6007f2ca45d55f.webp"
2902336331,289,"2026-04-02 09:02:14.398+00","tech","https://api-staging.newsroll.app/media/stories/2902336331-86136a82f8cf914bce85bdac26d0eb1772b6b6152101c2009b0181364df914bf.webp","Error: asset 404 https://api-staging.newsroll.app/media/stories/2902336331-86136a82f8cf914bce85bdac26d0eb1772b6b6152101c2009b0181364df914bf.webp"
2249274233,288,"2026-04-02 09:02:07.281+00","tech","https://api-staging.newsroll.app/media/stories/2249274233-55c55cf1c600ee517fdf6dc6cf3f0843986b1ff3825888d269be41bdf4d39e7e.webp","Error: asset 404 https://api-staging.newsroll.app/media/stories/2249274233-55c55cf1c600ee517fdf6dc6cf3f0843986b1ff3825888d269be41bdf4d39e7e.webp"
4558720400,287,"2026-04-02 09:02:04.302+00","general","https://api-staging.newsroll.app/media/stories/4558720400-a3cf2bdd107157adf6311ed899041d32fa61beeb4548ec150bb07a6b906641cd.webp","Error: asset 404 https://api-staging.newsroll.app/media/stories/4558720400-a3cf2bdd107157adf6311ed899041d32fa61beeb4548ec150bb07a6b906641cd.webp"
4896534317,286,"2026-04-02 09:02:00.74+00","general","https://api-staging.newsroll.app/media/stories/4896534317-8386524813f80cc7f5d08edea8f4f14f901c36a2770d2ad51af69fce058f0a80.webp","Error: asset 404 https://api-staging.newsroll.app/media/stories/4896534317-8386524813f80cc7f5d08edea8f4f14f901c36a2770d2ad51af69fce058f0a80.webp"
1262282316,285,"2026-04-02 09:02:00.743+00","tech","https://api-staging.newsroll.app/media/stories/1262282316-57a4238d9e8aedcafd1ade2a1b2cc3c1937e29326686a2c22773363564d68e42.webp","Error: asset 404 https://api-staging.newsroll.app/media/stories/1262282316-57a4238d9e8aedcafd1ade2a1b2cc3c1937e29326686a2c22773363564d68e42.webp"
1374794007,284,"2026-04-02 09:01:56.386+00","general","https://api-staging.newsroll.app/media/stories/1374794007-54a8954c324f48400831dffea2575cf17c1da01f15b5912678391be42d5ca5c8.webp","Error: asset 404 https://api-staging.newsroll.app/media/stories/1374794007-54a8954c324f48400831dffea2575cf17c1da01f15b5912678391be42d5ca5c8.webp"
3511857700,283,"2026-04-02 09:01:51.092+00","general","https://api-staging.newsroll.app/media/stories/3511857700-3c7041811fcf5669240749205fca7aeeee7cafeb77287ab7ecbcf56761346386.webp","Error: asset 404 https://api-staging.newsroll.app/media/stories/3511857700-3c7041811fcf5669240749205fca7aeeee7cafeb77287ab7ecbcf56761346386.webp"
2276165529,282,"2026-04-02 09:01:52.844+00","tech","https://api-staging.newsroll.app/media/stories/2276165529-db4059366ca8cc2d7bc1806fe53626bb9cbc80cb2f093c37d611ead12717fe06.webp","Error: asset 404 https://api-staging.newsroll.app/media/stories/2276165529-db4059366ca8cc2d7bc1806fe53626bb9cbc80cb2f093c37d611ead12717fe06.webp"
4040344422,281,"2026-04-02 09:01:49.535+00","general","https://api-staging.newsroll.app/media/stories/4040344422-ae271a61314571e7b9954e059e65567fe7463b58642cb32ac55421d2b384b6d3.webp","Error: asset 404 https://api-staging.newsroll.app/media/stories/4040344422-ae271a61314571e7b9954e059e65567fe7463b58642cb32ac55421d2b384b6d3.webp"
2767231763,280,"2026-04-02 09:01:46.374+00","tech","https://api-staging.newsroll.app/media/stories/2767231763-d6286a7ca31117474fc4fd3e6a708d90c00e4d03900db2f6604fcf231518bc83.webp","Error: asset 404 https://api-staging.newsroll.app/media/stories/2767231763-d6286a7ca31117474fc4fd3e6a708d90c00e4d03900db2f6604fcf231518bc83.webp"
1957055552,279,"2026-04-02 09:01:43.362+00","general","https://api-staging.newsroll.app/media/stories/1957055552-77d0e14c7702fbbb29e53ce655c8dbe574c55aa691a13f9acf1ffa9592774eb0.webp","Error: asset 404 https://api-staging.newsroll.app/media/stories/1957055552-77d0e14c7702fbbb29e53ce655c8dbe574c55aa691a13f9acf1ffa9592774eb0.webp"
3724085701,278,"2026-04-02 09:01:42.076+00","general","https://api-staging.newsroll.app/media/stories/3724085701-f8e891eb27d65c026abeb9e648a231580691f6c3f24425214a71b109ab21ab78.webp","Error: asset 404 https://api-staging.newsroll.app/media/stories/3724085701-f8e891eb27d65c026abeb9e648a231580691f6c3f24425214a71b109ab21ab78.webp"
1291520671,277,"2026-04-02 09:01:33.077+00","general","https://api-staging.newsroll.app/media/stories/1291520671-0d7016025b73965cf366f08c25f396f5e5a23253b5ce80c0f3e63d7e8c003548.webp","Error: asset 404 https://api-staging.newsroll.app/media/stories/1291520671-0d7016025b73965cf366f08c25f396f5e5a23253b5ce80c0f3e63d7e8c003548.webp"
2402704085,276,"2026-04-02 09:01:29.26+00","general","https://api-staging.newsroll.app/media/stories/2402704085-23846d275dfc8a565680b793bfe1b57169f31f945bf8d7b85b14aecfbe26a79f.webp","Error: asset 404 https://api-staging.newsroll.app/media/stories/2402704085-23846d275dfc8a565680b793bfe1b57169f31f945bf8d7b85b14aecfbe26a79f.webp"
1869733428,275,"2026-04-02 09:01:09.141+00","general","https://api-staging.newsroll.app/media/stories/1869733428-c74631a844b2d86ab68f88cf5750d76301dca46cc08984fe18cf9dd04b4ed749.webp","Error: asset 404 https://api-staging.newsroll.app/media/stories/1869733428-c74631a844b2d86ab68f88cf5750d76301dca46cc08984fe18cf9dd04b4ed749.webp"
1657184461,274,"2026-04-02 09:01:02.379+00","general","https://api-staging.newsroll.app/media/stories/1657184461-f3b700d5fdb7d963222dac30b08587e405736b9acabfb72b0e0ac47500298d92.webp","Error: asset 404 https://api-staging.newsroll.app/media/stories/1657184461-f3b700d5fdb7d963222dac30b08587e405736b9acabfb72b0e0ac47500298d92.webp"
1338962268,273,"2026-04-02 09:00:52.793+00","general","https://api-staging.newsroll.app/media/stories/1338962268-f64fa3edfe01aba322bb71374957a8f0e30d67db2b5d6643d6bf02383803d591.webp","Error: asset 404 https://api-staging.newsroll.app/media/stories/1338962268-f64fa3edfe01aba322bb71374957a8f0e30d67db2b5d6643d6bf02383803d591.webp"
4230036063,272,"2026-04-02 09:00:45.274+00","general","https://api-staging.newsroll.app/media/stories/4230036063-38d096de007e80b7a4d2edcaf4be6c3a12cfa351d17e40269af32a4100ac934d.webp","Error: asset 404 https://api-staging.newsroll.app/media/stories/4230036063-38d096de007e80b7a4d2edcaf4be6c3a12cfa351d17e40269af32a4100ac934d.webp"
3511903410,271,"2026-04-02 09:00:29.273+00","general","https://api-staging.newsroll.app/media/stories/3511903410-f48459d981dc69500b0b25d129050240c5eea0eb338e24922fdf4159eea172fb.webp","Error: asset 404 https://api-staging.newsroll.app/media/stories/3511903410-f48459d981dc69500b0b25d129050240c5eea0eb338e24922fdf4159eea172fb.webp"
3719607601,270,"2026-04-02 08:57:10.596+00","general","https://api-staging.newsroll.app/media/stories/3719607601-f1797e4eda4a3838a45102499db7c9c9a62ea73fe6322eeb1de11605f5574415.webp","Error: asset 404 https://api-staging.newsroll.app/media/stories/3719607601-f1797e4eda4a3838a45102499db7c9c9a62ea73fe6322eeb1de11605f5574415.webp"
3489613942,269,"2026-04-02 08:56:57.062+00","general","https://api-staging.newsroll.app/media/stories/3489613942-77abe6f4715139fffb6acc22267b8ea6852a8b608ea8abe5d794595eaf7a91b4.webp","Error: asset 404 https://api-staging.newsroll.app/media/stories/3489613942-77abe6f4715139fffb6acc22267b8ea6852a8b608ea8abe5d794595eaf7a91b4.webp"
4603694976,268,"2026-04-02 08:56:48.301+00","general","https://api-staging.newsroll.app/media/stories/4603694976-843686296a5d2068d7f514eabcbe86f13062d8e346d09278bfcb6a26e618d2d9.webp","Error: asset 404 https://api-staging.newsroll.app/media/stories/4603694976-843686296a5d2068d7f514eabcbe86f13062d8e346d09278bfcb6a26e618d2d9.webp"
1411849523,267,"2026-04-02 08:56:39.449+00","general","https://api-staging.newsroll.app/media/stories/1411849523-b0321be51b3c4041f62ee83ccb64474ab5bc4188a2eb9e4781378e59f2f96be9.webp","Error: asset 404 https://api-staging.newsroll.app/media/stories/1411849523-b0321be51b3c4041f62ee83ccb64474ab5bc4188a2eb9e4781378e59f2f96be9.webp"
3489332653,266,"2026-04-02 08:56:30.45+00","general","https://api-staging.newsroll.app/media/stories/3489332653-ff787d2c79c4bdb533cb1ea6d58c6ac3eea2d9643b302d22bef42c86d15faed9.webp","Error: asset 404 https://api-staging.newsroll.app/media/stories/3489332653-ff787d2c79c4bdb533cb1ea6d58c6ac3eea2d9643b302d22bef42c86d15faed9.webp"
3957307598,265,"2026-04-02 08:56:08.648+00","general","https://api-staging.newsroll.app/media/stories/3957307598-ab866024f92755c0f8d0e22fb3f1189f88111ec82bf6542b55c9a3a4b92fea5d.webp","Error: asset 404 https://api-staging.newsroll.app/media/stories/3957307598-ab866024f92755c0f8d0e22fb3f1189f88111ec82bf6542b55c9a3a4b92fea5d.webp"
4246833461,264,"2026-04-02 08:56:00.847+00","general","https://api-staging.newsroll.app/media/stories/4246833461-1bf10c6400906ef0028c6494fdec3c2a0fb362d8be1d1d2321a5bf55ee85754e.webp","Error: asset 404 https://api-staging.newsroll.app/media/stories/4246833461-1bf10c6400906ef0028c6494fdec3c2a0fb362d8be1d1d2321a5bf55ee85754e.webp"
1307237240,263,"2026-04-02 08:55:51.944+00","general","https://api-staging.newsroll.app/media/stories/1307237240-2df96ed91276cbd052320a9614de5f32781b07bebfd04910e70afc83125db505.webp","Error: asset 404 https://api-staging.newsroll.app/media/stories/1307237240-2df96ed91276cbd052320a9614de5f32781b07bebfd04910e70afc83125db505.webp"
3677601620,262,"2026-04-02 08:55:42.606+00","general","https://api-staging.newsroll.app/media/stories/3677601620-77218645d0285b66ee792f70878fc882b493457b5a1654993339add9ade57316.webp","Error: asset 404 https://api-staging.newsroll.app/media/stories/3677601620-77218645d0285b66ee792f70878fc882b493457b5a1654993339add9ade57316.webp"
5262271858,261,"2026-04-02 08:55:28.898+00","general","https://api-staging.newsroll.app/media/stories/5262271858-9f1e210bb90d478a7421d5f43dde654cb2529f3f70f5e81e07212b12d921317a.webp","Error: asset 404 https://api-staging.newsroll.app/media/stories/5262271858-9f1e210bb90d478a7421d5f43dde654cb2529f3f70f5e81e07212b12d921317a.webp"
5220441191,260,"2026-04-02 08:51:27.135+00","tech","https://api-staging.newsroll.app/media/stories/5220441191-f4f8aee0f9d276c621111a82ffdbdcabe30425f029e30d4c8ae68f0c00b7813f.webp","Error: asset 404 https://api-staging.newsroll.app/media/stories/5220441191-f4f8aee0f9d276c621111a82ffdbdcabe30425f029e30d4c8ae68f0c00b7813f.webp"
2382420278,259,"2026-04-02 08:51:19.39+00","tech","https://api-staging.newsroll.app/media/stories/2382420278-a3d6e891df5eac95def1333679c092b368fcfc2b50a3de2a41825464e6de8ff0.webp","Error: asset 404 https://api-staging.newsroll.app/media/stories/2382420278-a3d6e891df5eac95def1333679c092b368fcfc2b50a3de2a41825464e6de8ff0.webp"
2201207918,258,"2026-04-02 08:51:12.255+00","tech","https://api-staging.newsroll.app/media/stories/2201207918-0012ed83ed1203fbcdea4b57fc4918533f84ef90172026d72c7a808ea1a709cf.webp","Error: asset 404 https://api-staging.newsroll.app/media/stories/2201207918-0012ed83ed1203fbcdea4b57fc4918533f84ef90172026d72c7a808ea1a709cf.webp"
2312890686,257,"2026-04-02 08:51:05.099+00","tech","https://api-staging.newsroll.app/media/stories/2312890686-87639fec798988724edf9dafed6b8c378d506b86964e93c82e8a43aa854e4384.webp","Error: asset 404 https://api-staging.newsroll.app/media/stories/2312890686-87639fec798988724edf9dafed6b8c378d506b86964e93c82e8a43aa854e4384.webp"
3884113023,256,"2026-04-02 08:50:57.891+00","tech","https://api-staging.newsroll.app/media/stories/3884113023-750345b7bf2d815cc2bbf5102f963c8f2620af79ab72b7d444760525ddac3e7d.webp","Error: asset 404 https://api-staging.newsroll.app/media/stories/3884113023-750345b7bf2d815cc2bbf5102f963c8f2620af79ab72b7d444760525ddac3e7d.webp"
1736134417,255,"2026-04-02 08:50:50.877+00","tech","https://api-staging.newsroll.app/media/stories/1736134417-36956ff9cf0285dde02d830acc8191343d2e1bba7c9480c3bd68ff5a6eacb095.webp","Error: asset 404 https://api-staging.newsroll.app/media/stories/1736134417-36956ff9cf0285dde02d830acc8191343d2e1bba7c9480c3bd68ff5a6eacb095.webp"
2663030481,254,"2026-04-02 08:50:43.656+00","tech","https://api-staging.newsroll.app/media/stories/2663030481-e58dd9d1b7286174185bdf36e646816821c8e3aa8c7b633e2ccedb7ace4a97d6.webp","Error: asset 404 https://api-staging.newsroll.app/media/stories/2663030481-e58dd9d1b7286174185bdf36e646816821c8e3aa8c7b633e2ccedb7ace4a97d6.webp"
4891640793,253,"2026-04-02 08:50:36.76+00","tech","https://api-staging.newsroll.app/media/stories/4891640793-ac7481e8e7c2dfc977874abf80d0b6d1b4c096d92581c0758a05fb35e49b32a0.webp","Error: asset 404 https://api-staging.newsroll.app/media/stories/4891640793-ac7481e8e7c2dfc977874abf80d0b6d1b4c096d92581c0758a05fb35e49b32a0.webp"
4063956977,252,"2026-04-02 08:50:29.201+00","tech","https://api-staging.newsroll.app/media/stories/4063956977-7f40a67ef62f68d5f1f542150894cddbc188c2229a5e1cac84f298b1341fed21.webp","Error: asset 404 https://api-staging.newsroll.app/media/stories/4063956977-7f40a67ef62f68d5f1f542150894cddbc188c2229a5e1cac84f298b1341fed21.webp"
4775371391,251,"2026-04-02 08:46:52.035+00","business","https://api-staging.newsroll.app/media/stories/4775371391-2b2fc0f7e514545998e09e5ca868c18f4558a6dec3359577c4f71a8ada2ed7c3.webp","Error: asset 404 https://api-staging.newsroll.app/media/stories/4775371391-2b2fc0f7e514545998e09e5ca868c18f4558a6dec3359577c4f71a8ada2ed7c3.webp"
3540571994,250,"2026-04-02 08:46:44.812+00","tech","https://api-staging.newsroll.app/media/stories/3540571994-5afd1d0bce325e102d6d575af426a2ffbb04064d9c3286e7c63490573ed852ef.webp","Error: asset 404 https://api-staging.newsroll.app/media/stories/3540571994-5afd1d0bce325e102d6d575af426a2ffbb04064d9c3286e7c63490573ed852ef.webp"
2406463211,249,"2026-04-02 08:46:36.936+00","tech","https://api-staging.newsroll.app/media/stories/2406463211-7a490c564b481ec276fd6d860242601787e4100ef2fee4ffe44c0e6ae526d50c.webp","Error: asset 404 https://api-staging.newsroll.app/media/stories/2406463211-7a490c564b481ec276fd6d860242601787e4100ef2fee4ffe44c0e6ae526d50c.webp"
2231874554,248,"2026-04-02 08:46:31.592+00","business","https://api-staging.newsroll.app/media/stories/2231874554-64aeee7aedc83bd8672ff8a2ede222ea4ab503b05f4975aca3096b24003b9457.webp","Error: asset 404 https://api-staging.newsroll.app/media/stories/2231874554-64aeee7aedc83bd8672ff8a2ede222ea4ab503b05f4975aca3096b24003b9457.webp"
1145846600,247,"2026-04-02 08:46:29.76+00","tech","https://api-staging.newsroll.app/media/stories/1145846600-af93bfcbc70d64e29e3360922585d9f096f758c664361c76c81c4c5a2bf1ae6e.webp","Error: asset 404 https://api-staging.newsroll.app/media/stories/1145846600-af93bfcbc70d64e29e3360922585d9f096f758c664361c76c81c4c5a2bf1ae6e.webp"
2317876792,246,"2026-04-02 08:46:22.597+00","tech","https://api-staging.newsroll.app/media/stories/2317876792-4e52c068613d37e69efc996fc54bcada6fff070c5ea45b2761a8b9fcce3f2ef2.webp","Error: asset 404 https://api-staging.newsroll.app/media/stories/2317876792-4e52c068613d37e69efc996fc54bcada6fff070c5ea45b2761a8b9fcce3f2ef2.webp"
2033597805,245,"2026-04-02 08:46:03.835+00","tech","https://api-staging.newsroll.app/media/stories/2033597805-db9630f4f1e1f64d0c858a93d99a248bfcd5ec65f56e2761cc8df12fd2707d18.webp","Error: asset 404 https://api-staging.newsroll.app/media/stories/2033597805-db9630f4f1e1f64d0c858a93d99a248bfcd5ec65f56e2761cc8df12fd2707d18.webp"
1233523137,244,"2026-04-02 08:45:56.656+00","tech","https://api-staging.newsroll.app/media/stories/1233523137-acdb072d5eb5e4a0e906085bef1a02136c7e3dbe3df0e8d231aed08009554e4c.webp","Error: asset 404 https://api-staging.newsroll.app/media/stories/1233523137-acdb072d5eb5e4a0e906085bef1a02136c7e3dbe3df0e8d231aed08009554e4c.webp"
1501887772,243,"2026-04-02 08:45:49.696+00","tech","https://api-staging.newsroll.app/media/stories/1501887772-67ff91e95bb5c5a517cb24c868d2925dc6bf6534d5f582696196329a46d4037b.webp","Error: asset 404 https://api-staging.newsroll.app/media/stories/1501887772-67ff91e95bb5c5a517cb24c868d2925dc6bf6534d5f582696196329a46d4037b.webp"
1832650814,242,"2026-04-02 08:45:41.173+00","tech","https://api-staging.newsroll.app/media/stories/1832650814-5532bea12ade5336bf083ef4d1537c1197b4e3b191f64164d896aa3bf96e02be.webp","Error: asset 404 https://api-staging.newsroll.app/media/stories/1832650814-5532bea12ade5336bf083ef4d1537c1197b4e3b191f64164d896aa3bf96e02be.webp"
3026139755,241,"2026-04-02 08:45:32.62+00","tech","https://api-staging.newsroll.app/media/stories/3026139755-dd7191bc07c6cc952bc4f1ce745de385d513989bbdbcb4716a45b848ae2da7ca.webp","Error: asset 404 https://api-staging.newsroll.app/media/stories/3026139755-dd7191bc07c6cc952bc4f1ce745de385d513989bbdbcb4716a45b848ae2da7ca.webp"
1921122780,240,"2026-04-02 08:41:56.356+00","general","https://api-staging.newsroll.app/media/stories/1921122780-ac8295647c5ac0d92e37de5cbfdb760e95058778e1b72d0efc9006b62e43eac6.webp","Error: asset 404 https://api-staging.newsroll.app/media/stories/1921122780-ac8295647c5ac0d92e37de5cbfdb760e95058778e1b72d0efc9006b62e43eac6.webp"
2828819679,239,"2026-04-02 08:41:49.178+00","general","https://api-staging.newsroll.app/media/stories/2828819679-22c7b9c043515a7f5dae19cf4aa23f72808785311690922a0c3d992ad334ca06.webp","Error: asset 404 https://api-staging.newsroll.app/media/stories/2828819679-22c7b9c043515a7f5dae19cf4aa23f72808785311690922a0c3d992ad334ca06.webp"
3822876305,238,"2026-04-02 08:41:41.939+00","general","https://api-staging.newsroll.app/media/stories/3822876305-5d7dec7afab77dac7febbeeb3ca1ffb8278bcd93fa125e90eb3f5f4f5f0598d5.webp","Error: asset 404 https://api-staging.newsroll.app/media/stories/3822876305-5d7dec7afab77dac7febbeeb3ca1ffb8278bcd93fa125e90eb3f5f4f5f0598d5.webp"
1906972701,237,"2026-04-02 08:41:33.557+00","general","https://api-staging.newsroll.app/media/stories/1906972701-e95269733ff532affe730d3e6355310883347178f6f5848027378ba19b996147.webp","Error: asset 404 https://api-staging.newsroll.app/media/stories/1906972701-e95269733ff532affe730d3e6355310883347178f6f5848027378ba19b996147.webp"
2872450700,236,"2026-04-02 08:41:25.515+00","general","https://api-staging.newsroll.app/media/stories/2872450700-a022baa0105edca0532c793a9b6190e71ff63f29fb061fc020f3e9aeef92b0d6.webp","Error: asset 404 https://api-staging.newsroll.app/media/stories/2872450700-a022baa0105edca0532c793a9b6190e71ff63f29fb061fc020f3e9aeef92b0d6.webp"
5170038153,235,"2026-04-02 08:41:03.775+00","general","https://api-staging.newsroll.app/media/stories/5170038153-d310106b2f8863c98fcf5a1af800a551f68fab4e0beeadaf24be8a845777bc49.webp","Error: asset 404 https://api-staging.newsroll.app/media/stories/5170038153-d310106b2f8863c98fcf5a1af800a551f68fab4e0beeadaf24be8a845777bc49.webp"
2223880686,234,"2026-04-02 08:40:56.106+00","general","https://api-staging.newsroll.app/media/stories/2223880686-49f259076d6821144e9d4012d16d01340d96dee135deb8ca8cd8394221947456.webp","Error: asset 404 https://api-staging.newsroll.app/media/stories/2223880686-49f259076d6821144e9d4012d16d01340d96dee135deb8ca8cd8394221947456.webp"
4515478574,233,"2026-04-02 08:40:48.973+00","general","https://api-staging.newsroll.app/media/stories/4515478574-e15e0074fa5ad887fc1a4eab98032186f0a81b45bdab2283c919fb88dc7659aa.webp","Error: asset 404 https://api-staging.newsroll.app/media/stories/4515478574-e15e0074fa5ad887fc1a4eab98032186f0a81b45bdab2283c919fb88dc7659aa.webp"
3522437230,232,"2026-04-02 08:40:41.028+00","general","https://api-staging.newsroll.app/media/stories/3522437230-985dc79f6462a5d4396dc4a7846fad149e8315be9e5f8f6622d68d40333aa5a8.webp","Error: asset 404 https://api-staging.newsroll.app/media/stories/3522437230-985dc79f6462a5d4396dc4a7846fad149e8315be9e5f8f6622d68d40333aa5a8.webp"
4552588465,231,"2026-04-02 08:40:32.141+00","general","https://api-staging.newsroll.app/media/stories/4552588465-e4e71c72c8f8da27b1c4d8b6a40c8f0d347ef816a64a001d394e97bc7ae4efa8.webp","Error: asset 404 https://api-staging.newsroll.app/media/stories/4552588465-e4e71c72c8f8da27b1c4d8b6a40c8f0d347ef816a64a001d394e97bc7ae4efa8.webp"
5204552195,230,"2026-04-02 08:36:48.552+00","general","https://api-staging.newsroll.app/media/stories/5204552195-4b01f63761198db5f2e6fa886684be48a6b70cf558b61e5d5d09b885c30f3261.webp","Error: asset 404 https://api-staging.newsroll.app/media/stories/5204552195-4b01f63761198db5f2e6fa886684be48a6b70cf558b61e5d5d09b885c30f3261.webp"
5242059984,229,"2026-04-02 08:36:38.651+00","general","https://api-staging.newsroll.app/media/stories/5242059984-14856bf3e9aed630e872e6fea3c2e62ebde9a6c813b26f25b80c44782318e59a.webp","Error: asset 404 https://api-staging.newsroll.app/media/stories/5242059984-14856bf3e9aed630e872e6fea3c2e62ebde9a6c813b26f25b80c44782318e59a.webp"
2542168976,228,"2026-04-02 08:36:30.126+00","general","https://api-staging.newsroll.app/media/stories/2542168976-4c63f42dfd8ea352373811403adf270dde38d398df3d9a87e605e58448ddc4dc.webp","Error: asset 404 https://api-staging.newsroll.app/media/stories/2542168976-4c63f42dfd8ea352373811403adf270dde38d398df3d9a87e605e58448ddc4dc.webp"
1212687647,227,"2026-04-02 08:36:21.884+00","general","https://api-staging.newsroll.app/media/stories/1212687647-9a93501f82a5bb0bdda2e1bde6d80e7907138c65d5b73db77d2e151a2041cf75.webp","Error: asset 404 https://api-staging.newsroll.app/media/stories/1212687647-9a93501f82a5bb0bdda2e1bde6d80e7907138c65d5b73db77d2e151a2041cf75.webp"
3701262492,226,"2026-04-02 08:36:13.829+00","general","https://api-staging.newsroll.app/media/stories/3701262492-710d89f95f6e63ef22cd113b9fab92ff0d118ef81a4bbf0f7f264e1874f00e32.webp","Error: asset 404 https://api-staging.newsroll.app/media/stories/3701262492-710d89f95f6e63ef22cd113b9fab92ff0d118ef81a4bbf0f7f264e1874f00e32.webp"
1424642293,225,"2026-04-02 08:36:04.367+00","general","https://api-staging.newsroll.app/media/stories/1424642293-f4393facd1ee9fd26e5c75dbf5e6fd6e905ed2b52a9270fcc62383f46cf25e8e.webp","Error: asset 404 https://api-staging.newsroll.app/media/stories/1424642293-f4393facd1ee9fd26e5c75dbf5e6fd6e905ed2b52a9270fcc62383f46cf25e8e.webp"
2631389169,224,"2026-04-02 08:35:56.087+00","general","https://api-staging.newsroll.app/media/stories/2631389169-99fb417eb314b30a54ee107ece4c9f123f418b9bf161488114930996d8147ac9.webp","Error: asset 404 https://api-staging.newsroll.app/media/stories/2631389169-99fb417eb314b30a54ee107ece4c9f123f418b9bf161488114930996d8147ac9.webp"
5163082328,223,"2026-04-02 08:35:45.511+00","general","https://api-staging.newsroll.app/media/stories/5163082328-681af68f239f17a9dc1e9e1985d418db740b16de892604e030d50ef9cc50adae.webp","Error: asset 404 https://api-staging.newsroll.app/media/stories/5163082328-681af68f239f17a9dc1e9e1985d418db740b16de892604e030d50ef9cc50adae.webp"
2428713896,222,"2026-04-02 08:35:37.922+00","general","https://api-staging.newsroll.app/media/stories/2428713896-52f342fa7e751a675067da6480cdb2584e1839ecf4f30c042585cc89ba55ed78.webp","Error: asset 404 https://api-staging.newsroll.app/media/stories/2428713896-52f342fa7e751a675067da6480cdb2584e1839ecf4f30c042585cc89ba55ed78.webp"
3357126815,221,"2026-04-02 08:35:27.69+00","general","https://api-staging.newsroll.app/media/stories/3357126815-9e0327775e1a213017da8a316e024518e984566cda2e2b2dd1740a513233203e.webp","Error: asset 404 https://api-staging.newsroll.app/media/stories/3357126815-9e0327775e1a213017da8a316e024518e984566cda2e2b2dd1740a513233203e.webp"
1432918773,220,"2026-04-02 08:27:39.665+00","entertainment","https://api-staging.newsroll.app/media/stories/1432918773-21337227d1af54792bc55b201fa934bac2f874e23c0b13bcd3416a84c333db09.webp","Error: asset 404 https://api-staging.newsroll.app/media/stories/1432918773-21337227d1af54792bc55b201fa934bac2f874e23c0b13bcd3416a84c333db09.webp"
3927976532,219,"2026-04-02 08:27:31.712+00","entertainment","https://api-staging.newsroll.app/media/stories/3927976532-0e5dc11823fa046c4ab6451e7c5f7ee9297e56c51ec839ff223c42577974f188.webp","Error: asset 404 https://api-staging.newsroll.app/media/stories/3927976532-0e5dc11823fa046c4ab6451e7c5f7ee9297e56c51ec839ff223c42577974f188.webp"
3068805295,218,"2026-04-02 08:27:32.002+00","entertainment","https://api-staging.newsroll.app/media/stories/3068805295-2735625d9742357d415b6e3578359b79138131d9c097333e82c6a3ed60dd83e1.webp","Error: asset 404 https://api-staging.newsroll.app/media/stories/3068805295-2735625d9742357d415b6e3578359b79138131d9c097333e82c6a3ed60dd83e1.webp"
2612179914,217,"2026-04-02 08:27:26.795+00","entertainment","https://api-staging.newsroll.app/media/stories/2612179914-81adbf5137b05c9651e3534e499c6537193e8f8c425d64121e549b24ffd1dbec.webp","Error: asset 404 https://api-staging.newsroll.app/media/stories/2612179914-81adbf5137b05c9651e3534e499c6537193e8f8c425d64121e549b24ffd1dbec.webp"
1222339752,216,"2026-04-02 08:27:23.236+00","entertainment","https://api-staging.newsroll.app/media/stories/1222339752-a0b0b285c0709dd823b38341dd24e8758a7e0abaa9c301fc659916969db73292.webp","Error: asset 404 https://api-staging.newsroll.app/media/stories/1222339752-a0b0b285c0709dd823b38341dd24e8758a7e0abaa9c301fc659916969db73292.webp"
3558337516,215,"2026-04-02 08:27:23.952+00","entertainment","https://api-staging.newsroll.app/media/stories/3558337516-27cd97b219401bfdc3acae9c5a2cbdeebab467bc73dbf586274208d5fcfb0e34.webp","Error: asset 404 https://api-staging.newsroll.app/media/stories/3558337516-27cd97b219401bfdc3acae9c5a2cbdeebab467bc73dbf586274208d5fcfb0e34.webp"
1333875250,214,"2026-04-02 08:27:19.818+00","entertainment","https://api-staging.newsroll.app/media/stories/1333875250-dfb116f79bedc3402ce31185105153b64618e261b8ad83403aa6f4c4c2ec362f.webp","Error: asset 404 https://api-staging.newsroll.app/media/stories/1333875250-dfb116f79bedc3402ce31185105153b64618e261b8ad83403aa6f4c4c2ec362f.webp"
1811702370,213,"2026-04-02 08:27:19.328+00","entertainment","https://api-staging.newsroll.app/media/stories/1811702370-9fbd1a57572a8f06ca28b59daec04aafa2b68c2903aa8d40a1ad94da5afd9ec5.webp","Error: asset 404 https://api-staging.newsroll.app/media/stories/1811702370-9fbd1a57572a8f06ca28b59daec04aafa2b68c2903aa8d40a1ad94da5afd9ec5.webp"
3760822067,212,"2026-04-02 08:27:17.04+00","entertainment","https://api-staging.newsroll.app/media/stories/3760822067-4428a15d012dad03b4d5d8ee317147801d78a4b7319942ce4452abe16c10d9e8.webp","Error: asset 404 https://api-staging.newsroll.app/media/stories/3760822067-4428a15d012dad03b4d5d8ee317147801d78a4b7319942ce4452abe16c10d9e8.webp"
2133611073,211,"2026-04-02 08:27:12.946+00","business","https://api-staging.newsroll.app/media/stories/2133611073-be9289512706fbf120637442a64167966cf2d8710952788dac4819aa53eedca4.webp","Error: asset 404 https://api-staging.newsroll.app/media/stories/2133611073-be9289512706fbf120637442a64167966cf2d8710952788dac4819aa53eedca4.webp"
1673202066,210,"2026-04-02 08:27:11.978+00","entertainment","https://api-staging.newsroll.app/media/stories/1673202066-2ce8c92a35d3bfa9773093e429377d6f15c77e99d7c07c7aadd4012edb0da2bc.webp","Error: asset 404 https://api-staging.newsroll.app/media/stories/1673202066-2ce8c92a35d3bfa9773093e429377d6f15c77e99d7c07c7aadd4012edb0da2bc.webp"
1778188585,209,"2026-04-02 08:27:12.235+00","entertainment","https://api-staging.newsroll.app/media/stories/1778188585-ce2470547e164ea688501d6eebc97bcabbb9e7a11ae764f5a529a192723d0ce4.webp","Error: asset 404 https://api-staging.newsroll.app/media/stories/1778188585-ce2470547e164ea688501d6eebc97bcabbb9e7a11ae764f5a529a192723d0ce4.webp"
4391457829,208,"2026-04-02 08:27:07.905+00","entertainment","https://api-staging.newsroll.app/media/stories/4391457829-28f03cdf9f17a50bceef34825ee24e6a40f988e55efd6323fdb2ee755a08c4f4.webp","Error: asset 404 https://api-staging.newsroll.app/media/stories/4391457829-28f03cdf9f17a50bceef34825ee24e6a40f988e55efd6323fdb2ee755a08c4f4.webp"
3056095811,207,"2026-04-02 08:27:08.08+00","business","https://api-staging.newsroll.app/media/stories/3056095811-2a2f855b9c22d3653ee021971bc7e264a2c0d3ebbcb50ca8d269733ce31ea200.webp","Error: asset 404 https://api-staging.newsroll.app/media/stories/3056095811-2a2f855b9c22d3653ee021971bc7e264a2c0d3ebbcb50ca8d269733ce31ea200.webp"
4240778783,206,"2026-04-02 08:27:05.228+00","entertainment","https://api-staging.newsroll.app/media/stories/4240778783-70c70236d5f0cda52748dd44591f6550a5a7b97a6c1c98e1ff881c8c73ecf79f.webp","Error: asset 404 https://api-staging.newsroll.app/media/stories/4240778783-70c70236d5f0cda52748dd44591f6550a5a7b97a6c1c98e1ff881c8c73ecf79f.webp"
2931586156,205,"2026-04-02 08:27:05.256+00","entertainment","https://api-staging.newsroll.app/media/stories/2931586156-1b595ccff1429fbe672b18aceae291e032646a28c126a27b445427349d17cf67.webp","Error: asset 404 https://api-staging.newsroll.app/media/stories/2931586156-1b595ccff1429fbe672b18aceae291e032646a28c126a27b445427349d17cf67.webp"
2911704759,204,"2026-04-02 08:27:01.889+00","business","https://api-staging.newsroll.app/media/stories/2911704759-78aef1c59491b97b42b685e340cc16cd504e05491c4b8778c1097606a5771545.webp","Error: asset 404 https://api-staging.newsroll.app/media/stories/2911704759-78aef1c59491b97b42b685e340cc16cd504e05491c4b8778c1097606a5771545.webp"
3776886629,203,"2026-04-02 08:26:58.191+00","entertainment","https://api-staging.newsroll.app/media/stories/3776886629-73961ca208f3441a50e4ded0500c840ecb1b2a2fe606d0621cbcee30f980650e.webp","Error: asset 404 https://api-staging.newsroll.app/media/stories/3776886629-73961ca208f3441a50e4ded0500c840ecb1b2a2fe606d0621cbcee30f980650e.webp"
4019954505,202,"2026-04-02 08:26:52.473+00","entertainment","https://api-staging.newsroll.app/media/stories/4019954505-e0da6065f7ad85505d1f234268125ee7eb5804830bf668a48bd252cadd4774df.webp","Error: asset 404 https://api-staging.newsroll.app/media/stories/4019954505-e0da6065f7ad85505d1f234268125ee7eb5804830bf668a48bd252cadd4774df.webp"
4661446982,201,"2026-04-02 08:26:56.07+00","tech","https://api-staging.newsroll.app/media/stories/4661446982-1c29db8a4fa110095638c3ef31805e27925a9f23803df082dddfdbe7363fac0b.webp","Error: asset 404 https://api-staging.newsroll.app/media/stories/4661446982-1c29db8a4fa110095638c3ef31805e27925a9f23803df082dddfdbe7363fac0b.webp"
3491802270,200,"2026-04-02 08:26:54.483+00","business","https://api-staging.newsroll.app/media/stories/3491802270-e06064dc196f4b9bda4203490ff7364b804659b9fc3598ddcccf9e67b687a307.webp","Error: asset 404 https://api-staging.newsroll.app/media/stories/3491802270-e06064dc196f4b9bda4203490ff7364b804659b9fc3598ddcccf9e67b687a307.webp"
1509826743,199,"2026-04-02 08:26:49.052+00","tech","https://api-staging.newsroll.app/media/stories/1509826743-e653af2381f9721bfa2b554dd7745be358b6bc2e479e003f95ce2018a0b87f4c.webp","Error: asset 404 https://api-staging.newsroll.app/media/stories/1509826743-e653af2381f9721bfa2b554dd7745be358b6bc2e479e003f95ce2018a0b87f4c.webp"
2240061884,198,"2026-04-02 08:26:48.991+00","business","https://api-staging.newsroll.app/media/stories/2240061884-3241220af41a7a7212136bb3de66682142526e749656b8315776060d3be2d5c7.webp","Error: asset 404 https://api-staging.newsroll.app/media/stories/2240061884-3241220af41a7a7212136bb3de66682142526e749656b8315776060d3be2d5c7.webp"
2213005886,197,"2026-04-02 08:26:45.34+00","business","https://api-staging.newsroll.app/media/stories/2213005886-eebe870ef340d86f3391fc987c7be3c40f06e8fecb8078c2f0762fbcc45b08c2.webp","Error: asset 404 https://api-staging.newsroll.app/media/stories/2213005886-eebe870ef340d86f3391fc987c7be3c40f06e8fecb8078c2f0762fbcc45b08c2.webp"
1364552616,196,"2026-04-02 08:26:45.806+00","tech","https://api-staging.newsroll.app/media/stories/1364552616-165888a26446746694db23916b4d15b5b19a1f6fa415ea6f6196fab65c6cc946.webp","Error: asset 404 https://api-staging.newsroll.app/media/stories/1364552616-165888a26446746694db23916b4d15b5b19a1f6fa415ea6f6196fab65c6cc946.webp"
3161134247,195,"2026-04-02 08:26:41.721+00","tech","https://api-staging.newsroll.app/media/stories/3161134247-09aa21158e7492b1289e44464e086c8f6334717d51dd8c0456a45bbabd91f620.webp","Error: asset 404 https://api-staging.newsroll.app/media/stories/3161134247-09aa21158e7492b1289e44464e086c8f6334717d51dd8c0456a45bbabd91f620.webp"
3198372045,194,"2026-04-02 08:26:41.373+00","business","https://api-staging.newsroll.app/media/stories/3198372045-f4a24a487006ce09be9e900ff1be947e73bc2e2da9b846fb526f994b13d90867.webp","Error: asset 404 https://api-staging.newsroll.app/media/stories/3198372045-f4a24a487006ce09be9e900ff1be947e73bc2e2da9b846fb526f994b13d90867.webp"
1331865046,193,"2026-04-02 08:26:03.747+00","general","https://api-staging.newsroll.app/media/stories/1331865046-0f5b7de60e8fcbe9b72797ba008529559e388112826aca7e5abf393dac0b9ca8.webp","Error: asset 404 https://api-staging.newsroll.app/media/stories/1331865046-0f5b7de60e8fcbe9b72797ba008529559e388112826aca7e5abf393dac0b9ca8.webp"
4624035865,192,"2026-04-02 08:25:59.654+00","tech","https://api-staging.newsroll.app/media/stories/4624035865-a494f8a5ddb4d48015aa3176f8f6587850299664003846ba9c76c9e2775f3f62.webp","Error: asset 404 https://api-staging.newsroll.app/media/stories/4624035865-a494f8a5ddb4d48015aa3176f8f6587850299664003846ba9c76c9e2775f3f62.webp"
4853104955,191,"2026-04-02 08:26:33.317+00","tech","https://api-staging.newsroll.app/media/stories/4853104955-9b04025ffbc37f970b3910f114be1b573a084171f5c8b528f107ce4abc3c00a6.webp","Error: asset 404 https://api-staging.newsroll.app/media/stories/4853104955-9b04025ffbc37f970b3910f114be1b573a084171f5c8b528f107ce4abc3c00a6.webp"
2990429953,190,"2026-04-02 08:26:34.457+00","business","https://api-staging.newsroll.app/media/stories/2990429953-95972b19ee222344068cf7db4054e1eea60e4256946eaa1bc9d1bf20cfe9a1b0.webp","Error: asset 404 https://api-staging.newsroll.app/media/stories/2990429953-95972b19ee222344068cf7db4054e1eea60e4256946eaa1bc9d1bf20cfe9a1b0.webp"
1207585003,189,"2026-04-02 08:25:51.843+00","tech","https://api-staging.newsroll.app/media/stories/1207585003-573227f15ba848448414bfafd56eb12316d83b11a3f0e04853c3a9ce7a6598f1.webp","Error: asset 404 https://api-staging.newsroll.app/media/stories/1207585003-573227f15ba848448414bfafd56eb12316d83b11a3f0e04853c3a9ce7a6598f1.webp"
4448852192,188,"2026-04-02 08:26:24.97+00","business","https://api-staging.newsroll.app/media/stories/4448852192-826c28cecb3faa78fbbb1bfafe5775ae00b48919b2470cc22785561246b911bf.webp","Error: asset 404 https://api-staging.newsroll.app/media/stories/4448852192-826c28cecb3faa78fbbb1bfafe5775ae00b48919b2470cc22785561246b911bf.webp"
3452899660,187,"2026-04-02 08:26:04.529+00","tech","https://api-staging.newsroll.app/media/stories/3452899660-2075155b9ed788f6358e28ba45088755a470ea6667fa3910d8e9eb9bc5029a76.webp","Error: asset 404 https://api-staging.newsroll.app/media/stories/3452899660-2075155b9ed788f6358e28ba45088755a470ea6667fa3910d8e9eb9bc5029a76.webp"
4489099999,186,"2026-04-02 08:26:12.785+00","general","https://api-staging.newsroll.app/media/stories/4489099999-81588e78e9f5df83dcdc35564a8c668c9f4e83934e179ae1c48f24d130f1be04.webp","Error: asset 404 https://api-staging.newsroll.app/media/stories/4489099999-81588e78e9f5df83dcdc35564a8c668c9f4e83934e179ae1c48f24d130f1be04.webp"
4249499016,185,"2026-04-02 08:25:52.784+00","tech","https://api-staging.newsroll.app/media/stories/4249499016-712e5e75470f00cd0d409a773e3a9f1c395be97543b9ccee42e6b6b6b2941eeb.webp","Error: asset 404 https://api-staging.newsroll.app/media/stories/4249499016-712e5e75470f00cd0d409a773e3a9f1c395be97543b9ccee42e6b6b6b2941eeb.webp"
2926648996,184,"2026-04-02 08:25:23.614+00","tech","https://api-staging.newsroll.app/media/stories/2926648996-912789b5d18907199456e1e17ca360929f77e1d6bf6a7814a86dc73d70b47017.webp","Error: asset 404 https://api-staging.newsroll.app/media/stories/2926648996-912789b5d18907199456e1e17ca360929f77e1d6bf6a7814a86dc73d70b47017.webp"
3862990454,183,"2026-04-02 08:25:52.563+00","general","https://api-staging.newsroll.app/media/stories/3862990454-e58c75af2d5fe13044af2ddf1e55e5775d0fcedbcfe392cffcad38723942c403.webp","Error: asset 404 https://api-staging.newsroll.app/media/stories/3862990454-e58c75af2d5fe13044af2ddf1e55e5775d0fcedbcfe392cffcad38723942c403.webp"
4746296453,182,"2026-04-02 08:25:10.592+00","tech","https://api-staging.newsroll.app/media/stories/4746296453-0db3fc51115d8e9a4ecdcbb6e3154ff51f6b48fdea504f9b62afb20e723033a8.webp","Error: asset 404 https://api-staging.newsroll.app/media/stories/4746296453-0db3fc51115d8e9a4ecdcbb6e3154ff51f6b48fdea504f9b62afb20e723033a8.webp"
5129314509,181,"2026-04-02 08:25:45.735+00","tech","https://api-staging.newsroll.app/media/stories/5129314509-a38f29c4b7aa85b59103ae62e1fdbe7adb7c0ec030410d25ec8a3290dfa6661d.webp","Error: asset 404 https://api-staging.newsroll.app/media/stories/5129314509-a38f29c4b7aa85b59103ae62e1fdbe7adb7c0ec030410d25ec8a3290dfa6661d.webp"
4371236599,180,"2026-04-02 08:25:45.295+00","tech","https://api-staging.newsroll.app/media/stories/4371236599-0c12fb0ec3727b609c3ce739989839ae1308836874b7792bf8260b7f371c9854.webp","Error: asset 404 https://api-staging.newsroll.app/media/stories/4371236599-0c12fb0ec3727b609c3ce739989839ae1308836874b7792bf8260b7f371c9854.webp"
4289483102,179,"2026-04-02 08:25:43.666+00","tech","https://api-staging.newsroll.app/media/stories/4289483102-8eae888092d19e91352c2eedd5a13671e02af937a71de026886c24ad608c1c31.webp","Error: asset 404 https://api-staging.newsroll.app/media/stories/4289483102-8eae888092d19e91352c2eedd5a13671e02af937a71de026886c24ad608c1c31.webp"
3655714706,178,"2026-04-02 08:25:41.792+00","tech","https://api-staging.newsroll.app/media/stories/3655714706-dfc22c35cabbb2d3cd09a866f9b04fe0d278ce23e4f4f68b305bf685710bf8ab.webp","Error: asset 404 https://api-staging.newsroll.app/media/stories/3655714706-dfc22c35cabbb2d3cd09a866f9b04fe0d278ce23e4f4f68b305bf685710bf8ab.webp"
1367219875,177,"2026-04-02 08:25:38.322+00","tech","https://api-staging.newsroll.app/media/stories/1367219875-b55c2642a54233f9c82525f5c21d5a19d23e4d4e655255994acc075954c67326.webp","Error: asset 404 https://api-staging.newsroll.app/media/stories/1367219875-b55c2642a54233f9c82525f5c21d5a19d23e4d4e655255994acc075954c67326.webp"
4141884411,176,"2026-04-02 08:25:34.176+00","tech","https://api-staging.newsroll.app/media/stories/4141884411-6f2d6e87c419627b7554931df43702ddbd0e8efbdca21cfa3b7d2b7b7cf385a7.webp","Error: asset 404 https://api-staging.newsroll.app/media/stories/4141884411-6f2d6e87c419627b7554931df43702ddbd0e8efbdca21cfa3b7d2b7b7cf385a7.webp"
1024724004,175,"2026-04-02 08:25:35.031+00","tech","https://api-staging.newsroll.app/media/stories/1024724004-87c54bd779a54dd86d69bfc074cf22bf3002a3bec85a3ea6b445b1f832d30921.webp","Error: asset 404 https://api-staging.newsroll.app/media/stories/1024724004-87c54bd779a54dd86d69bfc074cf22bf3002a3bec85a3ea6b445b1f832d30921.webp"
2954750672,174,"2026-04-02 08:25:27.587+00","tech","https://api-staging.newsroll.app/media/stories/2954750672-604ac2df7eeb0b611522653408a5e349e38be1f9eb0772ed9f0589337509711b.webp","Error: asset 404 https://api-staging.newsroll.app/media/stories/2954750672-604ac2df7eeb0b611522653408a5e349e38be1f9eb0772ed9f0589337509711b.webp"
4717550057,173,"2026-04-02 08:25:27.11+00","tech","https://api-staging.newsroll.app/media/stories/4717550057-73eaa6774ad45ba88339579d9ae91a405c7f14d1e3ae1c9b8f392eabe4d7bdbf.webp","Error: asset 404 https://api-staging.newsroll.app/media/stories/4717550057-73eaa6774ad45ba88339579d9ae91a405c7f14d1e3ae1c9b8f392eabe4d7bdbf.webp"
1747228894,172,"2026-04-02 08:24:45.903+00","tech","https://api-staging.newsroll.app/media/stories/1747228894-6c02eb5233cd417a9d6dedf133fb6d9ba602b7a2c073a63740071a7777678c43.webp","Error: asset 404 https://api-staging.newsroll.app/media/stories/1747228894-6c02eb5233cd417a9d6dedf133fb6d9ba602b7a2c073a63740071a7777678c43.webp"
4991656895,171,"2026-04-02 08:25:09.916+00","tech","https://api-staging.newsroll.app/media/stories/4991656895-10a327e13bb916c2214cec656da68f46b7a59705837b84dbe5419e78c916ff69.webp","Error: asset 404 https://api-staging.newsroll.app/media/stories/4991656895-10a327e13bb916c2214cec656da68f46b7a59705837b84dbe5419e78c916ff69.webp"
4587402459,170,"2026-04-02 08:25:10.551+00","tech","https://api-staging.newsroll.app/media/stories/4587402459-d36918aad65573e19d2a57929cda13da1ce6b69cd2ddba39ab6d69284ec85d03.webp","Error: asset 404 https://api-staging.newsroll.app/media/stories/4587402459-d36918aad65573e19d2a57929cda13da1ce6b69cd2ddba39ab6d69284ec85d03.webp"
4238391150,169,"2026-04-02 08:25:03.041+00","tech","https://api-staging.newsroll.app/media/stories/4238391150-4c632bb02eccdeeba756636c03e2fde5e222a93e517cf4c0f36eec9c22d7cb4c.webp","Error: asset 404 https://api-staging.newsroll.app/media/stories/4238391150-4c632bb02eccdeeba756636c03e2fde5e222a93e517cf4c0f36eec9c22d7cb4c.webp"
5148647745,168,"2026-04-02 08:25:03.624+00","tech","https://api-staging.newsroll.app/media/stories/5148647745-a0eda41d2f07e3792a5541a53723a9d1bcc7f903fa35639c7096366f9fc391b8.webp","Error: asset 404 https://api-staging.newsroll.app/media/stories/5148647745-a0eda41d2f07e3792a5541a53723a9d1bcc7f903fa35639c7096366f9fc391b8.webp"
1087972051,167,"2026-04-02 08:24:58.908+00","tech","https://api-staging.newsroll.app/media/stories/1087972051-77e255aa4bcd9965a204716bf98d128a645145e4f327e1493b396f9d6ede5b5d.webp","Error: asset 404 https://api-staging.newsroll.app/media/stories/1087972051-77e255aa4bcd9965a204716bf98d128a645145e4f327e1493b396f9d6ede5b5d.webp"
3896388083,166,"2026-04-02 08:24:55.083+00","tech","https://api-staging.newsroll.app/media/stories/3896388083-3a2c867587f56f07088a7652ba403c9260274ae67113581d75da0b688b3bfffe.webp","Error: asset 404 https://api-staging.newsroll.app/media/stories/3896388083-3a2c867587f56f07088a7652ba403c9260274ae67113581d75da0b688b3bfffe.webp"
1858268099,165,"2026-04-02 08:24:52.553+00","tech","https://api-staging.newsroll.app/media/stories/1858268099-52bac6d8456c705ffaae449dc3ecb8f5f5820ec759e15fd41a42c1db36ee7b7b.webp","Error: asset 404 https://api-staging.newsroll.app/media/stories/1858268099-52bac6d8456c705ffaae449dc3ecb8f5f5820ec759e15fd41a42c1db36ee7b7b.webp"
3714296201,164,"2026-04-02 08:24:50.922+00","tech","https://api-staging.newsroll.app/media/stories/3714296201-4de9dc1b83c9b51c7eacdac636997304ecf7e6f55cb2b595054b3ef1a2ba9c45.webp","Error: asset 404 https://api-staging.newsroll.app/media/stories/3714296201-4de9dc1b83c9b51c7eacdac636997304ecf7e6f55cb2b595054b3ef1a2ba9c45.webp"
2225329501,163,"2026-04-02 08:24:45.03+00","tech","https://api-staging.newsroll.app/media/stories/2225329501-f71057a11d2c81364cbdb92b47426684a9815217edcbb68de2954a49d7965cdf.webp","Error: asset 404 https://api-staging.newsroll.app/media/stories/2225329501-f71057a11d2c81364cbdb92b47426684a9815217edcbb68de2954a49d7965cdf.webp"
2312015336,162,"2026-04-02 08:24:43.995+00","tech","https://api-staging.newsroll.app/media/stories/2312015336-46abf0f3313a05e829040af559f5e408fb59bedf224f5acf0611e19e2babb733.webp","Error: asset 404 https://api-staging.newsroll.app/media/stories/2312015336-46abf0f3313a05e829040af559f5e408fb59bedf224f5acf0611e19e2babb733.webp"
4783068657,161,"2026-04-02 08:24:43.693+00","tech","https://api-staging.newsroll.app/media/stories/4783068657-0996c2224d29b4d441a91605e1788f792f68a7aa2be8d3cbbfed9b292d496ced.webp","Error: asset 404 https://api-staging.newsroll.app/media/stories/4783068657-0996c2224d29b4d441a91605e1788f792f68a7aa2be8d3cbbfed9b292d496ced.webp"
2701966764,160,"2026-04-02 08:24:37.473+00","tech","https://api-staging.newsroll.app/media/stories/2701966764-55d995a4ee2891718bb41c5166a5a642c7496a2e920bf640cc99cb8657e58519.webp","Error: asset 404 https://api-staging.newsroll.app/media/stories/2701966764-55d995a4ee2891718bb41c5166a5a642c7496a2e920bf640cc99cb8657e58519.webp"
3852415126,159,"2026-04-02 08:24:36.899+00","tech","https://api-staging.newsroll.app/media/stories/3852415126-606448c63bd64af3afeb3d963d01e7ba51ee25d34b9ec2cc5bea322dbe9da9e1.webp","Error: asset 404 https://api-staging.newsroll.app/media/stories/3852415126-606448c63bd64af3afeb3d963d01e7ba51ee25d34b9ec2cc5bea322dbe9da9e1.webp"
5272642723,158,"2026-04-02 08:24:36.835+00","tech","https://api-staging.newsroll.app/media/stories/5272642723-83db28e1fc7dfaf8479eab85d459c269665ff5085f13f94ad8e28ed130457aec.webp","Error: asset 404 https://api-staging.newsroll.app/media/stories/5272642723-83db28e1fc7dfaf8479eab85d459c269665ff5085f13f94ad8e28ed130457aec.webp"
4481177016,157,"2026-04-02 08:24:16.233+00","tech","https://api-staging.newsroll.app/media/stories/4481177016-9c6671bf2e24939e67f3a74c48bea5d9b122bf82158741fd8371838141af9f89.webp","Error: asset 404 https://api-staging.newsroll.app/media/stories/4481177016-9c6671bf2e24939e67f3a74c48bea5d9b122bf82158741fd8371838141af9f89.webp"
3951745063,156,"2026-04-02 08:24:30.145+00","tech","https://api-staging.newsroll.app/media/stories/3951745063-fad68ec7e3c47f0022f5eec7ee4ef4685633bf040baacc0093841dc950856681.webp","Error: asset 404 https://api-staging.newsroll.app/media/stories/3951745063-fad68ec7e3c47f0022f5eec7ee4ef4685633bf040baacc0093841dc950856681.webp"
3335488677,155,"2026-04-02 08:24:30.416+00","tech","https://api-staging.newsroll.app/media/stories/3335488677-82c67f70cf99b4b09b9b8e8bc0bbf5d444f6cee1133d7605ae7dade41e47117e.webp","Error: asset 404 https://api-staging.newsroll.app/media/stories/3335488677-82c67f70cf99b4b09b9b8e8bc0bbf5d444f6cee1133d7605ae7dade41e47117e.webp"
2439701475,154,"2026-04-02 08:24:26.979+00","tech","https://api-staging.newsroll.app/media/stories/2439701475-f5d3dee4a7405433ff3e0243cf22cd151ffc4a013df961d96ed0d68f9f3c89d7.webp","Error: asset 404 https://api-staging.newsroll.app/media/stories/2439701475-f5d3dee4a7405433ff3e0243cf22cd151ffc4a013df961d96ed0d68f9f3c89d7.webp"
2126654591,153,"2026-04-02 08:24:23.275+00","tech","https://api-staging.newsroll.app/media/stories/2126654591-3abcc5dd8463ea948bfd975553812839be06e0d79a7200210dbd4e223d3328f9.webp","Error: asset 404 https://api-staging.newsroll.app/media/stories/2126654591-3abcc5dd8463ea948bfd975553812839be06e0d79a7200210dbd4e223d3328f9.webp"
3671831298,152,"2026-04-02 08:24:20.018+00","tech","https://api-staging.newsroll.app/media/stories/3671831298-92aa567ca6db1123f1dd3bb29a9fd8f413ac94e322e7b104476fc7e2d0aaff81.webp","Error: asset 404 https://api-staging.newsroll.app/media/stories/3671831298-92aa567ca6db1123f1dd3bb29a9fd8f413ac94e322e7b104476fc7e2d0aaff81.webp"
4434714947,151,"2026-04-02 08:24:19.304+00","tech","https://api-staging.newsroll.app/media/stories/4434714947-035deccbe2d80ef95eef2d9334d043677edce1a9c5f8bc24cf2e05fc4061e47c.webp","Error: asset 404 https://api-staging.newsroll.app/media/stories/4434714947-035deccbe2d80ef95eef2d9334d043677edce1a9c5f8bc24cf2e05fc4061e47c.webp"
4582395368,150,"2026-04-02 08:24:13.389+00","tech","https://api-staging.newsroll.app/media/stories/4582395368-0a2780f703c9e65882fa86134c78aa67cd8c353f55a5e418c2c3fb0728c0fafa.webp","Error: asset 404 https://api-staging.newsroll.app/media/stories/4582395368-0a2780f703c9e65882fa86134c78aa67cd8c353f55a5e418c2c3fb0728c0fafa.webp"
4905688334,149,"2026-04-02 08:24:13.059+00","tech","https://api-staging.newsroll.app/media/stories/4905688334-1954d265dcba50a41cdd33ff4b689d245c57d70567bbf85a0315c50bdf978145.webp","Error: asset 404 https://api-staging.newsroll.app/media/stories/4905688334-1954d265dcba50a41cdd33ff4b689d245c57d70567bbf85a0315c50bdf978145.webp"
4748604375,148,"2026-04-02 08:24:12.292+00","tech","https://api-staging.newsroll.app/media/stories/4748604375-61d3a74ee98174add01473934ee9dc1c723953efc00c3d1e6673e48c7956f41a.webp","Error: asset 404 https://api-staging.newsroll.app/media/stories/4748604375-61d3a74ee98174add01473934ee9dc1c723953efc00c3d1e6673e48c7956f41a.webp"
3228080093,147,"2026-04-02 08:24:10.736+00","tech","https://api-staging.newsroll.app/media/stories/3228080093-a4d551dd2acdf41c8f84ff9e04639caeda16c6b5d68a10946e0a9cf401748996.webp","Error: asset 404 https://api-staging.newsroll.app/media/stories/3228080093-a4d551dd2acdf41c8f84ff9e04639caeda16c6b5d68a10946e0a9cf401748996.webp"
3598143380,146,"2026-04-02 08:24:05.165+00","tech","https://api-staging.newsroll.app/media/stories/3598143380-b2989f3fc5081c78776530c35695f9b99be47ebd301a1ee497ef11d9b397e955.webp","Error: asset 404 https://api-staging.newsroll.app/media/stories/3598143380-b2989f3fc5081c78776530c35695f9b99be47ebd301a1ee497ef11d9b397e955.webp"
4429428145,145,"2026-04-02 08:24:06.159+00","tech","https://api-staging.newsroll.app/media/stories/4429428145-9233569a5ba16cf2713d239cfc04918aa1f28b3c3e9c9391693744cdd6b6287d.webp","Error: asset 404 https://api-staging.newsroll.app/media/stories/4429428145-9233569a5ba16cf2713d239cfc04918aa1f28b3c3e9c9391693744cdd6b6287d.webp"
2950853106,144,"2026-04-02 08:24:05.041+00","tech","https://api-staging.newsroll.app/media/stories/2950853106-139c7424f45faf049b4b3a5fa9663bc0df3e87526addd5b70cd73409dc993d01.webp","Error: asset 404 https://api-staging.newsroll.app/media/stories/2950853106-139c7424f45faf049b4b3a5fa9663bc0df3e87526addd5b70cd73409dc993d01.webp"
2543373588,143,"2026-04-02 08:23:58.506+00","tech","https://api-staging.newsroll.app/media/stories/2543373588-71cdc89eaf9bca912a01dcbe7608bfb9ae2e80ebb470dc760580e9f0216d855e.webp","Error: asset 404 https://api-staging.newsroll.app/media/stories/2543373588-71cdc89eaf9bca912a01dcbe7608bfb9ae2e80ebb470dc760580e9f0216d855e.webp"
5035315226,142,"2026-04-02 08:23:58.738+00","tech","https://api-staging.newsroll.app/media/stories/5035315226-aae34c78be21b4fe10ebf1f72ba98fa89c17e51d3eb88be74998edf7a93434a4.webp","Error: asset 404 https://api-staging.newsroll.app/media/stories/5035315226-aae34c78be21b4fe10ebf1f72ba98fa89c17e51d3eb88be74998edf7a93434a4.webp"
4267802212,141,"2026-04-02 08:23:57.837+00","tech","https://api-staging.newsroll.app/media/stories/4267802212-8eaac027ddd4d1da5d8332373235798f21cfb017dfbd7c9efcb29300a8eb766e.webp","Error: asset 404 https://api-staging.newsroll.app/media/stories/4267802212-8eaac027ddd4d1da5d8332373235798f21cfb017dfbd7c9efcb29300a8eb766e.webp"
1949662792,140,"2026-04-02 08:23:53.834+00","tech","https://api-staging.newsroll.app/media/stories/1949662792-a3bc0ecfd176b64b603f7cb79ce7604d69ef7bc742832219aacb230bebc9e626.webp","Error: asset 404 https://api-staging.newsroll.app/media/stories/1949662792-a3bc0ecfd176b64b603f7cb79ce7604d69ef7bc742832219aacb230bebc9e626.webp"
1330050711,139,"2026-04-02 08:23:51.142+00","tech","https://api-staging.newsroll.app/media/stories/1330050711-1aa7f5daf7c944cfc77858938a54ae8f13591eae624ccfe322e2f0846df27772.webp","Error: asset 404 https://api-staging.newsroll.app/media/stories/1330050711-1aa7f5daf7c944cfc77858938a54ae8f13591eae624ccfe322e2f0846df27772.webp"
1148883468,138,"2026-04-02 08:23:50.391+00","tech","https://api-staging.newsroll.app/media/stories/1148883468-cd665dbcaba30994e0b1a3fc0d84228cc96350b4af0ace0bfda0fa7995565c34.webp","Error: asset 404 https://api-staging.newsroll.app/media/stories/1148883468-cd665dbcaba30994e0b1a3fc0d84228cc96350b4af0ace0bfda0fa7995565c34.webp"
2163938825,137,"2026-04-02 08:23:48.957+00","tech","https://api-staging.newsroll.app/media/stories/2163938825-bcf34f4dd242ef7c0f1790e97c30ac219997e60a49c07cd4971b1c3c807f3d16.webp","Error: asset 404 https://api-staging.newsroll.app/media/stories/2163938825-bcf34f4dd242ef7c0f1790e97c30ac219997e60a49c07cd4971b1c3c807f3d16.webp"
4934163808,136,"2026-04-02 08:23:49.051+00","tech","https://api-staging.newsroll.app/media/stories/4934163808-e876e5e274144152e95ad964256205c5136161d3b5739efcd77ae568da67169d.webp","Error: asset 404 https://api-staging.newsroll.app/media/stories/4934163808-e876e5e274144152e95ad964256205c5136161d3b5739efcd77ae568da67169d.webp"
4855550957,135,"2026-04-02 08:23:47.141+00","tech","https://api-staging.newsroll.app/media/stories/4855550957-30ad1d4cb928e852ddc620cff73dcb1fe71f0c8dc1d9c879965d6dfc01613993.webp","Error: asset 404 https://api-staging.newsroll.app/media/stories/4855550957-30ad1d4cb928e852ddc620cff73dcb1fe71f0c8dc1d9c879965d6dfc01613993.webp"
2221900876,134,"2026-04-02 08:23:42.952+00","tech","https://api-staging.newsroll.app/media/stories/2221900876-5648cef295674a819821e9705b7f0b76edb54c51e87c63abd03f38f3710cd0d0.webp","Error: asset 404 https://api-staging.newsroll.app/media/stories/2221900876-5648cef295674a819821e9705b7f0b76edb54c51e87c63abd03f38f3710cd0d0.webp"
3633140660,133,"2026-04-02 08:23:42.537+00","tech","https://api-staging.newsroll.app/media/stories/3633140660-d19fdd5115fcba12da20b0608e033a76645c6e0bf8cdeea710b868576fd49ac1.webp","Error: asset 404 https://api-staging.newsroll.app/media/stories/3633140660-d19fdd5115fcba12da20b0608e033a76645c6e0bf8cdeea710b868576fd49ac1.webp"
3764885972,132,"2026-04-02 08:23:40.919+00","tech","https://api-staging.newsroll.app/media/stories/3764885972-314e1454af46743ae0a6a5044740a11f85d4c3087ed5afe3939eb33ca2b73141.webp","Error: asset 404 https://api-staging.newsroll.app/media/stories/3764885972-314e1454af46743ae0a6a5044740a11f85d4c3087ed5afe3939eb33ca2b73141.webp"
3244866073,131,"2026-04-02 08:23:39.213+00","tech","https://api-staging.newsroll.app/media/stories/3244866073-49a05472ea3a95a5120be79e35098df9ff4c1b37959585377be027e168cbfaab.webp","Error: asset 404 https://api-staging.newsroll.app/media/stories/3244866073-49a05472ea3a95a5120be79e35098df9ff4c1b37959585377be027e168cbfaab.webp"
4655335608,130,"2026-04-02 08:23:36.042+00","tech","https://api-staging.newsroll.app/media/stories/4655335608-f6dbb1b0ed652daefac7edc3848433302f868f18f5ddac53ddeb4b4eb4b73e7b.webp","Error: asset 404 https://api-staging.newsroll.app/media/stories/4655335608-f6dbb1b0ed652daefac7edc3848433302f868f18f5ddac53ddeb4b4eb4b73e7b.webp"
4761359722,129,"2026-04-02 08:23:31.926+00","tech","https://api-staging.newsroll.app/media/stories/4761359722-2dc989904f62af1949a4b6cdf4f8465f954c55d79ec908f7d9c8681e1210d73a.webp","Error: asset 404 https://api-staging.newsroll.app/media/stories/4761359722-2dc989904f62af1949a4b6cdf4f8465f954c55d79ec908f7d9c8681e1210d73a.webp"
2685000535,128,"2026-04-02 08:23:32.118+00","tech","https://api-staging.newsroll.app/media/stories/2685000535-87ccf0c1a2a13e62638ab35ede97baf484fcbb80eaf4fe52976d7f9e02c0a3f4.webp","Error: asset 404 https://api-staging.newsroll.app/media/stories/2685000535-87ccf0c1a2a13e62638ab35ede97baf484fcbb80eaf4fe52976d7f9e02c0a3f4.webp"
2700630334,127,"2026-04-02 08:23:24.189+00","tech","https://api-staging.newsroll.app/media/stories/2700630334-32fdb9dfeda2530a8cb06d485ef0eccd8252359d0c676f5971074c08acae0830.webp","Error: asset 404 https://api-staging.newsroll.app/media/stories/2700630334-32fdb9dfeda2530a8cb06d485ef0eccd8252359d0c676f5971074c08acae0830.webp"
1270006201,126,"2026-04-02 08:23:17.194+00","tech","https://api-staging.newsroll.app/media/stories/1270006201-f51e147d7fe558c3e74ee3d2a9a0f32a1b5fee9e703a56e97c5389b96b9ee744.webp","Error: asset 404 https://api-staging.newsroll.app/media/stories/1270006201-f51e147d7fe558c3e74ee3d2a9a0f32a1b5fee9e703a56e97c5389b96b9ee744.webp"
4935532983,125,"2026-04-02 08:23:24.857+00","tech","https://api-staging.newsroll.app/media/stories/4935532983-5455719e646147e4a24852d09b0af1f519016b35710880b85559f9622a03d3d2.webp","Error: asset 404 https://api-staging.newsroll.app/media/stories/4935532983-5455719e646147e4a24852d09b0af1f519016b35710880b85559f9622a03d3d2.webp"
1392103350,124,"2026-04-02 08:23:17.744+00","tech","https://api-staging.newsroll.app/media/stories/1392103350-5b5a3486ae6f9f4491e9f8262ea67ae0619955399a2a6a0646cda7102bb99660.webp","Error: asset 404 https://api-staging.newsroll.app/media/stories/1392103350-5b5a3486ae6f9f4491e9f8262ea67ae0619955399a2a6a0646cda7102bb99660.webp"
4989452661,123,"2026-04-02 08:23:17.979+00","tech","https://api-staging.newsroll.app/media/stories/4989452661-af0881acd188fcd516e85061da85d809d205b3298a24e79ea80ff0d52b939bb1.webp","Error: asset 404 https://api-staging.newsroll.app/media/stories/4989452661-af0881acd188fcd516e85061da85d809d205b3298a24e79ea80ff0d52b939bb1.webp"
2945929988,122,"2026-04-02 08:23:15.606+00","tech","https://api-staging.newsroll.app/media/stories/2945929988-d663928141f613dc68889a3b51052b28e6403fd1f50c4c01102e015c8cf0999e.webp","Error: asset 404 https://api-staging.newsroll.app/media/stories/2945929988-d663928141f613dc68889a3b51052b28e6403fd1f50c4c01102e015c8cf0999e.webp"
3932094120,121,"2026-04-02 08:23:13.158+00","tech","https://api-staging.newsroll.app/media/stories/3932094120-1ab65a52886822d66ea381b84725dedb0331ef546e6bb6dd4c5079a77b6c173b.webp","Error: asset 404 https://api-staging.newsroll.app/media/stories/3932094120-1ab65a52886822d66ea381b84725dedb0331ef546e6bb6dd4c5079a77b6c173b.webp"
2749686505,120,"2026-04-02 08:23:05.656+00","tech","https://api-staging.newsroll.app/media/stories/2749686505-1e972664d583a4e227f4c551d88a9e2af86ffcc6518665e1bc180ba1a2051d24.webp","Error: asset 404 https://api-staging.newsroll.app/media/stories/2749686505-1e972664d583a4e227f4c551d88a9e2af86ffcc6518665e1bc180ba1a2051d24.webp"
1127652644,119,"2026-04-02 08:23:11.116+00","tech","https://api-staging.newsroll.app/media/stories/1127652644-8f005907c5f0318a68ad697c9315f7134223151a794ccc57afc06916e31387c5.webp","Error: asset 404 https://api-staging.newsroll.app/media/stories/1127652644-8f005907c5f0318a68ad697c9315f7134223151a794ccc57afc06916e31387c5.webp"
3231669277,118,"2026-04-02 08:23:08.905+00","tech","https://api-staging.newsroll.app/media/stories/3231669277-e5d440a8b20dd21ea6a7abf0ccec2cf3bb9d6ac7f006e59fc7918a86f684d9a7.webp","Error: asset 404 https://api-staging.newsroll.app/media/stories/3231669277-e5d440a8b20dd21ea6a7abf0ccec2cf3bb9d6ac7f006e59fc7918a86f684d9a7.webp"
3686036321,117,"2026-04-02 08:23:06.753+00","tech","https://api-staging.newsroll.app/media/stories/3686036321-8462065bdeaf2991b53ea3bde78f0482f513688385353f734707b8724d490841.webp","Error: asset 404 https://api-staging.newsroll.app/media/stories/3686036321-8462065bdeaf2991b53ea3bde78f0482f513688385353f734707b8724d490841.webp"
3155655163,116,"2026-04-02 08:23:06.574+00","tech","https://api-staging.newsroll.app/media/stories/3155655163-be80ab477efc5d7e46764880c10dc3a20d1e1742dc3ae032f8c82a7b8bd76fc2.webp","Error: asset 404 https://api-staging.newsroll.app/media/stories/3155655163-be80ab477efc5d7e46764880c10dc3a20d1e1742dc3ae032f8c82a7b8bd76fc2.webp"
1959471173,115,"2026-04-02 08:23:01.642+00","tech","https://api-staging.newsroll.app/media/stories/1959471173-53b6c01d9a99b68e703797640e0ed290372055f10e17f1f19a6f787971505bb3.webp","Error: asset 404 https://api-staging.newsroll.app/media/stories/1959471173-53b6c01d9a99b68e703797640e0ed290372055f10e17f1f19a6f787971505bb3.webp"
4594571555,114,"2026-04-02 08:23:00.068+00","tech","https://api-staging.newsroll.app/media/stories/4594571555-4d56291e4bde58d0c2d5d27615f23088ff9701b6fd5c8b297a3449963ca45d31.webp","Error: asset 404 https://api-staging.newsroll.app/media/stories/4594571555-4d56291e4bde58d0c2d5d27615f23088ff9701b6fd5c8b297a3449963ca45d31.webp"
2658127117,113,"2026-04-02 08:22:57.439+00","tech","https://api-staging.newsroll.app/media/stories/2658127117-df8c9589c9f38e28c495d77c176a4971d82fcd8fcb28913afce02030a128b7ff.webp","Error: asset 404 https://api-staging.newsroll.app/media/stories/2658127117-df8c9589c9f38e28c495d77c176a4971d82fcd8fcb28913afce02030a128b7ff.webp"
3576531503,112,"2026-04-02 08:22:54.476+00","tech","https://api-staging.newsroll.app/media/stories/3576531503-c9846a61356142bd1474a6fd4dbd09c07a196afe8260281e68d6db16a39c6b9c.webp","Error: asset 404 https://api-staging.newsroll.app/media/stories/3576531503-c9846a61356142bd1474a6fd4dbd09c07a196afe8260281e68d6db16a39c6b9c.webp"
4203845090,111,"2026-04-02 08:22:54.996+00","tech","https://api-staging.newsroll.app/media/stories/4203845090-8e7522d49776caa6651bd02de0cb498b7a9b8d6b07c5e12141b4141e4abeb4c5.webp","Error: asset 404 https://api-staging.newsroll.app/media/stories/4203845090-8e7522d49776caa6651bd02de0cb498b7a9b8d6b07c5e12141b4141e4abeb4c5.webp"
2186194276,110,"2026-04-02 08:22:16.356+00","tech","https://api-staging.newsroll.app/media/stories/2186194276-4df0d1819c5e55d0bd57ae9d58dfeb89383cfba1ecc1ae7a68ff8f507767aa4b.webp","Error: asset 404 https://api-staging.newsroll.app/media/stories/2186194276-4df0d1819c5e55d0bd57ae9d58dfeb89383cfba1ecc1ae7a68ff8f507767aa4b.webp"
4087140590,109,"2026-04-02 08:22:48.769+00","tech","https://api-staging.newsroll.app/media/stories/4087140590-a457ca724a88a6fd528e94b72914a31b46d342bb4d8eda1f01ece51be6e0a8eb.webp","Error: asset 404 https://api-staging.newsroll.app/media/stories/4087140590-a457ca724a88a6fd528e94b72914a31b46d342bb4d8eda1f01ece51be6e0a8eb.webp"
4327717981,108,"2026-04-02 08:22:48.191+00","tech","https://api-staging.newsroll.app/media/stories/4327717981-9e4bd4f9c208fbe4a9ff23327035149fdb2a4dc27f92e6cf698b2ce521842de7.webp","Error: asset 404 https://api-staging.newsroll.app/media/stories/4327717981-9e4bd4f9c208fbe4a9ff23327035149fdb2a4dc27f92e6cf698b2ce521842de7.webp"
4950602759,107,"2026-04-02 08:22:37.816+00","tech","https://api-staging.newsroll.app/media/stories/4950602759-349c741705cd8188cd12c7a69623c268a2625857e1290ccc2292f59e7a8f36ff.webp","Error: asset 404 https://api-staging.newsroll.app/media/stories/4950602759-349c741705cd8188cd12c7a69623c268a2625857e1290ccc2292f59e7a8f36ff.webp"
2205817511,106,"2026-04-02 08:22:44.459+00","tech","https://api-staging.newsroll.app/media/stories/2205817511-d408ed62e1aba41f62863700c1a07df4851630206daed4c9fac79af6d398aa0c.webp","Error: asset 404 https://api-staging.newsroll.app/media/stories/2205817511-d408ed62e1aba41f62863700c1a07df4851630206daed4c9fac79af6d398aa0c.webp"
2933173003,105,"2026-04-02 08:22:41.139+00","tech","https://api-staging.newsroll.app/media/stories/2933173003-6ad2d66f0b50f7c3cd218e49aa45c0b0bb80dcc4a3b6c18492ceaffde3bd7710.webp","Error: asset 404 https://api-staging.newsroll.app/media/stories/2933173003-6ad2d66f0b50f7c3cd218e49aa45c0b0bb80dcc4a3b6c18492ceaffde3bd7710.webp"
1141789147,104,"2026-04-02 08:22:41.824+00","tech","https://api-staging.newsroll.app/media/stories/1141789147-6b5ab68f6cb8f904695a1bd91d904559f9d6e1e96a0580e53d2830bf8e8ef22c.webp","Error: asset 404 https://api-staging.newsroll.app/media/stories/1141789147-6b5ab68f6cb8f904695a1bd91d904559f9d6e1e96a0580e53d2830bf8e8ef22c.webp"
1997285542,103,"2026-04-02 08:22:36.108+00","tech","https://api-staging.newsroll.app/media/stories/1997285542-b84a765f80afa83902ae2cf6094102ce52c2cc40b12c392b21926a7ebe1825e5.webp","Error: asset 404 https://api-staging.newsroll.app/media/stories/1997285542-b84a765f80afa83902ae2cf6094102ce52c2cc40b12c392b21926a7ebe1825e5.webp"
1765143714,102,"2026-04-02 08:22:34.352+00","tech","https://api-staging.newsroll.app/media/stories/1765143714-2f65eda4c3433f8f16d9ab578e147260f02779c8ff9f61042b77274af4470086.webp","Error: asset 404 https://api-staging.newsroll.app/media/stories/1765143714-2f65eda4c3433f8f16d9ab578e147260f02779c8ff9f61042b77274af4470086.webp"
1664459555,101,"2026-04-02 08:22:30.275+00","tech","https://api-staging.newsroll.app/media/stories/1664459555-5e9275efdd3b691b73a2ef19ca4a14e4ba0aa5d33b57ab8e70da1bd660423f31.webp","Error: asset 404 https://api-staging.newsroll.app/media/stories/1664459555-5e9275efdd3b691b73a2ef19ca4a14e4ba0aa5d33b57ab8e70da1bd660423f31.webp"
1360856293,100,"2026-04-02 08:22:26.797+00","tech","https://api-staging.newsroll.app/media/stories/1360856293-3072c9c9c5c832008c6a9599de5134df517869942e0cdcdd555e1f982093e3ca.webp","Error: asset 404 https://api-staging.newsroll.app/media/stories/1360856293-3072c9c9c5c832008c6a9599de5134df517869942e0cdcdd555e1f982093e3ca.webp"
3331882755,99,"2026-04-02 08:22:24.31+00","tech","https://api-staging.newsroll.app/media/stories/3331882755-cb3cf201495a05bfd84c0ca2f0f37d6113ac5c1912f34af1643cbfc281270a39.webp","Error: asset 404 https://api-staging.newsroll.app/media/stories/3331882755-cb3cf201495a05bfd84c0ca2f0f37d6113ac5c1912f34af1643cbfc281270a39.webp"
3530373290,98,"2026-04-02 08:22:17.995+00","tech","https://api-staging.newsroll.app/media/stories/3530373290-7c174380b9a50095697a5fbe81ebc993327b16c880705c020a488e8fb11adb2b.webp","Error: asset 404 https://api-staging.newsroll.app/media/stories/3530373290-7c174380b9a50095697a5fbe81ebc993327b16c880705c020a488e8fb11adb2b.webp"
5214808495,97,"2026-04-02 08:22:16.988+00","tech","https://api-staging.newsroll.app/media/stories/5214808495-20ef0e4e54cfe204b8f58cabcf929f44fd8a5dc954fcd98d55ca91a71a3602c0.webp","Error: asset 404 https://api-staging.newsroll.app/media/stories/5214808495-20ef0e4e54cfe204b8f58cabcf929f44fd8a5dc954fcd98d55ca91a71a3602c0.webp"
2819068677,96,"2026-04-02 08:22:08.198+00","general","https://api-staging.newsroll.app/media/stories/2819068677-a770cb844eb72ec83b90300fda9684e5c9d3e53f1c2ffd63a31bae11efb4d382.webp","Error: asset 404 https://api-staging.newsroll.app/media/stories/2819068677-a770cb844eb72ec83b90300fda9684e5c9d3e53f1c2ffd63a31bae11efb4d382.webp"
1463634460,95,"2026-04-02 08:22:08.006+00","tech","https://api-staging.newsroll.app/media/stories/1463634460-ca812d9dc627dfc8e6c2515cbc0ff0307149f5ea8971807ca77e34244cb634d5.webp","Error: asset 404 https://api-staging.newsroll.app/media/stories/1463634460-ca812d9dc627dfc8e6c2515cbc0ff0307149f5ea8971807ca77e34244cb634d5.webp"
2569468488,94,"2026-04-02 08:22:01.261+00","general","https://api-staging.newsroll.app/media/stories/2569468488-70c50e97f7aebe36f03f9692e0175c7179361f9da10992231e32efc40e62cef4.webp","Error: asset 404 https://api-staging.newsroll.app/media/stories/2569468488-70c50e97f7aebe36f03f9692e0175c7179361f9da10992231e32efc40e62cef4.webp"
1390947747,93,"2026-04-02 08:22:00.433+00","general","https://api-staging.newsroll.app/media/stories/1390947747-a7ed83e56d94cb5f2996d5e4a6e6e0f3502a75a35cc71f4a67e58322165c8232.webp","Error: asset 404 https://api-staging.newsroll.app/media/stories/1390947747-a7ed83e56d94cb5f2996d5e4a6e6e0f3502a75a35cc71f4a67e58322165c8232.webp"
3976892343,92,"2026-04-02 08:21:59.519+00","general","https://api-staging.newsroll.app/media/stories/3976892343-785e3b0ed7f8a83c4fcead43495e3c1a3baba116039c9db8298d82b4f2c1acc2.webp","Error: asset 404 https://api-staging.newsroll.app/media/stories/3976892343-785e3b0ed7f8a83c4fcead43495e3c1a3baba116039c9db8298d82b4f2c1acc2.webp"
1585306500,91,"2026-04-02 08:21:54.21+00","general","https://api-staging.newsroll.app/media/stories/1585306500-d78678dc90b9212bc71a5e3961dc12e8ac6ab4a98c2afcfa9772dff8d12816eb.webp","Error: asset 404 https://api-staging.newsroll.app/media/stories/1585306500-d78678dc90b9212bc71a5e3961dc12e8ac6ab4a98c2afcfa9772dff8d12816eb.webp"
2286703978,90,"2026-04-02 08:21:53.932+00","general","https://api-staging.newsroll.app/media/stories/2286703978-6c1506d2be0122aa7cc2b0e3b9c6a79ccf00dc3f838c53f3b8810f753304c1a7.webp","Error: asset 404 https://api-staging.newsroll.app/media/stories/2286703978-6c1506d2be0122aa7cc2b0e3b9c6a79ccf00dc3f838c53f3b8810f753304c1a7.webp"
2317291983,89,"2026-04-02 08:21:52.114+00","general","https://api-staging.newsroll.app/media/stories/2317291983-d36443e091ccbc660790da5530701451861bedb7519800ab7c0016d7dc8f7d08.webp","Error: asset 404 https://api-staging.newsroll.app/media/stories/2317291983-d36443e091ccbc660790da5530701451861bedb7519800ab7c0016d7dc8f7d08.webp"
2092891718,88,"2026-04-02 08:21:47.132+00","general","https://api-staging.newsroll.app/media/stories/2092891718-1fcd2e72eb8034842bdd535b84358156c8ce53ba9d369043eab5955b0f659ec3.webp","Error: asset 404 https://api-staging.newsroll.app/media/stories/2092891718-1fcd2e72eb8034842bdd535b84358156c8ce53ba9d369043eab5955b0f659ec3.webp"
3010530047,87,"2026-04-02 08:21:43.833+00","general","https://api-staging.newsroll.app/media/stories/3010530047-2956402f4c525db3cfe3da98dcd69d082ab7d3fea5449389028b79c4a8656a2e.webp","Error: asset 404 https://api-staging.newsroll.app/media/stories/3010530047-2956402f4c525db3cfe3da98dcd69d082ab7d3fea5449389028b79c4a8656a2e.webp"
4299517505,86,"2026-04-02 08:21:43.582+00","general","https://api-staging.newsroll.app/media/stories/4299517505-4b8698ae7a74a72ca27b302704680bba87b6dc32baf23323fb54445083df1d81.webp","Error: asset 404 https://api-staging.newsroll.app/media/stories/4299517505-4b8698ae7a74a72ca27b302704680bba87b6dc32baf23323fb54445083df1d81.webp"
3123578292,85,"2026-04-02 08:21:39.083+00","general","https://api-staging.newsroll.app/media/stories/3123578292-c99b7033effd6d248c56271c6469c49665944291e19add3b8425548177a09298.webp","Error: asset 404 https://api-staging.newsroll.app/media/stories/3123578292-c99b7033effd6d248c56271c6469c49665944291e19add3b8425548177a09298.webp"
4891936320,84,"2026-04-02 08:21:36.82+00","general","https://api-staging.newsroll.app/media/stories/4891936320-5a4fc78111ce41af5f28ba32f09d2c2eefe8d92fe37dfa2e7053f25113412c7c.webp","Error: asset 404 https://api-staging.newsroll.app/media/stories/4891936320-5a4fc78111ce41af5f28ba32f09d2c2eefe8d92fe37dfa2e7053f25113412c7c.webp"
2702520100,83,"2026-04-02 08:21:34.991+00","general","https://api-staging.newsroll.app/media/stories/2702520100-275480cb4f3af9e51ae583525ed7f418e7ca8c2269fc4cc42e55be2094e64d42.webp","Error: asset 404 https://api-staging.newsroll.app/media/stories/2702520100-275480cb4f3af9e51ae583525ed7f418e7ca8c2269fc4cc42e55be2094e64d42.webp"
2485127859,82,"2026-04-02 08:21:29.014+00","general","https://api-staging.newsroll.app/media/stories/2485127859-7877596b4a4b5685c559701edc791d70a091a8e6471603111eaf609b950b5195.webp","Error: asset 404 https://api-staging.newsroll.app/media/stories/2485127859-7877596b4a4b5685c559701edc791d70a091a8e6471603111eaf609b950b5195.webp"
1166180566,81,"2026-04-02 08:21:26.001+00","general","https://api-staging.newsroll.app/media/stories/1166180566-78b67dba72e961099d3ba4d4c667e9ae01c1a4194fcf0484ac2646d63129db45.webp","Error: asset 404 https://api-staging.newsroll.app/media/stories/1166180566-78b67dba72e961099d3ba4d4c667e9ae01c1a4194fcf0484ac2646d63129db45.webp"
2537145091,80,"2026-04-02 08:20:59.193+00","general","https://api-staging.newsroll.app/media/stories/2537145091-9c6cf671bcec8b86233da6a09899cbb38069f9635d62991778d92850e1ce90d8.webp","Error: asset 404 https://api-staging.newsroll.app/media/stories/2537145091-9c6cf671bcec8b86233da6a09899cbb38069f9635d62991778d92850e1ce90d8.webp"
4343156033,79,"2026-04-02 08:20:50.351+00","general","https://api-staging.newsroll.app/media/stories/4343156033-435f2b7466edee5c238076466d2e7064a3fb334e6f492390d24d017124f8d8c4.webp","Error: asset 404 https://api-staging.newsroll.app/media/stories/4343156033-435f2b7466edee5c238076466d2e7064a3fb334e6f492390d24d017124f8d8c4.webp"
5254173614,78,"2026-04-02 08:20:43.685+00","general","https://api-staging.newsroll.app/media/stories/5254173614-46c5fe16d4472c0161206f22ae5716eff4184000c3991998fc08a1002d7cdee4.webp","Error: asset 404 https://api-staging.newsroll.app/media/stories/5254173614-46c5fe16d4472c0161206f22ae5716eff4184000c3991998fc08a1002d7cdee4.webp"
4448450404,77,"2026-04-02 08:20:36.523+00","general","https://api-staging.newsroll.app/media/stories/4448450404-29ab2ec97d85b1932a75f05b1eeb1689611cffcc777d3e15cb60e94e2baec006.webp","Error: asset 404 https://api-staging.newsroll.app/media/stories/4448450404-29ab2ec97d85b1932a75f05b1eeb1689611cffcc777d3e15cb60e94e2baec006.webp"
5182605861,76,"2026-04-02 08:20:28.037+00","general","https://api-staging.newsroll.app/media/stories/5182605861-d6517570bd304c60addd322a1a74d0ddd1e9378448e1b8aceae0f5cb51f65ffb.webp","Error: asset 404 https://api-staging.newsroll.app/media/stories/5182605861-d6517570bd304c60addd322a1a74d0ddd1e9378448e1b8aceae0f5cb51f65ffb.webp"
2497263451,75,"2026-04-02 08:17:43.956+00","entertainment","https://api-staging.newsroll.app/media/stories/2497263451-e9b496d8651c74674013573e0519426bc6a3bd0254b178667aff278fcebaf947.webp","Error: asset 404 https://api-staging.newsroll.app/media/stories/2497263451-e9b496d8651c74674013573e0519426bc6a3bd0254b178667aff278fcebaf947.webp"
3292649642,74,"2026-04-02 08:17:36.631+00","science","https://api-staging.newsroll.app/media/stories/3292649642-13b63e0affa91f7b6ed69e6693526578ef7edf7e3ad6bb4e0018b5f1bcd5e95b.webp","Error: asset 404 https://api-staging.newsroll.app/media/stories/3292649642-13b63e0affa91f7b6ed69e6693526578ef7edf7e3ad6bb4e0018b5f1bcd5e95b.webp"
4124089383,73,"2026-04-02 08:17:28.237+00","science","https://api-staging.newsroll.app/media/stories/4124089383-9da2ed4e4b4c52f5e36cbb7f42893b0903a96e79468aac4e6257ce7b6f910da4.webp","Error: asset 404 https://api-staging.newsroll.app/media/stories/4124089383-9da2ed4e4b4c52f5e36cbb7f42893b0903a96e79468aac4e6257ce7b6f910da4.webp"
3364777635,72,"2026-04-02 08:17:20.438+00","science","https://api-staging.newsroll.app/media/stories/3364777635-5ee041fdcf00a1b395ae9b9adb72a04208238a08ee5d63059fce0ef29a45b009.webp","Error: asset 404 https://api-staging.newsroll.app/media/stories/3364777635-5ee041fdcf00a1b395ae9b9adb72a04208238a08ee5d63059fce0ef29a45b009.webp"
3412366922,71,"2026-04-02 08:16:56.782+00","science","https://api-staging.newsroll.app/media/stories/3412366922-9fde441115747ece0a60fc6a266e02a3dda309e9dce901d21d4ca87123ad0fd3.webp","Error: asset 404 https://api-staging.newsroll.app/media/stories/3412366922-9fde441115747ece0a60fc6a266e02a3dda309e9dce901d21d4ca87123ad0fd3.webp"
1921603008,70,"2026-04-02 08:16:49.815+00","tech","https://api-staging.newsroll.app/media/stories/1921603008-6d5d7cb55a569db27f584f6285a1ad942d63ed29eb05f345793d8d96260b35b4.webp","Error: asset 404 https://api-staging.newsroll.app/media/stories/1921603008-6d5d7cb55a569db27f584f6285a1ad942d63ed29eb05f345793d8d96260b35b4.webp"
3508201146,69,"2026-04-02 08:16:42.727+00","tech","https://api-staging.newsroll.app/media/stories/3508201146-0bea634b97857bdf474316d82d65c223e2ae989f3907b5c53c397d76a33d9a26.webp","Error: asset 404 https://api-staging.newsroll.app/media/stories/3508201146-0bea634b97857bdf474316d82d65c223e2ae989f3907b5c53c397d76a33d9a26.webp"
3453696140,68,"2026-04-02 08:16:31.488+00","tech","https://api-staging.newsroll.app/media/stories/3453696140-3d2c1dd958099d1848e21e0b4a02701db63e942854ea5f01a73364a6acae4217.webp","Error: asset 404 https://api-staging.newsroll.app/media/stories/3453696140-3d2c1dd958099d1848e21e0b4a02701db63e942854ea5f01a73364a6acae4217.webp"
1488676950,67,"2026-04-02 08:16:23.954+00","tech","https://api-staging.newsroll.app/media/stories/1488676950-623607955daa15a53a4013a1d88f7cdb00b1aaaf1b2ed45d3211af95bd4a5bd5.webp","Error: asset 404 https://api-staging.newsroll.app/media/stories/1488676950-623607955daa15a53a4013a1d88f7cdb00b1aaaf1b2ed45d3211af95bd4a5bd5.webp"
1632328607,66,"2026-04-02 08:16:12.904+00","tech","https://api-staging.newsroll.app/media/stories/1632328607-592f98de60eb78e8412bda5615b4cb11128b2af288176b8f2b13e1579f1dc6fb.webp","Error: asset 404 https://api-staging.newsroll.app/media/stories/1632328607-592f98de60eb78e8412bda5615b4cb11128b2af288176b8f2b13e1579f1dc6fb.webp"
2803591376,65,"2026-04-02 08:16:02.922+00","tech","https://api-staging.newsroll.app/media/stories/2803591376-79c77c1578bd147f2d21351bdd297e5c48e8f1f8900fb0635c69a1b2279c97a5.webp","Error: asset 404 https://api-staging.newsroll.app/media/stories/2803591376-79c77c1578bd147f2d21351bdd297e5c48e8f1f8900fb0635c69a1b2279c97a5.webp"
3222712231,64,"2026-04-02 08:15:55.057+00","tech","https://api-staging.newsroll.app/media/stories/3222712231-9e8decebb14ccd5ee1be6c8477ce92814b04f7ec58f3c8cae7df3e500e90a424.webp","Error: asset 404 https://api-staging.newsroll.app/media/stories/3222712231-9e8decebb14ccd5ee1be6c8477ce92814b04f7ec58f3c8cae7df3e500e90a424.webp"
3595954515,63,"2026-04-02 08:15:47.47+00","tech","https://api-staging.newsroll.app/media/stories/3595954515-2f0a987b2f50c0b9394bc4ba7801d3fc0b4755e5066fd05d6320ee2d26bf212b.webp","Error: asset 404 https://api-staging.newsroll.app/media/stories/3595954515-2f0a987b2f50c0b9394bc4ba7801d3fc0b4755e5066fd05d6320ee2d26bf212b.webp"
2023673121,62,"2026-04-02 08:15:40.102+00","tech","https://api-staging.newsroll.app/media/stories/2023673121-174bf847c4cfc3e83497d9618e180eb64ba6d367f1591ddadcc46eff3f759af0.webp","Error: asset 404 https://api-staging.newsroll.app/media/stories/2023673121-174bf847c4cfc3e83497d9618e180eb64ba6d367f1591ddadcc46eff3f759af0.webp"
2267562332,61,"2026-04-02 08:15:32.14+00","tech","https://api-staging.newsroll.app/media/stories/2267562332-aac099d37a8221195bb35a6fdd4a205aa1797d4ff22c0d20d13f7def9979fd64.webp","Error: asset 404 https://api-staging.newsroll.app/media/stories/2267562332-aac099d37a8221195bb35a6fdd4a205aa1797d4ff22c0d20d13f7def9979fd64.webp"
1943247578,60,"2026-04-02 08:12:05.248+00","tech","https://api-staging.newsroll.app/media/stories/1943247578-f4cd782f5c55ab9dfa60d666e4188c7a99e59990eab99e4b38f3e6ed1be76dc6.webp","Error: asset 404 https://api-staging.newsroll.app/media/stories/1943247578-f4cd782f5c55ab9dfa60d666e4188c7a99e59990eab99e4b38f3e6ed1be76dc6.webp"
2993310135,59,"2026-04-02 08:11:58.565+00","tech","https://api-staging.newsroll.app/media/stories/2993310135-33b74202bf6a021adc07053b5dc38dcb32bae1c8395dd7b54edb1c91209cbf35.webp","Error: asset 404 https://api-staging.newsroll.app/media/stories/2993310135-33b74202bf6a021adc07053b5dc38dcb32bae1c8395dd7b54edb1c91209cbf35.webp"
3579226003,58,"2026-04-02 08:11:51.729+00","tech","https://api-staging.newsroll.app/media/stories/3579226003-fbfc84268abd112b41fb5a102679083eca4b9833b65f8301e483b3e53e485b02.webp","Error: asset 404 https://api-staging.newsroll.app/media/stories/3579226003-fbfc84268abd112b41fb5a102679083eca4b9833b65f8301e483b3e53e485b02.webp"
3287458013,57,"2026-04-02 08:11:44.762+00","tech","https://api-staging.newsroll.app/media/stories/3287458013-bb65d3e4467c33a62e56c63d39a7dc62c41c0719b1dbc463e6653db3a950369f.webp","Error: asset 404 https://api-staging.newsroll.app/media/stories/3287458013-bb65d3e4467c33a62e56c63d39a7dc62c41c0719b1dbc463e6653db3a950369f.webp"
3378319067,56,"2026-04-02 08:11:38.054+00","tech","https://api-staging.newsroll.app/media/stories/3378319067-e626ef2c28e27a2cf82c894d21566eb07c1a319f73547f062ab38c14e7f0d787.webp","Error: asset 404 https://api-staging.newsroll.app/media/stories/3378319067-e626ef2c28e27a2cf82c894d21566eb07c1a319f73547f062ab38c14e7f0d787.webp"
2253278854,55,"2026-04-02 08:11:13.866+00","business","https://api-staging.newsroll.app/media/stories/2253278854-bcd97515839075c5cca357eeb77cabc6a2ad2a8f912d80c6c5041a7b432a1b86.webp","Error: asset 404 https://api-staging.newsroll.app/media/stories/2253278854-bcd97515839075c5cca357eeb77cabc6a2ad2a8f912d80c6c5041a7b432a1b86.webp"
4454308212,54,"2026-04-02 08:10:59.936+00","tech","https://api-staging.newsroll.app/media/stories/4454308212-3c5b27c7c75ae1378d8caa2c50d99db42d17daea00c8400e043aa312822e9073.webp","Error: asset 404 https://api-staging.newsroll.app/media/stories/4454308212-3c5b27c7c75ae1378d8caa2c50d99db42d17daea00c8400e043aa312822e9073.webp"
2473721662,53,"2026-04-02 08:10:53.381+00","tech","https://api-staging.newsroll.app/media/stories/2473721662-db515ea85fad13ac6711b84a6a83eea4150fdca6a319b2983f9ed33239513e11.webp","Error: asset 404 https://api-staging.newsroll.app/media/stories/2473721662-db515ea85fad13ac6711b84a6a83eea4150fdca6a319b2983f9ed33239513e11.webp"
3574781963,52,"2026-04-02 08:10:45.518+00","tech","https://api-staging.newsroll.app/media/stories/3574781963-fefb7359914785ab7ba0975060a028a8cf6c2a21ced702949491c9012063c123.webp","Error: asset 404 https://api-staging.newsroll.app/media/stories/3574781963-fefb7359914785ab7ba0975060a028a8cf6c2a21ced702949491c9012063c123.webp"
3872472248,51,"2026-04-02 08:10:37.39+00","tech","https://api-staging.newsroll.app/media/stories/3872472248-b2fd24740ebedcb4581668e26a753421dc5a3a0d420ef4bf72d7a3159d7b5903.webp","Error: asset 404 https://api-staging.newsroll.app/media/stories/3872472248-b2fd24740ebedcb4581668e26a753421dc5a3a0d420ef4bf72d7a3159d7b5903.webp"
3908367072,50,"2026-04-02 08:10:27.769+00","tech","https://api-staging.newsroll.app/media/stories/3908367072-76bd5c61ef9179cf96635b6711541299a73033e8ee5845185292f10691ffb1c2.webp","Error: asset 404 https://api-staging.newsroll.app/media/stories/3908367072-76bd5c61ef9179cf96635b6711541299a73033e8ee5845185292f10691ffb1c2.webp"
2392095162,49,"2026-04-02 08:01:44.837+00","general","https://api-staging.newsroll.app/media/stories/2392095162-eb66460ee6a4236af6be20013d1918819d2f6b8687778db3ca857b3890f435fc.webp","Error: asset 404 https://api-staging.newsroll.app/media/stories/2392095162-eb66460ee6a4236af6be20013d1918819d2f6b8687778db3ca857b3890f435fc.webp"
1515917712,48,"2026-04-02 08:01:37.708+00","general","https://api-staging.newsroll.app/media/stories/1515917712-ff14bb597a093621dfde57fc34511d8574423b120480afdf4bd1827fe448c5ef.webp","Error: asset 404 https://api-staging.newsroll.app/media/stories/1515917712-ff14bb597a093621dfde57fc34511d8574423b120480afdf4bd1827fe448c5ef.webp"
4795256347,47,"2026-04-02 08:01:29.395+00","general","https://api-staging.newsroll.app/media/stories/4795256347-7d94c521fd8b9d4786afa5b4a32303a4b06ecdb5a7eea02c46c2cf63269fafe8.webp","Error: asset 404 https://api-staging.newsroll.app/media/stories/4795256347-7d94c521fd8b9d4786afa5b4a32303a4b06ecdb5a7eea02c46c2cf63269fafe8.webp"
3512093288,46,"2026-04-02 08:01:21.889+00","general","https://api-staging.newsroll.app/media/stories/3512093288-e2e7a66e7333b5660fa9668dcaed315227db4b086eda6f20e2d121a3887b60d6.webp","Error: asset 404 https://api-staging.newsroll.app/media/stories/3512093288-e2e7a66e7333b5660fa9668dcaed315227db4b086eda6f20e2d121a3887b60d6.webp"
1157575546,45,"2026-04-02 08:01:13.94+00","general","https://api-staging.newsroll.app/media/stories/1157575546-af8c1e9c96bec7a7228da9bfac1a451db48d412b020cb045719c637002f0eaf4.webp","Error: asset 404 https://api-staging.newsroll.app/media/stories/1157575546-af8c1e9c96bec7a7228da9bfac1a451db48d412b020cb045719c637002f0eaf4.webp"
1696427114,44,"2026-04-02 08:01:01.597+00","general","https://api-staging.newsroll.app/media/stories/1696427114-bd1c8a07aa4e5bc18cd1ffb9d70c30f741404cc061d4553ce3e71d94b661145e.webp","Error: asset 404 https://api-staging.newsroll.app/media/stories/1696427114-bd1c8a07aa4e5bc18cd1ffb9d70c30f741404cc061d4553ce3e71d94b661145e.webp"
3792892767,43,"2026-04-02 08:00:54.479+00","general","https://api-staging.newsroll.app/media/stories/3792892767-8f336636f84691bd1c7951952401c1fda087f3654da99a6cd00ab9dee821133e.webp","Error: asset 404 https://api-staging.newsroll.app/media/stories/3792892767-8f336636f84691bd1c7951952401c1fda087f3654da99a6cd00ab9dee821133e.webp"
2600536213,42,"2026-04-02 08:00:46.565+00","general","https://api-staging.newsroll.app/media/stories/2600536213-8d8bc1fa4cc7df574151404b9bddee599e75dc52e9a7427e35dfe451f49b7acc.webp","Error: asset 404 https://api-staging.newsroll.app/media/stories/2600536213-8d8bc1fa4cc7df574151404b9bddee599e75dc52e9a7427e35dfe451f49b7acc.webp"
2240697136,41,"2026-04-02 08:00:39.285+00","general","https://api-staging.newsroll.app/media/stories/2240697136-b87f689f2430e0d40f659bd6a4b3b934223294d3e6c4ec3493def8ef85703e27.webp","Error: asset 404 https://api-staging.newsroll.app/media/stories/2240697136-b87f689f2430e0d40f659bd6a4b3b934223294d3e6c4ec3493def8ef85703e27.webp"
4906110195,40,"2026-04-02 08:00:30.579+00","general","https://api-staging.newsroll.app/media/stories/4906110195-496b9ecae6050fdf5f77c0b2132673d5a3631dd0906430e485a5f049a0adf084.webp","Error: asset 404 https://api-staging.newsroll.app/media/stories/4906110195-496b9ecae6050fdf5f77c0b2132673d5a3631dd0906430e485a5f049a0adf084.webp"
3959277190,39,"2026-04-02 07:54:01.688+00","general","https://api-staging.newsroll.app/media/stories/3959277190-839c54492c07df215f00b6af85b28218f2b9f5577bffa4fb500c67e441f47c35.webp","Error: asset 404 https://api-staging.newsroll.app/media/stories/3959277190-839c54492c07df215f00b6af85b28218f2b9f5577bffa4fb500c67e441f47c35.webp"
2156496619,38,"2026-04-02 07:53:18.604+00","entertainment","https://api-staging.newsroll.app/media/stories/2156496619-dee8d0f50ff5a2d70a462c7ef671a3dc89d857bdf843d42c1c1eb6e74f86b4ef.webp","Error: asset 404 https://api-staging.newsroll.app/media/stories/2156496619-dee8d0f50ff5a2d70a462c7ef671a3dc89d857bdf843d42c1c1eb6e74f86b4ef.webp"
1491130875,37,"2026-04-02 07:53:10.936+00","entertainment","https://api-staging.newsroll.app/media/stories/1491130875-8d0ea150439b84f80eaf7c8afc85f7c588a0c31bc84730264f16c50da9d4a39d.webp","Error: asset 404 https://api-staging.newsroll.app/media/stories/1491130875-8d0ea150439b84f80eaf7c8afc85f7c588a0c31bc84730264f16c50da9d4a39d.webp"
4584553180,36,"2026-04-02 07:53:03.258+00","entertainment","https://api-staging.newsroll.app/media/stories/4584553180-00165c08adf7b24cdeede717591c29a7cfe4e6ef74399d55b4fdd22a8b594674.webp","Error: asset 404 https://api-staging.newsroll.app/media/stories/4584553180-00165c08adf7b24cdeede717591c29a7cfe4e6ef74399d55b4fdd22a8b594674.webp"
4848452340,35,"2026-04-02 07:53:03.415+00","entertainment","https://api-staging.newsroll.app/media/stories/4848452340-369196e7992aeb3631b574721653b4adf5a58289a7483b221fbde0b2a50148a4.webp","Error: asset 404 https://api-staging.newsroll.app/media/stories/4848452340-369196e7992aeb3631b574721653b4adf5a58289a7483b221fbde0b2a50148a4.webp"
1591638105,34,"2026-04-02 07:52:59.571+00","entertainment","https://api-staging.newsroll.app/media/stories/1591638105-163b3b9761f2ae30fe8320ee264a1574b855738a24660dc3e71b4c6b15b4373b.webp","Error: asset 404 https://api-staging.newsroll.app/media/stories/1591638105-163b3b9761f2ae30fe8320ee264a1574b855738a24660dc3e71b4c6b15b4373b.webp"
1137602991,33,"2026-04-02 07:52:54.048+00","entertainment","https://api-staging.newsroll.app/media/stories/1137602991-0761b6f251d42f4576c8845c37afe619c2cdb96e2f4cf849ec43c39281d064d0.webp","Error: asset 404 https://api-staging.newsroll.app/media/stories/1137602991-0761b6f251d42f4576c8845c37afe619c2cdb96e2f4cf849ec43c39281d064d0.webp"
1065155849,32,"2026-04-02 07:52:52.62+00","entertainment","https://api-staging.newsroll.app/media/stories/1065155849-dae8ac85391fb66dddcaa63b21c15348ddc80f867aa38ef27cb957e674d8a632.webp","Error: asset 404 https://api-staging.newsroll.app/media/stories/1065155849-dae8ac85391fb66dddcaa63b21c15348ddc80f867aa38ef27cb957e674d8a632.webp"
2153789601,31,"2026-04-02 07:52:53.099+00","entertainment","https://api-staging.newsroll.app/media/stories/2153789601-f20797998e8992480689ce13bd864b37d0fc430b1692a13874c2a834a163b2b3.webp","Error: asset 404 https://api-staging.newsroll.app/media/stories/2153789601-f20797998e8992480689ce13bd864b37d0fc430b1692a13874c2a834a163b2b3.webp"
5166250042,30,"2026-04-02 07:52:47.415+00","general","https://api-staging.newsroll.app/media/stories/5166250042-51a13b16c92d361d6468903b8a3b8d73ece6e7d842636ea10e1f615dd74e7b76.webp","Error: asset 404 https://api-staging.newsroll.app/media/stories/5166250042-51a13b16c92d361d6468903b8a3b8d73ece6e7d842636ea10e1f615dd74e7b76.webp"
3958954354,29,"2026-04-02 07:52:45.895+00","entertainment","https://api-staging.newsroll.app/media/stories/3958954354-efc7b25334ef316446f3e5f7d49b7390ec5368a590989208a80e722c4641071b.webp","Error: asset 404 https://api-staging.newsroll.app/media/stories/3958954354-efc7b25334ef316446f3e5f7d49b7390ec5368a590989208a80e722c4641071b.webp"
5095817468,28,"2026-04-02 07:52:45.62+00","business","https://api-staging.newsroll.app/media/stories/5095817468-ecc214cf9b7320ce574c46c834d5a583fe5a4be974f751a9694367c96033de68.webp","Error: asset 404 https://api-staging.newsroll.app/media/stories/5095817468-ecc214cf9b7320ce574c46c834d5a583fe5a4be974f751a9694367c96033de68.webp"
3719186058,27,"2026-04-02 07:52:40.992+00","general","https://api-staging.newsroll.app/media/stories/3719186058-224d1314b0b96e3b31dbd43049e212a1cf05b5f582c265a4ab75016cfd8547b0.webp","Error: asset 404 https://api-staging.newsroll.app/media/stories/3719186058-224d1314b0b96e3b31dbd43049e212a1cf05b5f582c265a4ab75016cfd8547b0.webp"
3935339908,26,"2026-04-02 07:52:36.114+00","business","https://api-staging.newsroll.app/media/stories/3935339908-d3a3c7d3691ca51a5c02abc8a89e7d2f002008ed9f69ddeaa0fba1b94915564b.webp","Error: asset 404 https://api-staging.newsroll.app/media/stories/3935339908-d3a3c7d3691ca51a5c02abc8a89e7d2f002008ed9f69ddeaa0fba1b94915564b.webp"
3466641575,25,"2026-04-02 07:52:30.174+00","general","https://api-staging.newsroll.app/media/stories/3466641575-b2cb3b7c8e1b54ab5acffffa8571fae05c2aaa505b4fb972125fbea0c6c711f8.webp","Error: asset 404 https://api-staging.newsroll.app/media/stories/3466641575-b2cb3b7c8e1b54ab5acffffa8571fae05c2aaa505b4fb972125fbea0c6c711f8.webp"
2450584704,24,"2026-04-02 07:52:30.786+00","business","https://api-staging.newsroll.app/media/stories/2450584704-a712cea5ea78238f6f65f18dda376b4fe1299f14c276053cb45b0047d8d5c993.webp","Error: asset 404 https://api-staging.newsroll.app/media/stories/2450584704-a712cea5ea78238f6f65f18dda376b4fe1299f14c276053cb45b0047d8d5c993.webp"
2280257079,23,"2026-04-02 07:52:22.707+00","tech","https://api-staging.newsroll.app/media/stories/2280257079-5bb7289c028f846013a657a23aacc8a7d6124626afad50e83737dae1a05c7586.webp","Error: asset 404 https://api-staging.newsroll.app/media/stories/2280257079-5bb7289c028f846013a657a23aacc8a7d6124626afad50e83737dae1a05c7586.webp"
2900554879,22,"2026-04-02 07:52:21.452+00","general","https://api-staging.newsroll.app/media/stories/2900554879-a4c73f3a3ce2545a12638fa1613f8d491c19efe30573530e2591929ae09171b5.webp","Error: asset 404 https://api-staging.newsroll.app/media/stories/2900554879-a4c73f3a3ce2545a12638fa1613f8d491c19efe30573530e2591929ae09171b5.webp"
3671444487,21,"2026-04-02 07:52:14.866+00","general","https://api-staging.newsroll.app/media/stories/3671444487-790e7479813edcd90b79b06eb2a8b470a7cf5691159940ba22743f2967b74efc.webp","Error: asset 404 https://api-staging.newsroll.app/media/stories/3671444487-790e7479813edcd90b79b06eb2a8b470a7cf5691159940ba22743f2967b74efc.webp"
4328120098,20,"2026-04-02 07:52:12.986+00","general","https://api-staging.newsroll.app/media/stories/4328120098-3428fc2e207077d913771631c54532c64e75153bfecd38e781b4f27b5f24e168.webp","Error: asset 404 https://api-staging.newsroll.app/media/stories/4328120098-3428fc2e207077d913771631c54532c64e75153bfecd38e781b4f27b5f24e168.webp"
1737539262,19,"2026-04-02 07:51:45.185+00","general","https://api-staging.newsroll.app/media/stories/1737539262-e7bfd7a756afd5ab1779bafd9236ba0ffaf08bcdf6513c671a249e9a65ff83a8.webp","Error: asset 404 https://api-staging.newsroll.app/media/stories/1737539262-e7bfd7a756afd5ab1779bafd9236ba0ffaf08bcdf6513c671a249e9a65ff83a8.webp"
3178728563,18,"2026-04-02 07:51:19.91+00","general","https://api-staging.newsroll.app/media/stories/3178728563-ca6018a87dc3c078859351e367ee33d6eabc1c827bf84c021e57e48fb65be7db.webp","Error: asset 404 https://api-staging.newsroll.app/media/stories/3178728563-ca6018a87dc3c078859351e367ee33d6eabc1c827bf84c021e57e48fb65be7db.webp"
2073055945,17,"2026-04-02 07:51:11.986+00","general","https://api-staging.newsroll.app/media/stories/2073055945-d803652ffa3eadf90ba12520f02a5906b1c01cbbec91d340e04cec28b082256c.webp","Error: asset 404 https://api-staging.newsroll.app/media/stories/2073055945-d803652ffa3eadf90ba12520f02a5906b1c01cbbec91d340e04cec28b082256c.webp"
2098657527,16,"2026-04-02 07:51:05.287+00","general","https://api-staging.newsroll.app/media/stories/2098657527-bfc72de76dda69da1b11d5a089be00afcd4612744ad3da984baeba38a5ab7b37.webp","Error: asset 404 https://api-staging.newsroll.app/media/stories/2098657527-bfc72de76dda69da1b11d5a089be00afcd4612744ad3da984baeba38a5ab7b37.webp"
4222686087,15,"2026-04-02 07:50:58.221+00","general","https://api-staging.newsroll.app/media/stories/4222686087-fa7ba3633759021fbc6e6b8a06f921d88de0b5cc04d73723628e7abd3258c718.webp","Error: asset 404 https://api-staging.newsroll.app/media/stories/4222686087-fa7ba3633759021fbc6e6b8a06f921d88de0b5cc04d73723628e7abd3258c718.webp"
4849970433,14,"2026-04-02 07:50:49.947+00","general","https://api-staging.newsroll.app/media/stories/4849970433-70c21b50dc2a51698c0b82569ec1f12f60021765a0307668409beb88b0745c9f.webp","Error: asset 404 https://api-staging.newsroll.app/media/stories/4849970433-70c21b50dc2a51698c0b82569ec1f12f60021765a0307668409beb88b0745c9f.webp"
5185743947,13,"2026-04-02 07:50:38.046+00","general","https://api-staging.newsroll.app/media/stories/5185743947-5201b9c17a168aaae2e608c7087a1bcdbc78cd7a4d1757af058be35888e280d9.webp","Error: asset 404 https://api-staging.newsroll.app/media/stories/5185743947-5201b9c17a168aaae2e608c7087a1bcdbc78cd7a4d1757af058be35888e280d9.webp"
3891417280,12,"2026-04-02 07:50:28.891+00","general","https://api-staging.newsroll.app/media/stories/3891417280-43ea789765de6524160c4f0b1a4a7df71ec6fe979932e2cacdb676401834b5cb.webp","Error: asset 404 https://api-staging.newsroll.app/media/stories/3891417280-43ea789765de6524160c4f0b1a4a7df71ec6fe979932e2cacdb676401834b5cb.webp"
4671366407,11,"2026-04-02 07:41:49.643+00","general","https://api-staging.newsroll.app/media/stories/4671366407-49ba60f2a672558fcbfb592c152fea8281afe74e116d68f7b240fa53da561685.webp","Error: asset 404 https://api-staging.newsroll.app/media/stories/4671366407-49ba60f2a672558fcbfb592c152fea8281afe74e116d68f7b240fa53da561685.webp"
4309634902,10,"2026-04-02 07:41:40.139+00","general","https://api-staging.newsroll.app/media/stories/4309634902-51ae056237d3f5e0ce6cfc5de704e10af177747f7b74a3a498ba47fb81d24edd.webp","Error: asset 404 https://api-staging.newsroll.app/media/stories/4309634902-51ae056237d3f5e0ce6cfc5de704e10af177747f7b74a3a498ba47fb81d24edd.webp"
3947293013,9,"2026-04-02 07:41:33.468+00","general","https://api-staging.newsroll.app/media/stories/3947293013-bff7ddc19cc86dd29c0758f91566862d90864eb503cd8a4c98d4a31dce9791b1.webp","Error: asset 404 https://api-staging.newsroll.app/media/stories/3947293013-bff7ddc19cc86dd29c0758f91566862d90864eb503cd8a4c98d4a31dce9791b1.webp"
1170535526,8,"2026-04-02 07:41:24.768+00","general","https://api-staging.newsroll.app/media/stories/1170535526-7b2ca628bf007e4f305d074d61b360a0ec536fa9def0431b873fe5d48144dbe0.webp","Error: asset 404 https://api-staging.newsroll.app/media/stories/1170535526-7b2ca628bf007e4f305d074d61b360a0ec536fa9def0431b873fe5d48144dbe0.webp"
3268294257,7,"2026-04-02 07:41:18.492+00","tech","https://api-staging.newsroll.app/media/stories/3268294257-9e4e4f5b5ce215d3de22446c52cd37a49ce5943b371b907a2b45c360b283eb49.webp","Error: asset 404 https://api-staging.newsroll.app/media/stories/3268294257-9e4e4f5b5ce215d3de22446c52cd37a49ce5943b371b907a2b45c360b283eb49.webp"
2990769808,6,"2026-04-02 07:41:17.047+00","general","https://api-staging.newsroll.app/media/stories/2990769808-19e254e631b7a4207923ab3f8c2451e66d80924d0e0094f8aca7ec926d446b4e.webp","Error: asset 404 https://api-staging.newsroll.app/media/stories/2990769808-19e254e631b7a4207923ab3f8c2451e66d80924d0e0094f8aca7ec926d446b4e.webp"
5125658084,5,"2026-04-02 07:40:56.414+00","general","https://api-staging.newsroll.app/media/stories/5125658084-c583689dcdd031e7ddbbc7762684769dce8eadec5b78bceeaa2bc385ae15ee1f.webp","Error: asset 404 https://api-staging.newsroll.app/media/stories/5125658084-c583689dcdd031e7ddbbc7762684769dce8eadec5b78bceeaa2bc385ae15ee1f.webp"
4273030643,4,"2026-04-02 07:40:50.026+00","general","https://api-staging.newsroll.app/media/stories/4273030643-307dd86a65d00a7c427699a3aa4338191f516b992cf56cc9afd39cdf15486f29.webp","Error: asset 404 https://api-staging.newsroll.app/media/stories/4273030643-307dd86a65d00a7c427699a3aa4338191f516b992cf56cc9afd39cdf15486f29.webp"
4821573277,3,"2026-04-02 07:40:42.825+00","general","https://api-staging.newsroll.app/media/stories/4821573277-4f353a4dafa1cd74b4fc98f599e4a09118f1bd32e10affd1a8ef25738dd05af2.webp","Error: asset 404 https://api-staging.newsroll.app/media/stories/4821573277-4f353a4dafa1cd74b4fc98f599e4a09118f1bd32e10affd1a8ef25738dd05af2.webp"
1527623632,2,"2026-04-02 07:40:36.337+00","general","https://api-staging.newsroll.app/media/stories/1527623632-8da69bdf8e90b8f6e7d9ddef2da277a6231f79b1445a75bd6274aeed92bb3753.webp","Error: asset 404 https://api-staging.newsroll.app/media/stories/1527623632-8da69bdf8e90b8f6e7d9ddef2da277a6231f79b1445a75bd6274aeed92bb3753.webp"
1561949435,1,"2026-04-02 07:40:26.668+00","general","https://api-staging.newsroll.app/media/stories/1561949435-8dd8978f2a14a76e9330e026ba78f425ef4a9d6560bca3e09a64d3ee0b468ee4.webp","Error: asset 404 https://api-staging.newsroll.app/media/stories/1561949435-8dd8978f2a14a76e9330e026ba78f425ef4a9d6560bca3e09a64d3ee0b468ee4.webp"
