storyId,mediaUrl,headline,status,recrawl,latencyMs
3075017222,https://media.newsroll.app/stories/3075017222-c25a5c6cc098cee1362872eb69a4d6bfc7ac6db8e982b46f35c244fc9fe1a147-c8fe71b9-eb63-49b4-a185-a6a1e2b24c68.webp,"",ready,false,13678
3317339768,https://media.newsroll.app/stories/3317339768-b364a618bdcbb15578eff85ac616d8b2b4ea966beaab8048432437e34d640b85-7e6c9c00-a174-4eb3-9d98-d7fa3fb50cf5.webp,"",ready,false,13611
3408748920,https://media.newsroll.app/stories/3408748920-92b10b6e6a6771957de845789e7ec5ca64cda1916eb7cdc1c815592b7c3005a5-5cfc55a6-35ba-4280-89a3-504e6a2b719b.webp,"",ready,false,11161
4856737335,https://media.newsroll.app/stories/4856737335-c608e6427e73d8aad9cf06d4b550e0aa66f004b121621f3940643b68185a2be7-13669e96-d3e3-4683-b8c9-f0cee8fb8465.webp,"",ready,false,12495
2529292442,https://media.newsroll.app/stories/2529292442-e7148f63a0facefffc2e75a4a61dc86a574fdcd0450a0dbf16e2455ba2b542dd-18042674-2408-4c6a-a112-fae3f7648437.webp,"",ready,false,10832
3623590174,https://media.newsroll.app/stories/3623590174-5a4fc78111ce41af5f28ba32f09d2c2eefe8d92fe37dfa2e7053f25113412c7c-17907ba4-199a-47d6-be19-d2ef612567b3.webp,"",ready,false,11600
2324785562,https://media.newsroll.app/stories/2324785562-80178446c234e7974ed8782b5cb5267ff02f96c94d3153f9f4c53c46f5d03b8c-97aa5fa7-e424-4e2f-97d8-63b4b944897a.webp,"",ready,false,11193
4679926804,https://media.newsroll.app/stories/4679926804-7e0bc224b1f5cbecf33174d5dd7e9522e1f030e8eab52fe70478a0fb7256f627-b4edd7a9-6019-446b-b8bb-543a31f33b28.webp,"",ready,false,10496
1820469813,https://media.newsroll.app/stories/1820469813-c3e1f5078089083fde6b9c3da7b2390c4db714879e06a6a7a10bf90e12f8d731-b14b041d-b63e-4bac-b2ca-4e8c5ee92d02.webp,"",ready,false,10647
1900294189,https://media.newsroll.app/stories/1900294189-860249b7e860c5f67fa3f02efee96dd114cdaeed8b8e19264d63fa3f9f9f9bb9-c8a296d9-99a1-4908-be6e-f44e243a0155.webp,"",ready,false,11391
3024703416,https://media.newsroll.app/stories/3024703416-cb5636b60141d0184b8948b1d76db0e34bfe19289096faf86ee1a510aefadd4f-8ca87080-0d6a-4997-a18b-7470087784ff.webp,"",ready,false,11036
3081409455,https://media.newsroll.app/stories/3081409455-ec95235faa4488dfec6bac6f589a9a3f8f2c73118a3eb1b759f1b8367f413ddd-dc7471e1-9ed7-4cd6-93f7-2ff6fa0631f2.webp,"",ready,false,10956
2588322451,https://media.newsroll.app/stories/2588322451-d2ef1386ec194221b19015ac3c9250ab8d29becd4b151c9289cfa45ecaa0c871-f76b2169-c070-4299-bdbb-067de3f1b87a.webp,"",ready,false,11853
1522617313,https://media.newsroll.app/stories/1522617313-b5737a68ccb6308bb10230b837d48f09848dd05f30a9d632e50231c6ec3418fa-9dbc6974-0839-44ef-a39b-e8eea6846284.webp,"",ready,false,15325
2780923663,https://media.newsroll.app/stories/2780923663-6da2546f6268ee9fb0cdfebda2adac1f1f34e0d4ae421cda4dcd6da284dd193d-8706fd89-c39f-4d4d-b76c-cb28a56e3d27.webp,"",ready,false,10744
2432693497,https://media.newsroll.app/stories/2432693497-f19a760182af87041ef6ada3d05ec3850956ae9c05e0ac7394fdcd13b9ca972f-bffa25b6-fb93-4bc5-86d4-1436ec0460c6.webp,"",ready,false,11417
4940606284,https://media.newsroll.app/stories/4940606284-f1504ba9a72f1271d5bb686f2cb6301ea1c0e1e76f109f5a8e8dd6686c2536b8-a763ce8c-30e2-411d-9fd7-e4deb0385afd.webp,"",ready,false,11109
2148197274,https://media.newsroll.app/stories/2148197274-4b9ded919e594bd16334e4a4e21b245e87f709a5a18feefc4c59d1c13d623477-c4b8dd47-420c-4f4e-86c3-991a95c6a36f.webp,"",ready,false,10754
3195733875,https://media.newsroll.app/stories/3195733875-d99b9ff022028a5fe4591f109174596c4c0da8a73baed8de3ae4efd64d64e701-cf2a185b-82f0-4fac-961a-b783799813cb.webp,"",ready,false,13384
1834592032,https://media.newsroll.app/stories/1834592032-9f0492a886ca47b97d271bea2f41e2328c74c565c49cbd4fc0f6a04f37096326-ff495168-6b34-427e-84fc-ca3b58672084.webp,"",ready,false,11469
3736954930,https://media.newsroll.app/stories/3736954930-32f17dbaeb2c0b0e34cc9d3cbf5c5858b3121334aea9d6b495094df3566bbbb3-87641f1f-2ef6-49a3-8974-847d4560f525.webp,"",ready,false,10141
2572136084,https://media.newsroll.app/stories/2572136084-026ee1194cf4b68e620af436ceaac2a651682aee99011736e9d6ce9e91c47f06-8a0f568f-c620-4e34-a487-11ab07db2523.webp,"",ready,false,11975
4093278056,https://media.newsroll.app/stories/4093278056-2f8678b46217a094a7f2a0d218f9037cae3a69da3161316695521cae886040bb-da5035d7-240c-4b78-9a6b-05766eca6c37.webp,"",ready,false,11015
3325072682,https://media.newsroll.app/stories/3325072682-e495011da5dbe41d2952bb313a6867fcdc15e5b44d59b1d949663f324709db86-69b0501c-78f0-489f-b60c-a0906d828fd6.webp,"",ready,false,13796
4907485723,https://media.newsroll.app/stories/4907485723-209443f47486169a2688c94f2e3878aa51991da7fbdcd195b2493406c0dee061-8a79e192-cf26-4458-920c-f3a8fb35da1f.webp,"",ready,false,11089
3949537008,https://media.newsroll.app/stories/3949537008-17be6084b412c3bdafa92f8a3a5137209f934323d2691b5c2648616567d6173c-32652c70-ea27-4fad-bd45-826efaf02297.webp,"",ready,false,10642
4563230166,unknown,"",failed,false,3963
1744951417,https://media.newsroll.app/stories/1744951417-7f7ace218b71514ba6538d424b18489274b1c9971edf82bcd9328c7cb54de721-e2093190-da1e-4f9b-9484-832fedbe464a.webp,"",ready,false,11393
2260703978,https://media.newsroll.app/stories/2260703978-91b61bed97cd56a2c250f6297a762aadf3a9dc218e4fa29e124cccc8ff92c1d7-0556ee16-ea7f-4da0-9bf6-e99f1361fd9e.webp,"",ready,false,10962
1428510988,https://media.newsroll.app/stories/1428510988-b9ae3d0a9498c1b9d439df26c98748ec8ed53bd3cc15101fd7850fe0e1df441a-a4993908-3ee7-496b-885b-403888715f7d.webp,"",ready,false,11048
4131244464,https://media.newsroll.app/stories/4131244464-8956f3eb1b8359fc0b839afee256451f7d2471cf29dfc25aca207d6c5587253a-6e7dbcf8-f52d-4f7a-a5ce-25e22122eaa2.webp,"",ready,false,11240
2054517079,https://media.newsroll.app/stories/2054517079-c50fd83f897733af114de04941fa641690da3bc16d09f272545b3a9b6e031fa1-0b978ca9-0963-4349-bbef-c0d39fe40a21.webp,"",ready,false,13523
2289838142,https://media.newsroll.app/stories/2289838142-2a581f9cc0bd3115de9d28fab400c74cf282fbe9938e2213a2c3a472a57558f8-3c6c88b8-a963-4d2e-a000-08b65c910aa5.webp,"",ready,false,11625
2974738613,https://media.newsroll.app/stories/2974738613-262ec890517729a1eecb1ef23cb8182c5b56abbc46d178d9316e9622b78e31f2-f9bd97a7-4a25-41a9-a996-c184d56e1cd1.webp,"",ready,false,11695
3127066243,https://media.newsroll.app/stories/3127066243-ea7b90e6cdb7af14417df89124368ea0788b67f68a6ed87f97435a4b4225ad68-db550a09-acc1-4b9c-b44a-a05854d0fd0c.webp,"",ready,false,10725
1814444487,https://media.newsroll.app/stories/1814444487-d608d0ece60e45c8346d62a4b910e290aa8830810715d7ee659ff42e7e600789-385b2f17-f88c-4dfa-bf40-1e8f9155d85d.webp,"",ready,false,12506
3421539397,https://media.newsroll.app/stories/3421539397-c608e6427e73d8aad9cf06d4b550e0aa66f004b121621f3940643b68185a2be7-0790a0e3-aa68-4c1f-a94d-65970c1d4c05.webp,"",ready,false,12726
1292676954,https://media.newsroll.app/stories/1292676954-5a600345c45e1f12452671761249433baa41cd3bb0faf81fa004bb21fd2ada65-3de8699a-7ce0-4d7c-969e-3537ebaaeb5a.webp,"",ready,false,11715
1518897460,https://media.newsroll.app/stories/1518897460-29b0adb34dff4c62424c14402dc6d99913519afd836ab71a23c0388da067dc3c-8f102492-b7d6-420b-a068-8c68ce5d6dda.webp,"",ready,false,13551
3457708899,https://media.newsroll.app/stories/3457708899-6daf02ee57c3de0c0f8e7ad9881183a5a7f408e615e86f83cbd1e0203fb76da9-12557fa5-1765-497e-be13-523d33ae2f0b.webp,"",ready,false,13864
4385060572,https://media.newsroll.app/stories/4385060572-ca70d636cce30dc179ee1c14dc78088b788c74dfb3e9776a07b7a8461ff057d6-f21569b0-05ad-492f-831a-e9bb68420508.webp,"",ready,false,10614
4294906458,https://media.newsroll.app/stories/4294906458-3e176e8a80428adfda85fe7f4644024b596fd02fc400919e0c2b69db27c298a1-a731b72f-2a07-4373-b0bd-77ab8430fe8b.webp,"",ready,false,10704
3322448799,https://media.newsroll.app/stories/3322448799-c7145ed453ab5acda623c0ddc9d2b626e3cb5426fa8d42e673cbcd8f34336738-a39e4747-a3f3-419b-969e-9e009e5e830c.webp,"",ready,false,10277
5263442999,https://media.newsroll.app/stories/5263442999-c608e6427e73d8aad9cf06d4b550e0aa66f004b121621f3940643b68185a2be7-5695ab10-566c-4f02-a828-c8a6847c6b86.webp,"",ready,false,9841
2742173668,https://media.newsroll.app/stories/2742173668-0c3f7c842455c6f62ff306f00bfff9a44288bb4d1281de039a5b7aadecc3c519-9fb79549-91a8-402d-8a73-ca1a069f637c.webp,"",ready,false,11879
5163734829,https://media.newsroll.app/stories/5163734829-a5093f8629faeca0b5e28ef4c88e2651b86894f7fc79976c576efa753ecb1c2d-43ccf0ab-a7e8-4ae5-9e4c-1be85b8f2963.webp,"",ready,false,11291
1678938769,https://media.newsroll.app/stories/1678938769-b8a90c09c2ab2ce2b92c66d5814a3d6a8e2d1825299afdc22bdafcf472029b92-a84080f0-55c2-4af0-9ba0-a9b0a1f9eeb4.webp,"",ready,false,12603
2915691979,https://media.newsroll.app/stories/2915691979-a78d7089e240fed375375e5e90f46cb66f1dae36f13295cabec01a0febd773c8-5298d84c-c076-4e04-96e1-95ef34d133f0.webp,"",ready,false,11121
3097082287,https://media.newsroll.app/stories/3097082287-fa457e731d10c3b5b9792ab70b25c6b9b6fbb0730c7efb130939036a290afe7f-9b76020e-de11-47be-a6b2-b3d55b0ecde0.webp,"",ready,false,11025
2145773742,https://media.newsroll.app/stories/2145773742-5b53d213af15ee4cab6d52af1905af4926270abddfdcf33edffaaa3ed9d5f2c1-a1520b5b-6e8f-41a8-b910-eeb56fe05936.webp,"",ready,false,10735
2288697389,https://media.newsroll.app/stories/2288697389-4f75d3fbf7408241744d40154dafaf21cb813997005b1a3bbeabefb57ecad3b2-5d916bb1-c2e9-494c-814d-05dbe30df6c0.webp,"",ready,false,10944
4361854370,https://media.newsroll.app/stories/4361854370-b4f83cbf089208c5cbe430b5f0d8d879eaee36fcff65717f2f2335a66c94455c-4e4aadfd-8cde-4d56-9d2c-5585f4bde691.webp,"",ready,false,11399
2517152436,https://media.newsroll.app/stories/2517152436-374d30d447c02269eeb81049543d2f0da69050dad6686af656d8bf1f7b764957-48a65060-9881-4c2c-bee9-fb253271fcd8.webp,"",ready,false,10291
1888747352,https://media.newsroll.app/stories/1888747352-5d99f4d6f4abbf5237955c5bb1b3a21e32720b26648e7a45228a5e27b060051a-f0207363-1bf2-45b2-90b6-47d58f6fbba6.webp,"",ready,false,10898
4566068731,https://media.newsroll.app/stories/4566068731-8b1df2b6b0509e333b0305638a97260f6f5e4e26582892f07b78439784d095ab-f900c3b2-57c6-45a1-aeb1-5174af64441d.webp,"",ready,false,11996
4245394862,https://media.newsroll.app/stories/4245394862-f60041af2dc9a0f15aa1e0f9ef254c93262cc4df7568acbc55f74fa076a82ae4-a3a5f848-6f50-476d-b5af-eba99959a267.webp,"",ready,false,10576
3033729718,https://media.newsroll.app/stories/3033729718-c608e6427e73d8aad9cf06d4b550e0aa66f004b121621f3940643b68185a2be7-22cde543-ca7c-475d-9f3d-a2fcde343458.webp,"",ready,false,10241
1136584991,https://media.newsroll.app/stories/1136584991-4d70de825cb50c30e8b505e0ff31e1136d9b542d7d6e1132ffe7268c0463ef58-eee036a5-cf00-465f-a10d-29e2cee20d0d.webp,"",ready,false,10935
1964440336,https://media.newsroll.app/stories/1964440336-9faec0a63c55956acfbe1fd02e8067b394d532a799f0734dbf03facb80212763-7f224356-d0e7-4ba2-8b77-280f478cb613.webp,"",ready,false,12700
2914606127,https://media.newsroll.app/stories/2914606127-d34619093dca47f98902e138e06616289082d6751c2fb3400c071c350a6fb3ca-2032d7d2-bfa4-42b6-a776-10de7d163003.webp,"",ready,false,11028
1472824405,https://media.newsroll.app/stories/1472824405-da36306c9a70be2b3228703ebed7a712ea75e779ad98bf7c6834afcbb52ce7e1-6acd738d-7b18-42c5-8668-791e49f7c226.webp,"",ready,false,12682
1343443664,https://media.newsroll.app/stories/1343443664-d4c59eb9722db45f089d2fed834416a164e659e37be314e44844c7b3f60a5e1f-3f318293-88e6-4a38-aa64-e9a51bb2cff5.webp,"",ready,false,14321
3342681160,https://media.newsroll.app/stories/3342681160-52a27df73a9a97fef4d5f3fb84696c76c6f98f995ff7569e5e27fd31a78fc4f9-db275268-c462-47f2-8510-0ca93fe439cd.webp,"",ready,false,13942
3116656059,https://media.newsroll.app/stories/3116656059-c76b077098cb232686ca335ef3efd3acfc1256fde6a8c981c7daa937bc127a6a-1a4ff171-df09-48cd-b528-d2523a90f12d.webp,"",ready,false,12572
1634190261,https://media.newsroll.app/stories/1634190261-f71998d7bb4dde3e7ebccc302e1cf11c438ca12ac743b826ac9d729de5fa5481-d242e7be-1fd0-40a9-8322-0e3e08f079ba.webp,"",ready,false,11043
2620383988,https://media.newsroll.app/stories/2620383988-32393f7097936f25bdd81f7eb310e122c541b943ed02960f4678d5fc5e55a03b-3bf21cf3-9be2-4051-a7a9-f78622d44fef.webp,"",ready,false,12708
3026178061,https://media.newsroll.app/stories/3026178061-00e5ab1786fd2f0f668701266b595494ae68126973024b4f5f769d12b6187ed3-32a76d72-d134-4281-b105-a631531e70b8.webp,"",ready,false,10368
4066294792,https://media.newsroll.app/stories/4066294792-e4b4e462681f6aabfcc734f5236ae389fcb4d784b4dc30cdeaf9f95a6fd2d325-d246da90-e0bc-437d-8161-8660b3c23b0f.webp,"",ready,false,12864
4995187907,https://media.newsroll.app/stories/4995187907-dc7ae58ae97dabcefa23dfebedc52fe413420de7d92a44b2504275211e489ba6-ebfb641a-4e95-4da1-a629-efcd8f4c8f05.webp,"",ready,false,11010
3358871452,https://media.newsroll.app/stories/3358871452-3485e745ad8c75c9a5b4446e9ab168f33df7bd5e3f9a88fe6d52fbe68ee2588c-33dd58de-6f6b-44dc-b9ca-e6d1fd688f14.webp,"",ready,false,10292
3482611918,https://media.newsroll.app/stories/3482611918-f035420539c4f5e01b2106f624e3cc8e61e07a6568839ebd4a567d08aedca114-c060fcc1-608a-4f83-a2e9-ea4b8643ae28.webp,"",ready,false,10407
2765947007,https://media.newsroll.app/stories/2765947007-c62417b0747488677fe42d810ed372eda4d6cdad8a5ce0863f45ceef0186f818-a355a8eb-f8f6-4833-9d80-b2519c1e689b.webp,"",ready,false,11196
2947445922,https://media.newsroll.app/stories/2947445922-25d8c8bc0d139704b15aaeed1bc7655d0e9d7363de277efe6d3cad123a20295d-b11b9e78-3ebc-466d-a68d-d7c39eb5b1bd.webp,"NASA’s Artemis II mission aims to send humans back to the Moon for the first time since 1972, but some researchers remain underwhelmed. The mission’s main goals are to test aspects of human space flight ahead of future, more complex missions. However, the scientific community has mixed opinions about the mission, with some expressing excitement and others criticizing the lack of enthusiasm and the political context surrounding the mission.",ready,false,11373
4411831132,https://media.newsroll.app/stories/4411831132-5449b636585584d330579750e851a9572b0d0b0cfa9615128349a4909b6c47d3-e5e84d79-5918-47d7-a4bb-c41388bb85b2.webp,"",ready,false,13129
2965187457,https://media.newsroll.app/stories/2965187457-dc1beb5c312e97a28510ebbc880309f1429b3519bbed23abcf92e6a688f7f670-5957f78e-37a9-41e6-a887-dda53b2b53a0.webp,"",ready,false,11293
2620946934,https://media.newsroll.app/stories/2620946934-bfe36cff628708cbc306990a47f1537568a47d4f2942f9131ad89e683a6e1494-0c0cf1f2-4a8d-43d1-a616-0ed84b466c4e.webp,"",ready,false,12480
1880319816,https://media.newsroll.app/stories/1880319816-5b79246134880c9b8d2956942466523434c20619c402fab7e549f899a6016ecb-47219fb2-e164-42e2-84cb-f78d7c5e5ef5.webp,"",ready,false,12536
3411061688,https://media.newsroll.app/stories/3411061688-8deec87fd6da707323965db8a72cdf3854c473da8e48f64193228f30e2a6e658-545c56a1-0642-456e-bab0-8acf78cd354f.webp,"",ready,false,10601
4700764986,https://media.newsroll.app/stories/4700764986-de941bcc983b7d792721ae2383f0c7c0e1d96497b53ba471eac803ea338b65e1-3a5375c0-6dbd-4e53-bacc-421e69bb030c.webp,"",ready,false,11480
2731150390,https://media.newsroll.app/stories/2731150390-f98888289cbe444c3ca01c09f44f2e14ac1c0172621b1822895ea74e71a66565-86ccee9f-be11-4e35-b8e6-2a711cefc7b3.webp,"",ready,false,10918
2495709618,https://media.newsroll.app/stories/2495709618-5b861ce23d72e7b622be8dee1923d8dc40a36c0553aac94967e3b2fb6981b781-1f8e5527-0ecf-445d-9d8a-03fcb31f9c30.webp,"",ready,false,12597
2491071069,https://media.newsroll.app/stories/2491071069-5f5d0dd02b0b71a785fdfd94b4cfefc7c36e122d3d34fc83b44e897b05849a83-ba97d349-f2f7-4c52-a897-3dc9fe5ad430.webp,"",ready,false,10227
3126579663,https://media.newsroll.app/stories/3126579663-ea163cc104dec7023f04360d0c017efca4503029d5a7536ccdc71dbf18d200e8-398e3f64-2aa4-479f-b550-4293fddd0502.webp,"",ready,false,11793
4225475995,https://media.newsroll.app/stories/4225475995-dcc554b4dd96da818d34d13ffba88562489e1f5b70ca676234da173ba2a4a87e-a0873f7c-aba5-4a17-b9eb-566f94b80b1b.webp,"",ready,false,10229
3174658075,https://media.newsroll.app/stories/3174658075-3fc9b7695766e39c6ae7508e3e5c8ff77a25a27c7793948cbfa36ff2e22ac1ac-72929ca9-e7af-44f3-83ef-7d1f3205860d.webp,"The NBA is investigating the LA Clippers for allegedly circumventing the salary cap to pay star Kawhi Leonard. The investigation, led by the law firm Wachtell, Lipton, Rosen & Katz, began in September 2025 and centers on allegations that Clippers owner Steve Ballmer and the team orchestrated a $28 million endorsement deal between Leonard and Aspiration, a now-bankrupt green banking company in which Ballmer had invested.",ready,true,47538
4256180100,https://media.newsroll.app/stories/4256180100-4dc45e42b6e42eb6c1ae98f66e0c292a9a9cd5d8ec8cacfe58cbd2bc12dac887-9dcc576f-0906-4f33-a793-51551d15b639.webp,"",ready,false,11877
1435279933,https://media.newsroll.app/stories/1435279933-ecde63a51d6b480be9a8b18e442999313d0625265b054cf544bf347493aa559f-1e8bd101-9ea0-49e4-9301-e4b36501c7d8.webp,"",ready,false,10387
4387572536,https://media.newsroll.app/stories/4387572536-4322b3426da3850b37daae9ae0016f490aa3dbe0a704ddef7b1fb28ad107f687-af599b67-d672-42c2-ab86-6805b7a7918e.webp,"",ready,false,10975
2697639155,https://media.newsroll.app/stories/2697639155-e02ba56ed9a89ae585271c9c3d201471f7ed10b8d7dc9cf55d6523af42438968-39a82297-339a-4840-82af-674cc275ebd0.webp,"",ready,false,13002
1361623378,https://media.newsroll.app/stories/1361623378-f4fe2e70415e3b70d913bde4878232bf2474f4d7388ea46b75136f6a848cead7-485c3c90-ad7b-4c75-b75f-26a880b4cdac.webp,"Nearly 20 million returns have already claimed President Donald Trump's ""no tax on overtime"" deduction. Here's what the popularity means for the tax break.",ready,true,222048
3949302468,https://media.newsroll.app/stories/3949302468-8b52423f8eaf105e10e617203fea73bdc5e556a020ff1808f124e93b470bfbb2-af2b6e82-aab8-432c-beba-0481af8f5b27.webp,"",ready,false,11859
4167463511,https://media.newsroll.app/stories/4167463511-d0c3c6bf8ac3be2cc5c2500eb570765f6b35d3637e0a1a92b1dbbb768e36c26a-b4431650-dd14-4976-8aff-c37b4f107723.webp,"",ready,false,11016
2139690844,https://media.newsroll.app/stories/2139690844-bdf014634451db8cf978eb2b071c988d01156db1e116c564c95f26e408b380b8-5cf369e7-11f6-47ef-896c-c2f200b2c25d.webp,"",ready,false,14534
3587708676,https://media.newsroll.app/stories/3587708676-fa73a1ac04cf990d44f4e32ae5cf58758acb18276f6fea77e28c0bc8753d9b42-81a96d2f-dfc2-4eec-80ad-d9eccf60bb04.webp,"",ready,false,11077
3171407365,https://media.newsroll.app/stories/3171407365-28e6e6acec943a106090a55409cf540b3c25d13f60f59ec0dd78bc2b67de3635-4627ef35-a6d3-4f14-8940-af661e666b7f.webp,"",ready,false,11895
4607689719,https://media.newsroll.app/stories/4607689719-b953ae76d689ded179b7b262460999331c33425fd4857bd6710f976f32f15d22-38d7d7cd-9f78-43ff-829a-fc860cd66c00.webp,"",ready,false,10881
4852226316,https://media.newsroll.app/stories/4852226316-a72e7fffc3231290d1ec61460c481edf4e381d8bf8f102f89e455bc8ddfa50d9-2d647a0d-90e4-432c-9ef7-8e6ee901925a.webp,"",ready,false,10501
2367674694,https://media.newsroll.app/stories/2367674694-11d5b419971c78e1f0462e95dfd10f452e28c05de5d3cc1c634f91038a99fcfe-81ba9308-f831-4beb-bbdf-b87a21a97a97.webp,"",ready,false,13484
4266433756,https://media.newsroll.app/stories/4266433756-862b26b97107eee02af75ae7da8267bf87cf00b96de879f8f60c9b625d08e9c7-9589c4e2-b535-4c22-adf5-02aa75ac3bfe.webp,"",ready,false,19064
4472949314,https://media.newsroll.app/stories/4472949314-d6a16a9904a0fb5f4207f43c06aa4e877b4fbbd156c1090614dead8251a6b3fe-08ab2d69-aadf-4a25-87f3-da8c7f403c39.webp,"",ready,false,10388
4433794177,https://media.newsroll.app/stories/4433794177-59f047755a712af467b6bdc3b740853d5750375e3eb4aaf68695c35374fb4ab6-2839f55a-891c-4d09-8b6e-9ba1a5309017.webp,"",ready,false,10141
4197564559,https://media.newsroll.app/stories/4197564559-593fbef1d86aa36d6efdc0d4a6aa1b4c519f509bef59556e96382e25f43c2c88-e35c401d-f067-402c-9a34-87a70aac6332.webp,"",ready,false,11113
2799596804,https://media.newsroll.app/stories/2799596804-2f4185b9a782948e19be872c055cfffd631e09752f9007290b6056cc38e728aa-74a37f93-817b-412c-9db0-c29289af274a.webp,"",ready,false,12952
4575468143,https://media.newsroll.app/stories/4575468143-720b7d98ffae7cb9b0d3b8b931d9074c25a7b927e82f4b8db8408e22d9299676-ec23e769-864b-41f0-9902-13e21f02f34e.webp,"",ready,false,12061
2748019037,https://media.newsroll.app/stories/2748019037-bc4f8e27fa5bf0e5d0d00258cb5c1df30a39716b04f340897906cdca63c40439-89977531-f7b4-4850-b204-01bb3fdaf9a5.webp,"",ready,false,10269
2344974979,https://media.newsroll.app/stories/2344974979-41885e36076404b047068426ba9b4bcaf81c6a8a3c077d622e4b9c311ec0f454-d9a173b9-5806-43bd-8e8b-f559f6a1895c.webp,"",ready,false,10934
5029786300,https://media.newsroll.app/stories/5029786300-5e356c5378a9572d84bb002b24637b91ee667c76e4245ace3c5cc2acfdcc8d09-79f2091f-9871-4fd8-844d-c18aabb67923.webp,"",ready,false,11453
1057788616,https://media.newsroll.app/stories/1057788616-71e57fdd37e63d632358f8e9f8e2fd01a05b62642493e0c5bd5dda5f6895af2a-7a2f8eb6-c0fa-4e4b-99d8-1d957667d28c.webp,"",ready,false,10744
3272806519,https://media.newsroll.app/stories/3272806519-0cf141b3a9602b73d5552282082b7ecdf13c663db823bcce249f90af67e040fa-df944e87-3a6b-4f5e-bf00-288b235b8497.webp,"",ready,false,11276
5280297234,https://media.newsroll.app/stories/5280297234-87ea12d62cf0cb75a21b6b206942871ac58160eb49d5d941e43ace04a52489ed-6edc0055-a15d-4f0d-a504-85b2592d4fc0.webp,"",ready,false,10743
5180609960,https://media.newsroll.app/stories/5180609960-67bb2758bd883b20c0dc54f612fa69b032f477179131a3f10adfe43be0c4c961-5fce87c6-2f71-41a1-a333-92e925b5773e.webp,"",ready,false,10511
1699856567,https://media.newsroll.app/stories/1699856567-adcabccb5a7e3deea599939ee227d82444b87afde064e3ae625e1a2b392092ca-a0af369d-cd7e-4d75-9944-f4ffa5c322b4.webp,"",ready,false,10010
1309372654,https://media.newsroll.app/stories/1309372654-2a16a19fa31a82627b5a4d9e8f6baae5b93abaa8f940385d005b4c0bea289773-df793fe7-5773-4cb7-83dc-7349b644d856.webp,"",ready,false,10423
3555540111,https://media.newsroll.app/stories/3555540111-763996acb64ec33d951c2dfe2518be8e0944d641dc82bcb81aa94ae9d7e6f789-b3243ddc-4f35-4f86-8433-e00669859f4b.webp,"Turkish and German foreign ministers have discussed efforts to end the war in the Middle East. The meeting aimed to find a resolution to the ongoing conflict.",ready,true,35764
1652282191,https://media.newsroll.app/stories/1652282191-c90a97ad009c3c61897fd16a294583c4f4f8d354629bc525517aa4e7294b9d9e-1c09e2b3-290c-407c-a53e-060d356611f1.webp,"",ready,false,10663
1771602881,https://media.newsroll.app/stories/1771602881-8f9e8106149e0b6667592d2ae419a6c81fecedaedc99c7e0a52ba8bcc825ee7c-946c8e9a-b402-4ec5-baf5-5de5f6e49359.webp,"",ready,false,11577
4212244644,https://media.newsroll.app/stories/4212244644-bead4f8f344edc9ca1e9565270d70adf2696a557c970dfb9a9265a0ad7211b74-a441c1b0-399a-4085-ae7c-b95f53190b18.webp,"",ready,false,11150
4732897819,https://media.newsroll.app/stories/4732897819-dd2f54b5d50882cbbdf327827575bf78ac3e2d3c47008c2ded2f74aa0736624f-9df80480-06c6-428e-9333-7a051a32c6d9.webp,"",ready,false,11338
5036888543,https://media.newsroll.app/stories/5036888543-3c0650e93a54bf6e116a3d17ccebb37577d1f338e26a9c30996e1013a19389a5-326fc912-fd6c-46fb-b424-3a04ab90d867.webp,"",ready,false,10120
4870713164,https://media.newsroll.app/stories/4870713164-be6caad5e0e32c0b0560e067cb3cd7fa5692edd24a44b542228c926b97c8e47c-8c2e926b-99a7-43ad-a66f-05fbccf62410.webp,"",ready,false,11083
2290473141,https://media.newsroll.app/stories/2290473141-526a944898fc319f303e924f7cd793cfebddd15b677ad5b64bee099c13050733-edb49c6a-cdd3-42ab-8a4c-63f8b504ce3d.webp,"",ready,false,11194
1927191078,https://media.newsroll.app/stories/1927191078-91ee3dd03c3af12f8c9cc135ff269bac276b82eb540a2d78ec21b306e553b2b4-d5759278-13ea-4244-8c2f-67b20bff86a3.webp,"",ready,false,12661
4569332146,https://media.newsroll.app/stories/4569332146-8d50f44822d9a8b5de63b373f1cdcfcf2ecf98a8c58d2f0484c3d594eeede5f5-6131bd8c-3ce8-41af-9a98-8352d13a894c.webp,"",ready,false,10560
2431401947,https://media.newsroll.app/stories/2431401947-8cdae98fb366635a5a3874d691c9133106effddeb4f42f7d9ad1ce860d6a7dbf-d3a8d1c2-c010-4de9-a6ad-7fc5dc1f5a5e.webp,"",ready,false,11038
2858458779,https://media.newsroll.app/stories/2858458779-6a314ed7f2320c1774da84abe57583cbe5cbe577b1c4af6c8ee7eed9b863a9c5-7571b5b0-acb2-4052-b512-06ba550ee5cc.webp,"",ready,false,11631
1984877993,https://media.newsroll.app/stories/1984877993-0236954285464d5ec83d6c06ec7cdea53ae47cdee8574bbb0427eeb21ec27404-173aa4a2-2e4b-48c4-8a6c-e91d20f56dcb.webp,"",ready,false,11429
4929192152,https://media.newsroll.app/stories/4929192152-3598434413746598d9c7810cc2ea2393eeee641c095d7990f78704c3a43d7641-0c60566f-2f98-4a06-8a71-35d04f3342b5.webp,"",ready,false,10961
5199651303,https://media.newsroll.app/stories/5199651303-8e89ba1fd829c0997615bf2c10c3680cfbe93fa9e640bb6779aedf8dddaadba3-46ad6b33-bba6-4ae5-9482-1ccfd5325074.webp,"",ready,false,11824
1254811714,https://media.newsroll.app/stories/1254811714-7936fac0f830eacd437c39068893832baf9b8c09861aefc55733131befd2752a-44752d1d-883e-4402-9850-d5f5c9a4f0db.webp,"",ready,false,11212
4693724686,https://media.newsroll.app/stories/4693724686-a614f25bfedb738ccd3ac2cb1cda949908fd6ef0e24606768043b81f5bea1305-a10db101-ef3d-4c3a-afd1-5f2db909b659.webp,"",ready,false,10785
3711638081,https://media.newsroll.app/stories/3711638081-8f2a34ecf8f34b57643b4f6daad25602b7e26ecdb3449f3e00eef7a439bc03a6-01fff4bb-3cdc-4833-836c-ad7983c88703.webp,"Novo Nordisk's Wegovy pill has demonstrated significantly greater mean weight loss than Eli Lilly's rival pill Foundayo in a cross-trial comparison. The study found that 84% of patients favored a drug profile similar to that of Wegovy.",ready,true,34538
1646560749,https://media.newsroll.app/stories/1646560749-1eaa2b0a200a74d8563b1012fccd0b1442c46e4838507fd7884638752c0de56c-deee65af-1ba5-4b9c-bb39-d465d92d96c0.webp,"",ready,false,11810
2856219402,https://media.newsroll.app/stories/2856219402-8e222cb755a5b54c6db7da1438aee6865ab360ffd047cd4f4bd102e318a0f591-9b170697-4983-4795-bc38-74a353e73c14.webp,"US futures have dropped following a speech by Trump that has dashed hopes for an early end to the war. The speech has led to uncertainty in the markets.",ready,true,26080
1682464233,https://media.newsroll.app/stories/1682464233-3839f989c182d5b099972f8b0036e0bb0f75da812da33de424c8d22bbafd3260-6396d632-1bac-4806-bab3-4e721d1e56e8.webp,"",ready,true,17087
1285071626,https://media.newsroll.app/stories/1285071626-b32e1b60609572453f6b205dfc2e8268afab292c579e560c09d8aaa929781dde-db213d9a-5015-4b74-87bd-eef5977653e8.webp,"",ready,true,18893
3205438728,https://media.newsroll.app/stories/3205438728-272d0ccf64ec7c1dfb30eca5fbc6012e5eaa9761e2276edc344da00595414c8d-48bd5d46-820e-44ca-8628-a39a2463cf31.webp,"",ready,true,43361
2611063344,https://media.newsroll.app/stories/2611063344-9c0ceadc6125a9df5f2106774c6db9634c40e3ad42fe5bf2c01ebcb8ae0e347c-9ba6d812-f7b4-4ae2-82d0-a16249743b9e.webp,"",ready,true,17373
1589111674,https://media.newsroll.app/stories/1589111674-63b10c07787ff35168f327843f4122fc39de745097f6c57062e45b2bdfab2096-ff210ce6-a619-4420-9bc4-61402ba453cb.webp,"",ready,true,17880
2520948817,https://media.newsroll.app/stories/2520948817-18a71c75bd70d2a0f0c1f5fedf33b72efdd4b025ab787b55645e6c4deb5f9876-245587a9-97b1-4660-859d-c1ffd3e84dcc.webp,"",ready,true,17350
3811244087,https://media.newsroll.app/stories/3811244087-6fd702bed12296b3c5405f2e406bd04b64d7d84f8d9e8a19a45e260d64ce8ca1-be6a0ddb-829d-43cd-8bd6-dd005c66e358.webp,"",ready,false,12097
4330762723,https://media.newsroll.app/stories/4330762723-4546ad5488b4d27dc6f0790cf9286da017d7803cb847591f4c2ed30552fe1be3-c70da83a-b8fa-48f7-8e3a-37638304a8f0.webp,"",ready,false,12174
1613999839,https://media.newsroll.app/stories/1613999839-8082cf4fe1f44a630d95c09eec6b84f9037e8b49ca70034a74602e3296e99307-76bd4e86-df6e-4590-a7ba-c4c69202f2b0.webp,"",ready,false,11101
5193796121,https://media.newsroll.app/stories/5193796121-0313faf8d4e169903768f7337a0c9d117e4379d7ecae21a1ba0a64a106feb0cd-bf11df1f-003a-4053-b514-160ae3e3b41d.webp,"",ready,false,11912
3153506693,https://media.newsroll.app/stories/3153506693-7025318d5a8df39fe9c7a0f490eab26c54bba32d35ab216b95afa1d7a07bb2bf-37991b62-f54c-404f-8744-2a1b7fd1ccf6.webp,"",ready,false,14374
1391661972,https://media.newsroll.app/stories/1391661972-0b21d02f1c160cff8d03690e7d210646c910373c67971f17b12b9ab2161c8716-a538b933-efce-4ee6-ab7e-9c78d1815a17.webp,"",ready,false,14561
2130698605,https://media.newsroll.app/stories/2130698605-0b876a51e3237c72802d506606488e783d79d822554ef1359d54da9dbcb9f6f3-8d507c3d-bff2-4619-80b1-072beba5a320.webp,"",ready,false,10736
1388337185,https://media.newsroll.app/stories/1388337185-a2086b42384a50caa397102611964eda9a97800bb61ead8346084a328b0d4eb5-54230944-a378-4cb3-a346-82ef653d663b.webp,"",ready,false,11485
4653649924,https://media.newsroll.app/stories/4653649924-2865a4c9d45e6c40641718e88e78a4b76f9b92a6c3dcf263af2f8d045f365530-a0709b8b-dcf5-4c0a-b80b-d43d3cc20369.webp,"",ready,false,11626
3004668140,https://media.newsroll.app/stories/3004668140-076286f8bed4d5ecb5838993baa9882583bce8b23070ca500467f5146acdf077-7cf02a8f-3ddf-44a1-840c-c746b8b7bb0e.webp,"",ready,false,11107
3750685872,https://media.newsroll.app/stories/3750685872-a109ec415188035f312c9ddafecdf18100fa689141145102390d85b7d70fbce1-98c2c24e-d24c-4536-b240-aa0771385c43.webp,"",ready,false,11746
3070985534,https://media.newsroll.app/stories/3070985534-d65e68e872229b8abf406061735abf37206c415a34c5733155317f645a29d3d8-605ed0a5-9ec0-452b-aaef-06fb62297b38.webp,"",ready,false,11126
2716091939,https://media.newsroll.app/stories/2716091939-a77b32ef10e3f6d95f7a2fb4781afeae81143f5cca9720c65b92867c17cea0bd-acbada24-6735-400c-871f-26eba937c63c.webp,"",ready,false,17933
3885050610,https://media.newsroll.app/stories/3885050610-d8a3d2c1ff8a83bb88c650dc95bee3691b2b2b121f516adbdf668cff42ba7385-468a252e-af5e-48b1-a4f4-b87e0c3f2ba9.webp,"",ready,false,11401
3745204980,https://media.newsroll.app/stories/3745204980-9164b329e14f6d497ddf7888010c1693e75a9e68a9063c7938967995de167516-0adc1114-f032-4100-8303-d4da94afe060.webp,"Wimbledon champion Iga Swiatek will work with Francisco Roig - former coach of Rafael Nadal and Emma Raducanu - as she looks to improve her form.",ready,true,25215
2055960156,https://media.newsroll.app/stories/2055960156-c5968c487ff541b0a83b67cce49df7b6c7a673970394540a9f9a5dc7ea96539f-01b287f4-a7e6-4169-9fa0-6b4d416267f7.webp,"",ready,false,13223
1417336890,https://media.newsroll.app/stories/1417336890-b5b124ff0f4c7f91f112caba8918683ad1b5022002f743e12ba0b0f4b60d81f5-67106f2a-dd18-4bed-a05b-972f2f1021f4.webp,"",ready,false,10881
4538993952,https://media.newsroll.app/stories/4538993952-3890702d38fe08b67f4d37a5ef348e50cd31c388e963f95ea54219c96bffdb61-7fb957ed-bc31-4d42-b2b5-d2e2efabba4f.webp,"",ready,false,11362
4146643247,https://media.newsroll.app/stories/4146643247-08601b3c2a7371f25168844561c2de1c41c0426847607054fda25717ff93fbc6-80a0044a-6e0a-4e52-a378-3f999ab21570.webp,"The NBA's regular season has more than a week remaining, but many team executives' focus has already shifted to May 10, the day the league will conduct its annual lottery to determine the draft order for what has a chance to be a special 2026 class. With the men's Final Four happening this weekend, what are league insiders saying about BYU wing AJ Dybantsa, Kansas guard Darryn Peterson, Duke forward Cameron Boozer and other top prospects?",ready,true,48727
1899511896,https://media.newsroll.app/stories/1899511896-c6e3ceb95516760a7f59cf0a5508bfa7b379059d2af6546edf7a7ab670647b27-fb22e2f7-94b9-4f3f-9da6-a13b5ea9b506.webp,"",ready,false,10340
4457895728,https://media.newsroll.app/stories/4457895728-8992838aaa268a5a1c4ee36713a92f1136fc1910494f4ae40e869d596a6e5e16-853d1464-ee92-4352-9418-a30416f4019c.webp,"",ready,false,10883
3879101282,https://media.newsroll.app/stories/3879101282-857ff5afcf9336417bb1fb8a1f51ba7c8d6651e4afb170997b3b9ee0d7cf7879-cc897038-7860-438c-a323-124c6f0a0af0.webp,"Arizona Wildcats are one win away from their first Final Four in 25 years, and they're staying focused on the present moment. The team has been able to stay in the present and not get caught up in the history of the program, which has been a key factor in their success.",ready,true,32869
3912832211,https://media.newsroll.app/stories/3912832211-9a8fcfd36f0afe4696332f326b2c22fd6113c501735a540d87f80226e9ce41c0-b2cf088c-f04c-4737-a76f-09e591bc8305.webp,"",ready,false,11346
2389923172,https://media.newsroll.app/stories/2389923172-26ad152d1ce4eec23d68c4868fee312d0ed8736e5ff4a245962b600dacd56c2d-f2002f6d-45bb-44d9-8900-5be608afe6bc.webp,"",ready,false,10283
2547645666,https://media.newsroll.app/stories/2547645666-a10d827d3a9ccb4e5363d69ec0e1ae4e4bbb405fbbc2cd3c8751ed40386e1ee9-42671e63-6935-4999-8395-28d2ed824052.webp,"France's Lightning Stock Exchange is preparing to host what could become Europe’s first fully onchain stock market debut. The move positions Lise and ST Group as an early test case for going public directly on blockchain rails within EU rules.",ready,true,86489
3930685086,https://media.newsroll.app/stories/3930685086-ae262249a11338c3575ae58eb3d5d234d8cd2d023e347192b3adffdc38a3de17-e624ff91-0bf5-40e0-8ff8-b0cc7e6b5fbf.webp,"",ready,false,11459
3447018682,https://media.newsroll.app/stories/3447018682-322c72099a774b29c378b101a23c897e58cfa444f8a18b3325325c327cd48002-dbb22473-cd49-412a-9435-81d616fec8ac.webp,"",ready,false,13207
3138656497,https://media.newsroll.app/stories/3138656497-137ee4b5e313f0b39b564394cb1f6ed2ad949d1e3767bac9bfe5b8fe9709146e-c033207b-8e5d-4f71-a002-7ae7e6204ab4.webp,"",ready,false,11145
4077024396,https://media.newsroll.app/stories/4077024396-42ae810f21a9c441f5f350afbff38b5bafa04f4e1d3433ce9a3b2f026fb85ad2-1002f1a4-fa71-4521-af97-62b6f41d2a72.webp,"",ready,false,11975
2524775939,https://media.newsroll.app/stories/2524775939-28a9de9b84efa284117f9658b90a2f14fc8f18ff1b2b3f08b9c65c04a0ebe552-8f5a4c6a-3c84-435e-bb8d-bed0d8c2aee6.webp,"",ready,false,12760
3990510969,https://media.newsroll.app/stories/3990510969-cf4751badfdf8f5ad6cfb5f2ace3fe2eddcc98edd642772051ac4bc1de61c264-287ad0a7-04a9-44cb-9138-55519cc36758.webp,"",ready,false,13133
4238479550,https://media.newsroll.app/stories/4238479550-a1560aab187f130002e4c9c8c6b544ea617f8dc1856aa189df5aba76eaa8585c-d85dec16-dcc2-4cd7-a31b-9dc560b7baff.webp,"",ready,false,10794
3315742057,https://media.newsroll.app/stories/3315742057-6d8c54c94d345dd61c84557de0fac3315d1b24e0c378276439cc30b4e0ec1866-2935f4cd-dc09-4b89-8187-c468d6c62ff8.webp,"",ready,false,10255
2448277610,https://media.newsroll.app/stories/2448277610-4c9a787c8fe761ecfa13a478d22d6f441026cd8a3d5a02b44e9fe81c8bbd73b9-7a877970-3ee0-4dd7-a96d-083f26aa895a.webp,"",ready,false,10796
1185021580,https://media.newsroll.app/stories/1185021580-faca6631096750a15bda576d6e8769cb95f82c4dce33360cf17e2f651db1a873-cd40aea9-6478-46e4-9340-850dd8df02a9.webp,"The Czech government is considering tax cuts and profit caps to curb fuel prices. This move is aimed at reducing the financial burden on citizens due to rising fuel costs.",ready,true,29434
5039776411,https://media.newsroll.app/stories/5039776411-fe4a13aaba80fffacbe681b42485ffa0158364cd2baee30875b4ba6b064a71fe-c32523a6-4062-4039-87e9-cba78dca476f.webp,"",ready,false,11128
3290154644,https://media.newsroll.app/stories/3290154644-3ff2d4a49391f41fc3903148e8ae600195670088f3eb205bc61a79ef78f39552-f04ba555-d3e8-4d27-ab53-c4c92e9dc858.webp,"",ready,false,10793
4926634948,https://media.newsroll.app/stories/4926634948-1ce522508c1f2ab3aecbb67db0a22693da2ae839cce54fcbf2ed3af50cd955fe-db52b029-9d9b-44c1-b051-b86d23f8f0c0.webp,"",ready,false,10538
2871605915,https://media.newsroll.app/stories/2871605915-f8bcbfb6a49110b9cf37c7cbe4a65baf05d51f50dc8335cdacd24f23e3a9f5b2-2ece911f-cddf-4bbb-9ebc-d55dbaa7585c.webp,"",ready,false,10700
3452774999,https://media.newsroll.app/stories/3452774999-5af0ca1cfa802dc18ca274b7e9c6aa1e48f0b90c34c066b23d50db33847c675b-6138b479-e2a2-4525-9170-15fe6ce4f82e.webp,"",ready,false,10959
4858915891,https://media.newsroll.app/stories/4858915891-23cea579c9e52c0d8bcb923e48afc7624dd3d689a8158c9af6bf68edfd43b43e-a38020f6-8b17-436e-8bdc-24bdca92e23b.webp,"",ready,false,11454
3868602765,https://media.newsroll.app/stories/3868602765-0474f70e3604d4aff97fab33ff7469802a34237868b266ede6da83081afae15b-c952964a-d6ae-4125-b780-c6ab32a52513.webp,"UK drivers are being urged to look for the cheapest petrol and “to fill up as usual” as travellers prepare to make 21.7m journeys on what is expected to be the busiest Easter on the roads in four years. The average price of a litre of unleaded petrol rose by 20p in March to 152.83p.",ready,true,44938
4773545474,https://media.newsroll.app/stories/4773545474-98fe8368b506fa02c2ea6e771d7ce41d813b86fd37ce9ddd1baaca828ad1ed85-c0c05ff2-49bf-4b05-93bc-4e39c8886799.webp,"",ready,false,11509
1208396922,https://media.newsroll.app/stories/1208396922-d027e4b6ea061a6e7fb9bf3d5e7d5a7788d5b670d25aa69b261186f6c3738690-687c499b-0b5a-4c4f-b9b4-310921d3a965.webp,"",ready,false,12952
3549879829,https://media.newsroll.app/stories/3549879829-7ea043f99022c772765ca0197f13a7bc72dc0ee310baf88f85a0d209a7542043-89fc11ac-91d8-4b9f-abc8-159d900242f1.webp,"",ready,false,15541
1117929812,https://media.newsroll.app/stories/1117929812-02c1ffc5478bcef03bf107c677d93dc42fecdb4c3be422bc901b013d3db3f805-57875197-6154-4396-8173-1624f398a5d2.webp,"",ready,false,11251
1196169700,https://media.newsroll.app/stories/1196169700-54953903f58395ac282ff1706cafab14124740f6921c1ef49bf8c3e7f44981e6-ed611ba3-de9d-4929-a124-6aa425543d5d.webp,"",ready,false,13284
2175277256,https://media.newsroll.app/stories/2175277256-942b91c2e188c2ea4307f56ff83d024f85e61bcc40607cbd49c362fe390d75bb-5f0b9303-b70a-4f0f-9ba4-edb0f5bd1c39.webp,"",ready,false,74629
4604156679,https://media.newsroll.app/stories/4604156679-089a70d1fe0cdc7682dd4e0186f55e2a8b611a2b34b9b21a576416a9fb8bcd62-466a61da-211f-4e2c-9484-5aabd68da625.webp,"",ready,false,10765
2413685215,https://media.newsroll.app/stories/2413685215-611e1486396672ad885e5239c818fb17997599989f870af49fcd6bbf6518fe6d-d0a332a2-ed93-4e40-a470-66bc2ddc4c82.webp,"",ready,false,14887
1612799983,https://media.newsroll.app/stories/1612799983-dd028ea314cb0ab16b2da69ab4f77aafcd8339f2dcadb35d12f24e265d451800-d22dbb3d-99b6-4bd4-911c-6b07837de416.webp,"Israel's record budget of $271bn will finance expanding illegal settlements in the occupied West Bank, with a massive financial injection into extreme right-wing projects. The budget allocation comes against a backdrop of surging violence by Israeli settlers towards Palestinians.",ready,true,86546
3285201660,unknown,"",failed,true,72910
3867709749,https://media.newsroll.app/stories/3867709749-ba1c9a40d217c6c69f5d26ad460443397f64e93a461ce6c4986a760c8232d007-1af458a5-5760-4009-b8eb-32c28ba7643b.webp,"",ready,false,12027
2687926885,https://media.newsroll.app/stories/2687926885-9c48bf16ae8e901adf2143106e1949775da6ab29288a01616623e59bbf8ad27d-cf917359-1d6f-46bb-a587-a3556c7b404f.webp,"",ready,false,11665
2823946805,https://media.newsroll.app/stories/2823946805-e9d4559bf0c1a67d3d2d91ddbbd54ae1079c973442b08d5935ece52ff39f6328-d5970baa-2d48-4665-8df4-c70adf9b1eca.webp,"",ready,true,19671
1033233077,https://media.newsroll.app/stories/1033233077-414eee53518f2387aaafb9b3b6d13cc2e6e9f8093cf7ad33f6f5d0f688a7f638-7824ef57-d938-42b9-bed4-d2b9e574ce90.webp,"",ready,false,10372
4899801156,https://media.newsroll.app/stories/4899801156-10820e6ebbbab575209eb0a2f8016eefb286cc2e9b3a332862290c2fc07d10d5-98acf300-3505-43e5-8574-5543b93a127e.webp,"",ready,true,17760
4922107143,https://media.newsroll.app/stories/4922107143-4a2b0ec056670e57387d307a006a09504c3b57b7d52db1979c6576a447efb843-b4e68b15-893d-4d78-9071-66bf4c07622e.webp,"",ready,true,21623
2182354977,https://media.newsroll.app/stories/2182354977-35ee716f811fe9ec2f2b6525e977809241c96376bb4987b1b8ea9d8a2d60e2c9-b39e5bb6-0308-448e-a805-ab7244fa5801.webp,"",ready,false,11025
1965548732,https://media.newsroll.app/stories/1965548732-8a06d5f24936bdb6b2fd2ae639a5df92feb585166359092098a1ec59e358d55d-3b93a099-58c3-4d55-870c-02b27aaa6fd4.webp,"",ready,true,24180
3949614061,https://media.newsroll.app/stories/3949614061-8f2f0f5da94b4e5035284b6dcaf1a5de9d18537b2e872823e90d733b5d552624-5038dfd0-428f-40d5-ae8b-66c52aa2014f.webp,"",ready,true,23653
3312677278,https://media.newsroll.app/stories/3312677278-4aa31ea585c21f05b29ea76b7413a4c8862efc016ea6d41a21f74a1e638f5687-e816d2dc-94fa-4295-a716-c0e6f1c1d75b.webp,"",ready,true,18359
4260964409,https://media.newsroll.app/stories/4260964409-d4dee534606f721255620e062512b1488b3d16fa90246ab9c714203c0974ad77-949902fe-1162-40d7-b371-3a6a9538bcb3.webp,"",ready,false,12221
5261576926,https://media.newsroll.app/stories/5261576926-b2010db48053d98e0ed94582dd034fd604d7533eb383b97db029b9a44af5c5f9-da369d99-d8f4-49e5-8cbe-08dfd0685b88.webp,"",ready,false,53642
2285304184,https://media.newsroll.app/stories/2285304184-ba77eff51000d4ea816173da2b27a4a71059bcc17389122b63c9b7860cbdb985-842fa3b6-8a02-4757-bc5b-519bdd2818f3.webp,"",ready,false,12584
1006599711,https://media.newsroll.app/stories/1006599711-61d426bc92107de27e3d8fee08687022a99d56bb26b230d0f55d11122ae84d0d-d00c4437-a1be-4a2b-b2c6-90d38e1b1243.webp,"",ready,false,11663
1714816949,https://media.newsroll.app/stories/1714816949-0bea728a4c0441cef7d72877fdfc15f496bdc0478e27fb294f7750d80e25b989-261d6e75-0436-438b-a267-65e448f84339.webp,"",ready,false,14350
3809634156,https://media.newsroll.app/stories/3809634156-0f633630d999c72682c302a36b5dfcd4e96cea7e917bbf593317149734aac98f-378dabf1-5aac-4304-b038-636a5faa98ea.webp,"",ready,false,19475
5173555264,https://media.newsroll.app/stories/5173555264-6cce9acb4a74a1ac80922d70ceb4003992562cb4dd9db1561542d516d1ecf1f9-db2f1147-e0ea-4c87-a6c5-cb0bd30755d2.webp,"Policy gradient methods have enjoyed great success in deep reinforcement learning but suffer from high variance of gradient estimates. The high variance problem is particularly exasperated in problems with long horizons or high-dimensional action spaces.",ready,true,88371
3096083573,https://media.newsroll.app/stories/3096083573-8dc9792db7b42ff0ff7f8723c99f2ba3b21458eefe48a7e68d56baee94f0ad85-ac68f453-c374-4e17-86b2-1dbeb7ada4c8.webp,"",ready,false,11398
1590869484,https://media.newsroll.app/stories/1590869484-bee2f1669fd827831ba77408061a419a6bca5ae107e3eefc67206cf132bed04d-dfbe7060-0edc-40bf-8bec-e15a1ecd7e31.webp,"",ready,false,11435
2680299412,https://media.newsroll.app/stories/2680299412-3766e28e6ab10c8be198f4237aa65beb446149fdfcd342949676c4029b1536cb-4182d2a0-81f0-452b-a5d1-d0361ef22e23.webp,"This article proposes a practical method for L₀ norm regularization for neural networks, which can greatly speed up training and inference, and improve generalization. The method uses a collection of non-negative stochastic gates to determine which weights to set to zero.",ready,true,67675
1145008088,https://media.newsroll.app/stories/1145008088-b1c56b322707b9df2a74dcc0fcb64bb94ca7764c8e40f1b2581a49c29c539baa-8fdadfd2-f533-4d12-893c-2dea97094d39.webp,"",ready,false,10983
1592770221,https://media.newsroll.app/stories/1592770221-b4561f7aece5eda93ceb165fa10a3ec034abde52e2909e2602e50f3c6bbcf023-97055fd9-6c2f-418a-b49d-7a3474bc6995.webp,"",ready,false,12145
3394391450,https://media.newsroll.app/stories/3394391450-2a7e38b570cd92b6262d93d095bb59b4e0984a43322dd016a43c0acaaa9873fa-5a825682-64d3-48e7-8678-e92c250fdae5.webp,"This paper studies statistical/computational tradeoffs in learning robust classifiers. It extends previous work in three directions, demonstrating classification tasks where computationally efficient robust classification is impossible and showing hard-to-robustly-learn classification tasks in the large-perturbation regime.",ready,true,38880
2592536320,https://media.newsroll.app/stories/2592536320-55b783b05cf197c197814fbd7577fc162bdad3b901860946a07698335005f8b3-ada79c8a-7e3d-4909-a6e7-0e836ecbfef0.webp,"",ready,false,76249
3438486685,https://media.newsroll.app/stories/3438486685-b086181cd3c025edf24aaed681a81a6874526658af7fe648b755073e755c35f0-e26e36c3-fe34-40ef-b3da-26700f27fc8d.webp,"",ready,false,11434
4037457289,https://media.newsroll.app/stories/4037457289-a5386d3d5435be379536b5bb28472d67f9db42301fe3d8a4fc624d08e7435569-b66d1526-d5ef-4af5-bc3a-3849776b2212.webp,"",ready,false,12437
1752867778,https://media.newsroll.app/stories/1752867778-5b779fb3ec9ce57acd7128a4a8061f4637c8de8b218a594757f806ad3421975e-65f3ba2c-4605-41cb-b226-3f32da127aa8.webp,"",ready,false,13546
5191992397,https://media.newsroll.app/stories/5191992397-628272299554710649689994adcda0031b7e5bdfe3d0e7765857b1bb6c629746-65d3fe8b-bbb4-405a-8b51-ae6d1b86a81b.webp,"",ready,false,10403
1950500929,https://media.newsroll.app/stories/1950500929-602ebfa848f8a182ddd6efd171afa65f2dda675fdcb5f12297f46f49ade86ea9-af02b84f-0da3-4b6c-a0e3-58599b2f24f1.webp,"",ready,false,12979
3241850333,https://media.newsroll.app/stories/3241850333-7ae2fc605782717de23118964a2a3224aeedfa1744de2fd4857bfb5f0dd63728-11166725-af19-4799-8dda-31a06535039f.webp,"",ready,false,11367
3899749806,https://media.newsroll.app/stories/3899749806-7b05a23f66291417793e00d5a853c8b6fb155e030980a686b3670e9071c2a441-bc3218c3-5eba-4a47-a142-c76ab8d37cf8.webp,"",ready,false,9752
3762543825,https://media.newsroll.app/stories/3762543825-380195b0069bd609bf64400384678f287756e563d800c6d76883649ec67f1fa3-cdaf27a3-1ae2-4ddf-8a3b-b78236f721fa.webp,"Researchers show that a GPT-3 model can learn to express uncertainty about its own answers in natural language. The model generates both an answer and a level of confidence, which maps to probabilities that are well calibrated.",ready,true,49265
4854765165,https://media.newsroll.app/stories/4854765165-1eceeda29f50a0e47c4c35c8dd431d0679d25da535b9416c511052d91b6cede7-a751290b-1d72-46af-b7ce-2d6491eccc93.webp,"",ready,false,11009
1833460959,https://media.newsroll.app/stories/1833460959-fd7cb1b403e72b865e28a6ad3a4ef14304cec69cb690963987b713c71ed75e27-235a54de-2957-478c-a921-eee9a05061db.webp,"",ready,false,11002
2439662907,https://media.newsroll.app/stories/2439662907-8e173243f866e82c14a4eceb519e513a8d8e5ba67a29635ed537ef282d7a6ff5-d953d57b-0f12-4cca-9b7f-932712c4f3db.webp,"",ready,false,10496
4704272781,https://media.newsroll.app/stories/4704272781-f1f15332c3631f381f7216982ab4487587b002dc7778c1a9217990e75718584a-f9a78bfa-bd76-4753-9105-c2e18077bccd.webp,"Advanced AI models pose significant risks to public safety, and proactive management is necessary to mitigate these risks. The regulation of frontier AI models requires standard-setting processes, registration and reporting requirements, and mechanisms to ensure compliance with safety standards.",ready,true,43674
1231015735,https://media.newsroll.app/stories/1231015735-8308d8577b3833ee2f90b89fd449cf775eb148ec56467fe3061d2ea023dba365-83c63c7b-53a0-4eca-a4a3-d5f78b4bc532.webp,"",ready,false,9090
4219102751,https://media.newsroll.app/stories/4219102751-f7f73990c022dc652db21a0bff542d6c789536302df29761f664afae8dc221b4-1ee477c2-0c0f-4515-886f-02e1a23ac178.webp,"",ready,false,10778
3328794503,https://media.newsroll.app/stories/3328794503-a11e6afb7f55feddfcdd25accab54bb9dd36ee0c29aa443147d0ced5ff5691a4-ca12affb-be91-45c9-9c71-bce0fd72c47c.webp,"",ready,false,10191
3528022013,https://media.newsroll.app/stories/3528022013-068658605db5f0627fc9eb3b80a539ff14ce22c181d147cfe114fc4256f774a6-abd86820-bc27-438c-bde1-52742d123935.webp,"",ready,false,11035
4850603798,https://media.newsroll.app/stories/4850603798-b0d841c4282c35443b7b0eb19abb46b65c0bb4c389fb393d771bd924dbac8bf2-d09387bd-b7b1-4993-8de1-37f14e048635.webp,"",ready,false,10849
3579585569,https://media.newsroll.app/stories/3579585569-a7c6e70f2861a74d7a5eda65614b475d2e67118367af3a7a2d9cef80ab35274c-1a3b8f8d-4b80-4fde-8adf-849a32ffb5ca.webp,"",ready,false,10579
4146042752,https://media.newsroll.app/stories/4146042752-34acb072fc692665a1ccb17fa8017da360e4c1adc74be80c480382358a6bea54-2a9815fa-2de9-49d5-92bd-44d7e458d7e8.webp,"",ready,false,12916
4719071824,https://media.newsroll.app/stories/4719071824-a9b93d0884ceb1003a03e8bd7a9586674521bfb0fbd3362716ac514c36f89aaa-505ba492-d540-4a46-89bb-74aa085f7a29.webp,"",ready,false,11370
4024192562,https://media.newsroll.app/stories/4024192562-9351206df16ecfbc17e8f5f33b66fb854cd18af95a2883fe95e99909de833ad9-5fb7aa4e-aa75-44cd-9fdd-c8c843b5604a.webp,"10BedICU uses OpenAI’s API to improve India’s critical care infrastructure. The organization aims to elevate India’s critical care infrastructure, widening access to quality healthcare to India’s most underserved communities.",ready,true,54258
4008141347,https://media.newsroll.app/stories/4008141347-2b7d6c1997ad847d960dd229ac43cde8906f4f4af499e48aedc065f1b7e9fc26-8f86f792-42d1-41f8-beb0-b21c4621e769.webp,"",ready,false,11430
1489321163,https://media.newsroll.app/stories/1489321163-8b645db5c4e07931b64b0c6826defb1af6973c33bad06c205bc3e7275786b005-32884c0b-4f5a-450c-8241-aaef1bde0037.webp,"",ready,false,20355
5251995679,https://media.newsroll.app/stories/5251995679-418df2615f9bf68de5acad9c22849f0ae251e5f5bfb86d74947157c2b0208ab2-22ba98ab-ad55-4e4c-8a36-775a2e636c68.webp,"",ready,false,10872
3791546626,https://media.newsroll.app/stories/3791546626-c318267a430c568f78acc3611fbb845007982ef1672e9365d7dd1dfb86b2252f-ba84f75c-1627-47d4-9bf1-df0962df1262.webp,"",ready,false,10455
1308842158,https://media.newsroll.app/stories/1308842158-442f384420700899f9288dfe8edeaa796d7957347c39b191bd649650916f8bfc-974e54f0-102f-4bc3-9335-1ff4e6ecbdae.webp,"",ready,false,12324
4651525309,https://media.newsroll.app/stories/4651525309-4e8e082d09c57be509e5536ee110085ea6fb4a27e2d231f50a1ec658bb71618a-889512d8-2d0e-4984-955e-39949476a17c.webp,"",ready,false,9959
2876639173,https://media.newsroll.app/stories/2876639173-1d229400ff8abc4f359aa4a56ac8ee531c685edf68b51a87b366cbe3e01aa077-5e4ef160-7a5f-4eef-b85e-3a1efdfef932.webp,"",ready,false,11082
2296781938,https://media.newsroll.app/stories/2296781938-79c8ecaf4d174b0951acd8db867cf543f0d0144b6f5a692dc7e5d1d3046c3ac7-6d615f5a-b3c2-45dd-8931-2b2dec381535.webp,"",ready,false,9742
4882894673,https://media.newsroll.app/stories/4882894673-f526f0c6e8bade13601464fb10132698155d1735ca6f9967252c381496251557-75bd606c-e81e-412e-b325-71082b9b5c86.webp,"",ready,false,11211
4845363635,https://media.newsroll.app/stories/4845363635-970f1ec4c66e11317c238f752348ce533de951d3bdb3a99fa4dffb8db088e37c-f137aee7-d0e9-4853-ac58-af69283c5445.webp,"",ready,false,12706
1301243342,https://media.newsroll.app/stories/1301243342-07a6dd1dd88bf4beea6ad55c9748910c8971b49cbb05945916adaaa94bb76e05-e82db603-2122-440c-8ee5-60fa59441834.webp,"",ready,false,22569
3417333687,https://media.newsroll.app/stories/3417333687-d9ee3c04b6008a0e388a21a816f8ee3dfd5014216aa6c9b6323986e6f32095b7-f746a068-76ef-4981-8489-770933620f65.webp,"",ready,false,13143
5269642391,https://media.newsroll.app/stories/5269642391-b5b47092ee4b21bd23d8e86155b9fd0995ec70b50ada6cceadd1bcbbfaf39fdf-49995375-b177-4da8-99ea-26a936d6c656.webp,"",ready,false,13188
3198648111,https://media.newsroll.app/stories/3198648111-83d0277d6eff9b579ebe5ad27d1d254b0c9cfc985c593ee414e5f430b71257ad-09dd3565-d534-4522-a530-ae3953060172.webp,"",ready,false,11460
1206772927,https://media.newsroll.app/stories/1206772927-258a68b145d98b9d187734378fc96b553e0cf7701f71cb1a6db35f2e46ec003d-58aaf557-bc19-41bb-91d0-35cfb906900e.webp,"",ready,false,10617
3926118301,https://media.newsroll.app/stories/3926118301-2dcfca03d34804184dce89035117a31215778a7f3721ed12d619614cfdef162c-bcd10ff0-3ffd-4ddd-bc0b-e1ce95291c50.webp,"",ready,false,10990
2994094190,https://media.newsroll.app/stories/2994094190-01d3f162a6422c5dbd4a863575ab2fdae6b828fe304c3b0c709480446009fb2c-8602fae1-39b3-4ef2-9ea2-90ecf1857fca.webp,"",ready,false,13995
2787918815,https://media.newsroll.app/stories/2787918815-5ca2dcc2fc72d7ccdad8b523e1aa04c631a45350be378ab859d7a70cc67d15ec-1aa366eb-4b6e-4abe-835e-15dab1b21e96.webp,"",ready,false,10895
2363483998,https://media.newsroll.app/stories/2363483998-7dcbd604a5bbb9778ec9394d8659d1b71989214454223a2cdb322a1d37a69916-e61b4e5c-498d-4b29-a55a-17ac438561f6.webp,"",ready,false,12936
2698885291,https://media.newsroll.app/stories/2698885291-1950d5a4584f701dab9d305eee37449322e0df8670a8adfa9c8fdc5e6795eafb-2c77b984-e849-481b-81a0-710703d715a0.webp,"",ready,false,10758
2108136273,https://media.newsroll.app/stories/2108136273-6991f618d851897be26a5c385f187a2132ace87240381df6a3dc4f793b8bbde6-b9a3124e-cab1-44d1-97b2-a36afc52e51f.webp,"",ready,false,10662
5038846990,https://media.newsroll.app/stories/5038846990-de949ae8ecc312e2f90161434234eca1c741d13bce9e5bc0225566f2e65ee897-4c23da0a-c559-4603-bac4-1d8a17dbc2f3.webp,"",ready,false,10657
3099286078,https://media.newsroll.app/stories/3099286078-c72df4d615c7436a37dc40740089f9684b486a097c7cb1b54b5015a752377e4f-bf7a3a0c-e15f-42c1-893b-7739bbb76cd3.webp,"",ready,false,10477
3034843168,https://media.newsroll.app/stories/3034843168-35ee033ce62519e46b4f63688f1e0e5d164f8b900d5cd18f6a9605f8da2babfc-0a3dc450-900a-4a85-a250-6fdb30036063.webp,"",ready,false,11632
1071195325,https://media.newsroll.app/stories/1071195325-b2a8d1c07d3ecce32f00e968fc805c36f2fa0f8ee476393920fbcbe6930db521-c6d283c6-8dc2-4ed0-b773-d43b52156f4a.webp,"",ready,false,12727
4549590197,https://media.newsroll.app/stories/4549590197-a96e508ba20b0ab00ee211d4b561da2bbbbb197d18f08a8d918046fe57e5f687-90db933e-3bf9-4535-bf9b-038cca8fe211.webp,"",ready,false,10658
3960444635,https://media.newsroll.app/stories/3960444635-831d352fc3c658ae2c3d9f77c19dbba3e721d841b761df0f3d006301acc1e291-bdc0668c-a699-49e6-b9e7-e61867efedfc.webp,"",ready,false,12467
1432634312,https://media.newsroll.app/stories/1432634312-c007b316d8fba9869bbe4da77cbb86d7d540246e186a103b457d4a0b61106dcc-f1f63b16-e736-4ade-820f-9f7b30827f96.webp,"",ready,false,12712
1332787401,https://media.newsroll.app/stories/1332787401-ca43afd81db4b5c6c8defca55def77c03e3062cc858dbb127f78f82abbf5632f-2093af34-a5c9-448d-9b10-ecbfb391ba3a.webp,"",ready,false,11095
4485518581,https://media.newsroll.app/stories/4485518581-cc274d7ed8664f944e99a25583ffda1ec363c5e3a926683711dc01f1a31f9aee-a554b833-7f5e-42c0-96bd-da8738970d9e.webp,"",ready,false,11235
4694311846,https://media.newsroll.app/stories/4694311846-39dfcc4afbfd96d79cdf52388c00d97bcd83fb1475de528fdb46bfad45e90e43-54221b0e-ab02-43a4-8ea3-a3d0eb1b42c2.webp,"",ready,false,17343
1975743186,https://media.newsroll.app/stories/1975743186-59dd843aec325415a66eb150e30f556be0e4388109641310931ced662a75bdfb-f5a550db-eb1d-4c03-982c-25d846e96c86.webp,"",ready,false,10765
5279867711,https://media.newsroll.app/stories/5279867711-5d021232cfa5d6c6ced74278f84548ee52a577f2bf7022acd7f2df4f0281a164-461af711-831c-43ab-9d70-ec58803f8abf.webp,"",ready,false,12467
3736125696,https://media.newsroll.app/stories/3736125696-b57fe6e95e9e9d4269b6a91ff4147927121b5121f36593e46af4496c8bdc8503-2dac3862-6fc6-4e0c-b361-d8454feec09c.webp,"",ready,false,14465
3881045235,https://media.newsroll.app/stories/3881045235-192dfede4692ffdb54cdec88b8f04f47e11921dd019ad3400b65096bf0d8511f-a3339854-ce53-412a-9d10-5f15b0f16d43.webp,"",ready,false,73665
2881167979,https://media.newsroll.app/stories/2881167979-0a2baae65ea806dcbf9efb9edd6a310bb6acf58870cbdf2d23c0dedae52d50d8-2b1196af-067b-4ce8-9d65-d252e8c6b259.webp,"",ready,false,11068
1248158066,https://media.newsroll.app/stories/1248158066-3f09eacce69ed05809ee507f86c7fc9b898558013f4113d70631d6efcffb2c04-3ffcf1b1-9b0f-4889-a21b-62824126ec0b.webp,"",ready,false,11065
2311949602,https://media.newsroll.app/stories/2311949602-f67c5f89d42c2dde4c0cbb6c3acd3fd969f5fa9480a13ef93f13c533dc1f40d5-86f0cbd8-b923-495f-b58f-71b4c980cc84.webp,"",ready,false,10000
1479762221,https://media.newsroll.app/stories/1479762221-f3f80c570874525f97559622ebf2dee13734aadac0a49db474aa1f9f838e54f4-0f173b18-31a1-4fff-8908-62ff221a9710.webp,"",ready,false,11046
1390201613,https://media.newsroll.app/stories/1390201613-2467a37d80f821c9cd8808482923b48e7cddcf25d1180b70ae031b7ae75ec800-0aa96b18-c208-4f20-bc11-0c721c3d4503.webp,"",ready,false,10717
1947697880,https://media.newsroll.app/stories/1947697880-db4ebc0ead48e5d8d9991af48e3a790699b1f488b29001dda2ffb397b368828d-8ebc4423-4963-4934-88c4-6d534f43d120.webp,"",ready,false,12891
1220904368,https://media.newsroll.app/stories/1220904368-b0d3fe5984646f3a8e6c8155a6fe33c912d32710a9cf52536f2a0fd6673f2827-25a48943-82ce-47b9-9742-9ceb211c6d82.webp,"",ready,false,10453
2923663003,https://media.newsroll.app/stories/2923663003-7414b8a1a19b79740223226b93c05aac278a2ced8ba545bf91ad2874998421ac-5448f4f5-7a00-4ed4-a0fa-5a826d59cd8e.webp,"",ready,false,10961
4031646263,https://media.newsroll.app/stories/4031646263-467407ea36594aeb8ac6f4ed730d9270d0c793bf80c938c038bbc857d1d86b7b-090f3cbf-db91-48ed-aaba-ae7bd7f3f80c.webp,"",ready,false,9557
3239175695,https://media.newsroll.app/stories/3239175695-9e4bd4f9c208fbe4a9ff23327035149fdb2a4dc27f92e6cf698b2ce521842de7-7a91e131-2901-456e-8266-042e07aca992.webp,"",ready,false,10585
5014298469,https://media.newsroll.app/stories/5014298469-982ffea7178b10a813c424cf170d97fd455f43cecaac589c504caa785cdf1435-e2a21acc-0687-4046-8efa-84b9bdfa57ca.webp,"",ready,false,10367
5156472895,https://media.newsroll.app/stories/5156472895-2b78d96bb82a35da958029dabda224a66ee345c96e554cc2f93c49964b608305-84e2d16d-7bc3-4329-93f7-9f004fdfff77.webp,"",ready,false,24195
4582831213,https://media.newsroll.app/stories/4582831213-3146bc35eed07684d60e121612c004fa53b265a53dfc81c752c57d7f34c9b53a-5583f682-81f0-414a-985d-32102066736a.webp,"",ready,false,10108
4613228334,https://media.newsroll.app/stories/4613228334-7b790ce452e8730005fd6482842325fe27e93f30af7e72066d683988cb3bee22-b045456b-d0b6-4162-9925-461a994b077f.webp,"",ready,false,10490
1641474627,https://media.newsroll.app/stories/1641474627-d324f5a174ee516acec8d0de978562f8c58d5bd9a8af5cab0f373a4578dd05b0-64b47806-6719-4416-8565-5fb24f1de55c.webp,"",ready,false,14303
4340812146,https://media.newsroll.app/stories/4340812146-145053d371338cf190e6292843b126383e5c35377a3a5eb172a4f71849c6d09c-146c0066-b5cf-46a9-9936-bf97af278b36.webp,"",ready,false,13272
3676286180,https://media.newsroll.app/stories/3676286180-21204d648f684650a27d18c00c58a7bcadf11298a42d4a1bdcb38d518d559e9e-ae072522-1158-445a-8655-dc602057d7bd.webp,"",ready,false,14898
3943750604,https://media.newsroll.app/stories/3943750604-a0003fcac2cdd2577ea31e68b9515162d6188995cb3b025ffd3493bb0a89bd7a-218ab452-afc1-4fc1-aa43-fe6f3c2343a0.webp,"",ready,false,28172
2806634395,https://media.newsroll.app/stories/2806634395-9cfd95eb170c4d98987a993e3280d6afbc5e56642a9cbffba29b9d00b01f1b09-285fd554-9aa1-4f16-90af-d448eeeaa657.webp,"",ready,false,11968
4023046144,https://media.newsroll.app/stories/4023046144-aae3ebadcd1ffde50ce3705d191c739dd977485ad07111c3803e42151ac0627f-4d5392c1-a632-4da1-aaa1-303b11704dbf.webp,"Cushion is an open-source AI note-taking app that integrates a local-first markdown workspace with AI chat. It allows users to write, organize, and think in one place.",ready,true,83687
1192730584,https://media.newsroll.app/stories/1192730584-9eb100086218a5cf8401949733e988d0eb42f609ab551fa450ac7888a1a7ca57-0f722dbb-8c80-4f76-b61e-373fb2cd9540.webp,"",ready,false,13605
4550940369,https://media.newsroll.app/stories/4550940369-0d979097814e60474a73ab22baca56e9c1e37a46f6cf12a9a7d9d5be447365ee-bcc8d8dc-3b86-4f2c-bea3-fee92e469e3f.webp,"",ready,false,11553
3927284249,https://media.newsroll.app/stories/3927284249-8fa7b78c4962e671a4910790d30f5fb57e4e3b6b36cf99895111b25dbe149676-da908969-f695-4725-9872-e38a75c96469.webp,"",ready,false,9671
4791705257,https://media.newsroll.app/stories/4791705257-1fd1a67c6a02a99d393f835ea59d80d4558c49cc4709cf806d942332f6d4729c-12a015fd-ccc8-4a98-959a-835322254b50.webp,"",ready,false,13495
3401088361,https://media.newsroll.app/stories/3401088361-a97a24a7a3b0a544d2b89035b34828f148aa5417099ab77c07f61406e1bf245c-0b95e3a7-68d8-4579-82c7-04f8deb2b322.webp,"",ready,false,11519
3167953808,https://media.newsroll.app/stories/3167953808-32d0622292107bf93788abc98056bcfc5990ccbf1adeef8b1918a32a80ab390c-f22e9b86-792f-41d1-afbd-89e796f36621.webp,"",ready,false,11961
2176988213,https://media.newsroll.app/stories/2176988213-ed71dff29c8ad0853619e8a68c996f09017f19c58ff2101ea88888c82a331e44-e560d8e6-9832-4608-88e5-a54acba97514.webp,"",ready,false,11941
4080310963,https://media.newsroll.app/stories/4080310963-9a0c3abaf5f73c6e8f604dcd59cba5b77d3cb8ee63f4431138e0eb4f46029593-9a99cc88-1b52-477d-b66e-7968990d7061.webp,"",ready,false,10837
2863834871,https://media.newsroll.app/stories/2863834871-5a4fc78111ce41af5f28ba32f09d2c2eefe8d92fe37dfa2e7053f25113412c7c-d2d72802-364d-4039-95f5-3abe4bed3558.webp,"",ready,false,12398
4174325930,https://media.newsroll.app/stories/4174325930-c608e6427e73d8aad9cf06d4b550e0aa66f004b121621f3940643b68185a2be7-86f3e3b6-dded-4641-93e0-6d62952ace9d.webp,"",ready,false,13310
5014221501,https://media.newsroll.app/stories/5014221501-729ca1f067e6f8f6c1887a98cb58ab165ce4b96dccb111b56aa07203810a86e8-771f18cc-4274-47a7-8683-2061112a0c23.webp,"",ready,false,10883
2993956773,https://media.newsroll.app/stories/2993956773-556e35d5766af581b3f2cdf6162a4eb55b5b746535e613890957ea2124814714-2eb03f1c-2d7c-40b6-a03a-0bc76bdb9bb3.webp,"",ready,false,11780
3048986483,https://media.newsroll.app/stories/3048986483-7d866bc95d51d23f255c1e4437426b19ab734a20fdff90a61dda2ed95dc7eb0c-8ee940d2-2d95-4b45-8cd5-292cae57ac5b.webp,"",ready,false,48344
1151564571,https://media.newsroll.app/stories/1151564571-40df3b125891a8e0443f6163d24b285e374d61195bb791c960630167fe7d3608-ea780d8b-f51c-4dbd-8fe1-88884ec6c893.webp,"",ready,false,16737
3530454618,https://media.newsroll.app/stories/3530454618-3a04e3381f20847074da9fd615caf4d8bdf67200e1e6251eac0805caab80d3df-915ff795-d443-46e0-b836-f3d188aed008.webp,"",ready,false,11371
3788406810,https://media.newsroll.app/stories/3788406810-0862bae02f22c4b620c455ff2ec688c02732a39d6e16f5e2bcd3a7a5d468b93e-d4b128bd-ad1a-4274-8b27-3d515444ce40.webp,"",ready,false,11298
4569661123,https://media.newsroll.app/stories/4569661123-fe13c82917c84edfe0e9213b46350a090d9a4ebf094fe78070cc3be55b7d2c3f-a0feb3dd-6b90-4e2b-8b60-2d247cc6959b.webp,"",ready,false,11265
4188449593,https://media.newsroll.app/stories/4188449593-5ecb4d4f91d4cc849b54a46bb5f713b732e9b9e6395f81b0b21bd1799a6b3ec9-9badd40a-fe49-402f-91be-d7d81b76a1c3.webp,"",ready,false,10765
3734292447,https://media.newsroll.app/stories/3734292447-5a4fc78111ce41af5f28ba32f09d2c2eefe8d92fe37dfa2e7053f25113412c7c-b5ba5da6-8c9f-40c4-b3e5-6d516eef1524.webp,"",ready,false,9976
3146185749,https://media.newsroll.app/stories/3146185749-0cbc39594f02891c4762aed6513064aadf87e34c229b5fb9de489977c310fc34-10290dfe-859c-4b8d-81ef-9b57e7d92404.webp,"",ready,false,12007
3629055938,https://media.newsroll.app/stories/3629055938-5da7afc8bd8a2bbc8d0f5fb903f07785be1e2b7af47d0ba05a35cc40c4f07d29-97b659bd-8bb9-4c30-b6cc-a4edebdb806d.webp,"",ready,false,11161
3890177260,https://media.newsroll.app/stories/3890177260-40714d6ae3cf9ef49f722f76824b4a9d5e965e274c18d32250acc24a7cd27ba1-90eddefc-f115-41fa-bde0-8d15be80167c.webp,"",ready,false,10212
1765454435,https://media.newsroll.app/stories/1765454435-a531c5dc022d3e298998cc41efe4b5044b3eba3bd242ed8b1ca4a3b34202b7ed-65e79871-d58c-428e-a37c-a1a05a344609.webp,"",ready,false,11668
3363977828,https://media.newsroll.app/stories/3363977828-3e3a0fe74078dd60de119194e951e4e0a2677d09a8747740450fa86f5e7ae284-0e3715e7-cad7-4b59-a22d-5d97e139569b.webp,"",ready,false,11217
4885596982,https://media.newsroll.app/stories/4885596982-8c50d12ae000450fa78f2f15356fcc2f48475efd0e91560fe14cb3fb6c17907b-21c6d888-4947-4c33-a255-7c1136c633e2.webp,"",ready,false,10272
4108102784,https://media.newsroll.app/stories/4108102784-b918e720c46b81aea02254dc0252dbf35280e94d4dce22a486288c7ea2190e1f-cef5ec4d-8f12-4499-aed5-2c04a851c3b9.webp,"",ready,false,10755
2823571484,https://media.newsroll.app/stories/2823571484-8c9b927967d76f05f86144f83ae5783dd6c79fc6630fabed45f7cefbf7340e21-cef52aac-d0f2-47fe-aacf-8b984bd1082b.webp,"",ready,false,12571
4466228249,https://media.newsroll.app/stories/4466228249-afb10372e6a0aacbd71cafe6109ef20afecfa7fd6c986f21f8f88c635f376ed3-de99bd33-6c23-444d-9a61-e9dd7aff4550.webp,"",ready,false,11955
1503926460,https://media.newsroll.app/stories/1503926460-f793cd497d302cae7d18e2939484c1dbb6eb364adf9272c30d274912c243671e-b2af8dda-a06b-4432-bd31-192fee938af6.webp,"",ready,false,10830
1597021519,https://media.newsroll.app/stories/1597021519-831e363ffc55a71cbc00d8978f4df58e1e3735459e3d1cf0768ee2e8cb95bf31-683df07a-725f-4bd0-84cb-9abc2fff1ddc.webp,"",ready,false,10903
3211878145,https://media.newsroll.app/stories/3211878145-046da495df464efde6d4f52b3b9725734d10ada10ef1bb66550df90a2fd33d51-211b1c4a-0f55-414e-be2c-1121c411e25c.webp,"",ready,false,18742
2511627154,https://media.newsroll.app/stories/2511627154-2df19c7f52d55e50c2e683de82b9f2edca6756638a73a8732aedf8fcd7832ae2-4e46a2ce-d5c0-450e-a758-17762f30213a.webp,"",ready,false,12597
1613568216,https://media.newsroll.app/stories/1613568216-0124d57ef9989f99c4171a9af6aa0207734a16d6bffc3ecff6558e6827819f56-91451d90-c211-462f-9eba-b242dbc345e2.webp,"",ready,false,11570
2471216318,https://media.newsroll.app/stories/2471216318-4f28b15004bd1637c8aea557e1c4d682446d1c01c2d9a861b54ac91e2c7c1a9c-0d00b5a8-f2fc-47f9-93d1-40065b4ac16d.webp,"",ready,false,11128
2646142989,https://media.newsroll.app/stories/2646142989-122d350ba19308998f5cbe0d536c4838bb63d3731bc24766ac799c6633a26ee9-3e34ecbd-c72c-42bf-8ec0-1d4a2cd0b90d.webp,"",ready,false,11797
3471686692,https://media.newsroll.app/stories/3471686692-087405c04be40349d15e33e393311347ed59be9683d67fc15bec89aa07f86252-8455ef82-d97e-4f47-9f5c-6abeee4610e4.webp,"",ready,false,35265
1343629822,https://media.newsroll.app/stories/1343629822-f80eee100664b5a2a609ece86ea0ff6095a8b55e558dede2f576742a767788f3-555cc374-0e0d-47c2-a7ad-5d33bc99ffda.webp,"",ready,false,11973
1453275820,https://media.newsroll.app/stories/1453275820-9060cafbf47766661b0ada339dbfab3f56bc44df942cb80891c5e0d3ce994478-7b4855ac-c0b9-4570-be8b-99c6eec0268a.webp,"",ready,false,13595
3611796187,https://media.newsroll.app/stories/3611796187-98131e233e46730c4b86e423b42bdde65711c3f69e006cd0f3cef64394c4c7cf-1b306eba-6ee5-4b67-9e5f-2c86d1b2fc68.webp,"",ready,false,11857
1794653432,https://media.newsroll.app/stories/1794653432-1dcb65dbc115e5c51a3e0262df735ccf20e4b68ed1916e253c17984c652d7a85-f65d0349-04c0-4e9c-8143-ca4db8d047ef.webp,"",ready,false,9720
1740236681,https://media.newsroll.app/stories/1740236681-7ee2a0fca9d943a1872a3161b4b1981c5d50c3718eaaf9cdcc6a9681b1e8e621-5122d87c-4e0e-404c-a538-bd05f6f126c7.webp,"",ready,false,10870
4308503555,https://media.newsroll.app/stories/4308503555-2d40f58ff26150a5452a8ee9352b044db193e94a3d63a944ba50ed72586978b9-59408e04-cf5c-490b-bb6e-dee7eb24d2ef.webp,"",ready,false,13156
2485457981,https://media.newsroll.app/stories/2485457981-95e61292449e78a418abcc4b96951d7546ca5e03d6ffe5570e3eed844250c906-16f1d944-ce64-43eb-8e3c-8217229f0d6b.webp,"",ready,false,12103
5112242441,https://media.newsroll.app/stories/5112242441-5a1c4d74ea61da45ecf2b7e3e26de73110bb3f431a1d43a4179fcda2e86df6f4-d40f0590-befc-442e-9236-2d1813d4199c.webp,"",ready,false,10657
3785395452,https://media.newsroll.app/stories/3785395452-f136b6c07798d3b273d61a2a42589854f27938ba91ec5e4510e8a66e3e80c08d-2838f2eb-e8c6-46f7-883d-344f992f0d9c.webp,"",ready,false,13128
1435736451,https://media.newsroll.app/stories/1435736451-cf93aca61ce212022e656088d79444158c00ac68c9c4dcd71239f8c1f8c56e32-4ccb1e86-b59f-4cc5-896f-7277121ec372.webp,"",ready,false,12044
3736243058,https://media.newsroll.app/stories/3736243058-9c76457cbeaff6259b0f3ca387d73c3795a4df2719fe1bb54eacd86504a35b03-a31c1433-e09d-429a-8b1b-41d7262de3a6.webp,"",ready,false,10522
3711159550,https://media.newsroll.app/stories/3711159550-5113f55500bc1eb683a5bc30d30b013ee8511530c73fff73b6ea47968526dd55-0edf2966-6da8-45c9-9a36-df6eeefd55d7.webp,"",ready,false,9574
2681382253,https://media.newsroll.app/stories/2681382253-33027813e267a5afe503cbe55abf07b5e8b7720ba9c08ce1a7d1b472911c999b-835e4db0-3e73-4da3-b5f1-b6e4cb108eb6.webp,"",ready,false,11781
5268704163,https://media.newsroll.app/stories/5268704163-b7b288e001b315b73adca665c7c2beccf0b7474c049bb55c2f1f84f4d7c134f9-01e768ff-d6e4-4cb9-bc0e-afbcca25f6c6.webp,"",ready,false,10894
2564258376,https://media.newsroll.app/stories/2564258376-1c0166635b11a10e30b7691e727fe2cb0ddd6d5c518af09219292610ffabbe7d-9cfca716-5e93-45ad-91ec-5e9d36a22396.webp,"",ready,false,11122
5265412600,https://media.newsroll.app/stories/5265412600-6fe70144850acde9a8a2ff038bda13fb5de0c0d5398702ec4b043cf0f81c0ba4-68986a10-4e8f-4755-b90b-63431220057e.webp,"",ready,false,10293
4410492415,https://media.newsroll.app/stories/4410492415-e2cbf7d550f487752ba8d3773100547349180e4650a64fb727c7fb22fb27110c-74564dfc-6490-4c9b-a3f7-a4dc4f97556e.webp,"",ready,false,21452
4710418972,https://media.newsroll.app/stories/4710418972-b55032529f32e32dc02e827b62075b50035d601f7f183186ad0506c33d2f1dcd-237600af-6805-4e96-a609-01f6509f71aa.webp,"",ready,false,13783
5118598035,https://media.newsroll.app/stories/5118598035-dc346947984481d56b55445b1bd1e19fae95947fc06909165bd83de4490c07b9-a670939b-151b-4464-913c-717b49fa5131.webp,"",ready,false,35701
2808644154,https://media.newsroll.app/stories/2808644154-887cd24f6a707dcf9065332fa3c630f8e6c1000b3de603b368635baf6107b11b-064e1c78-689a-427c-ae9b-59ec8c1c77b0.webp,"",ready,false,12972
3894730612,https://media.newsroll.app/stories/3894730612-e7c26202410815c481ffe13f736227339a928eeadce36c359f0460fece245503-8822e03f-71a2-4fa2-ab59-80960f1d109b.webp,"",ready,false,15422
1883247520,https://media.newsroll.app/stories/1883247520-bd81bf590e651df8e9d62c555caac2edb0da25552c67b53dfebcdd5e421ac886-d472d55d-4c30-4ec9-9231-f4cc614ab1df.webp,"",ready,false,12571
2221214099,https://media.newsroll.app/stories/2221214099-e54d01c2cd718b82328b1f3479d668b6f370c1b516681ea1e16b8b81ddcb3274-966f2570-5593-4c02-9894-b4502b490243.webp,"",ready,false,10760
1181034505,https://media.newsroll.app/stories/1181034505-c0842736f2dae375257ae6f32f435bd2afecdd1caf88c138a2530be4d080d744-dfbde07d-76f7-4589-be36-8775d32cd2c0.webp,"",ready,false,12196
4331341684,https://media.newsroll.app/stories/4331341684-4f187682623edef5e635f53b9eb403db86502a2c73b5a0c78999afc1be73ce9e-bf6f546b-979b-4a0c-ab41-0ac2ee69b4b0.webp,"",ready,false,10773
5069236812,https://media.newsroll.app/stories/5069236812-6e5249f2e10bc730868278de1814d9bf623b7400eb2ca8011721888e42e2e3e8-e0c71301-2486-4f3b-bbc5-940bb747eb5b.webp,"",ready,false,11016
3075825300,https://media.newsroll.app/stories/3075825300-63fee46368633c86647292e040943f3be9464c94522331e800ec3adc7a4a54b2-f28af32e-6077-4218-93a5-9be61ad4ab12.webp,"",ready,false,12156
3552872552,https://media.newsroll.app/stories/3552872552-0167a3da0ae5ea9bc33cb771f2d0f5eb16235618bc217b9a5a4914bb6d28fa30-a30362b8-e8e8-4a9a-b7e2-d33e6cbfffcb.webp,"",ready,false,14227
3878787899,https://media.newsroll.app/stories/3878787899-da417d09cf16efb8b4b70e65871053b0592388663c124361232683a2e0f16c1c-a4428d20-cafb-43dd-bd4d-551d461265d6.webp,"",ready,false,11082
2153426512,https://media.newsroll.app/stories/2153426512-bd8d961b5368da217d5323b41bd80f4bd6b12f3d37ca36f1e454d2cf85eabfb2-042de917-72ec-4f21-806f-7e10d6097c85.webp,"",ready,false,9453
1770927437,https://media.newsroll.app/stories/1770927437-a7823aa8e7c77e12445dbebbe78d44c96224cecee234307cead077423115e280-430e6173-db46-413f-b839-6e9067c39d2c.webp,"",ready,false,10909
4444235089,https://media.newsroll.app/stories/4444235089-fb671d7ec7798242cdef1629db97be134c847b32e3662806c7130d4d8b78a5b6-b357235f-637e-4c2f-8113-f73563842130.webp,"",ready,false,10849
5217015162,https://media.newsroll.app/stories/5217015162-305900f95144948d61f1ae8bfb8bfa288de3324b6dd5d5b58c1410c71c2368c4-0c5b2f76-ae8e-4195-8e4e-d1d87bd186de.webp,"",ready,false,10631
3747757544,https://media.newsroll.app/stories/3747757544-6fef398bf027fc07e4fe39a07322a4e03da4b894a6946fda69edc079532db2ad-115b6352-e78e-43db-9c43-d6f63884dc5e.webp,"",ready,false,9834
2238388877,https://media.newsroll.app/stories/2238388877-9b0a8805012e2412d735ca930564c2799c0d0926e16567e5a96c3babd83f9b81-c645e2f9-fbd7-4ddc-b696-446822f7a57c.webp,"",ready,false,10716
2701595770,https://media.newsroll.app/stories/2701595770-15671134c34e31e7802a85e073154cc8309fd40a5ff0519780ce488feb86aa3d-edbd04b0-f4ad-4d51-a546-c23c857a1902.webp,"",ready,false,10244
2296324350,https://media.newsroll.app/stories/2296324350-2c612ff42ffcdba5822b0d68b8f1ed41bbf4729b6680a86bb879aed421eba748-f940ffd4-1136-4213-8287-2863aedadb33.webp,"",ready,false,13392
2749765095,https://media.newsroll.app/stories/2749765095-a096836088f86c12a31ddd525969f6305f757d4925697987789a60632af06472-3c8cd470-9501-4dac-954b-12e239783aca.webp,"",ready,false,11162
2821846702,https://media.newsroll.app/stories/2821846702-76e8954b6a8432cbc0cba7c14db7dac363325294d7c1b8d67eba73e4b8e2b960-beba7930-1e87-4be2-b8a2-22c6b81e6a32.webp,"",ready,false,11420
4755541664,https://media.newsroll.app/stories/4755541664-4e73b9f0b20eccaf026b6183da30e09d6d55c6f334d554a864a7da1dbf9193d6-a26581dc-4474-4d62-8f07-ac4372a69d51.webp,"",ready,false,11548
4899069669,https://media.newsroll.app/stories/4899069669-660f4b6d1d2f70238cfd8b27881f343512677d85f196cdb21f42687270af8e58-272207c1-5196-4a18-99a9-1e496cb43042.webp,"",ready,false,11519
4239728198,https://media.newsroll.app/stories/4239728198-761d0b4dc15354f3edb960202fef38f2f1f6be2352d5d263d716c8742f842e1f-0c8f4450-253f-4aa8-a354-7f9710f23903.webp,"",ready,false,12835
3557367679,https://media.newsroll.app/stories/3557367679-42113f9acfe3b999d2b4fe162266ad2d7a2f367bff32820398b3c8ea032a5c5c-7da5875f-1466-4026-b042-b26bc44056d4.webp,"",ready,false,11226
3792902806,https://media.newsroll.app/stories/3792902806-5a20c000de08e4593cf8c18de70ad8d63a9650a436b88cb599f0ec56cdd9f6c7-c38c7f30-f0b3-4458-95c1-33ee59c5de05.webp,"",ready,false,11127
2429462656,https://media.newsroll.app/stories/2429462656-157ea26e325ef0e03a451906e6e9b882502a92fa95fa2860833f5d673388d10f-8606217d-6ca3-41bf-b1da-dc49355b5ae4.webp,"",ready,false,12252
1927086583,https://media.newsroll.app/stories/1927086583-8f7fcd7b705d56b1308e89ed81eefeb6451255b42728b8cf39b994244cfd20e8-cf06a6e1-d65c-4081-957f-7c3f01f014dc.webp,"",ready,false,10680
3310649095,https://media.newsroll.app/stories/3310649095-fe50ec1e255e43ee297e4eb4577b517514723510eb34eb829db5d1b9fa35b60a-6a813f13-3dc8-4141-86d8-d675e68a4529.webp,"",ready,false,17299
3359621364,https://media.newsroll.app/stories/3359621364-912d44499d5d58de4c178dd1a1417c705e4634b2ed6a67d9efaec79a92499aa1-e0fe8636-be7d-4037-adcb-2df2071546ae.webp,"",ready,false,15390
1321929933,https://media.newsroll.app/stories/1321929933-db4fae97afe380b7b2a7cd61b9b9aea276f1a27608302c53a104f34cf06a72d9-e46444d6-44bd-4f04-83c3-ecc4313b0a53.webp,"",ready,false,11340
2959117895,https://media.newsroll.app/stories/2959117895-d36dd2ae642a33eea0b9ccdd2d3d829b64523b3c90fe03f169e9321cbe5e2395-8ceec015-cd03-418d-b190-f2f5de09ef65.webp,"",ready,false,9009
1461482163,https://media.newsroll.app/stories/1461482163-d94679c12258b4496786d520ca760967855e67cc951b05fdef493d50a494f695-4e6a4030-e8d9-4aeb-ad6f-49c6b38b6e6f.webp,"",ready,false,10185
2006477229,https://media.newsroll.app/stories/2006477229-6d3b2f7369b5aece0308ad0766ae194a6136b6c2d2b925594213540b349d5eca-b26ebeaa-a12a-48c6-b43d-6b061236519c.webp,"",ready,false,14207
1211090526,https://media.newsroll.app/stories/1211090526-e875c000d541a10150a1166552c8b21e260cd0fd8753bea9b7c8469b656245fe-b22d0c40-5ef8-4645-beb4-98e473025395.webp,"",ready,false,11439
3147220183,https://media.newsroll.app/stories/3147220183-ba819871d85c96d364c5af8d2e16e1e4dc17b21029922b84d7d2490d3baed36a-e0fc26ef-0911-4846-85c6-740eab0ba124.webp,"",ready,false,15716
2392314552,https://media.newsroll.app/stories/2392314552-16091a075140d87db549b093a9b9da31a8b13eedc53eb351351060f66ec2a5da-91f70e82-76bf-41b1-abe4-a5e9f0b35592.webp,"",ready,false,12647
4314630132,https://media.newsroll.app/stories/4314630132-8da6ca017262a3708cb5a85b9b15d73d682571f925b3501aa9593579bcc704cd-d6c09989-3e6c-45a8-b99b-5c971dcf8ad6.webp,"",ready,false,11907
3083875773,https://media.newsroll.app/stories/3083875773-ca42eca49964e272c3a775104997ec211b70359605d00df56549191c78d77d1d-f7c88ed9-1c6a-42aa-b904-3e08c49aa816.webp,"",ready,false,11710
1996198807,https://media.newsroll.app/stories/1996198807-fe0a855541ab0a7b780034c1d30b32e2757ae3796eb03e56c9aba110ab296ea0-a0b2bd5d-8748-41fd-a5ef-1c06a2cf4d87.webp,"",ready,false,10530
2423989333,https://media.newsroll.app/stories/2423989333-1bd30a8a373deeb52ce20ccb14e22885c381d77eac2b3bdb5abd94ea2229045e-6001d95f-2dfd-4873-a269-9858df9666f6.webp,"",ready,false,10579
1340559845,https://media.newsroll.app/stories/1340559845-7edf00849892b726aaa0c949ef42641dea636a236dc6ef28060e52594753a6c3-0de1c964-3d7a-466e-b250-21f55ae1ec86.webp,"",ready,false,10883
3555338596,https://media.newsroll.app/stories/3555338596-86e018f6ca16770c8262ecf9c80ea1ad8ff7049f6a30eb9a82f3de3744d2d84d-cb560f3f-e189-4ee6-b21d-197a62fb47dd.webp,"",ready,false,10469
2592325376,https://media.newsroll.app/stories/2592325376-b260152509a9f2da2bbdf69d15c4f643e1eaa55213dc7adf4445c31b33baf36f-5b6e81dd-8efc-41ca-9a11-ad1b91eef118.webp,"",ready,false,11033
3704035546,https://media.newsroll.app/stories/3704035546-bf8c4f01fbf8f5552367c1e4e3dbc920d0eaf67e54a392b616e02eb1f0919417-066ba4b5-7e25-4bd7-af01-e4826001ec15.webp,"",ready,false,11149
1864002797,https://media.newsroll.app/stories/1864002797-aa79f53729c63c32728946f851af60aa1e16516f772a755d6d685c635e833a6b-2ac9a1e2-817c-4ab3-97d2-444eb6c89463.webp,"",ready,false,15046
4193110252,https://media.newsroll.app/stories/4193110252-d6da01982010a01238ad76d877afc675a39acce8bdb6f638b7ad55f93d2076b2-688d9696-896f-4fbb-8319-254fbca3d679.webp,"",ready,false,18706
3776262204,https://media.newsroll.app/stories/3776262204-d9fe9be45f0eade9694b1db2e40d0ebd128dacc670516c9efc5e5f8d54b5180f-96b4e29a-515c-4613-ab4e-fcd2acee3354.webp,"",ready,false,14936
4569827552,https://media.newsroll.app/stories/4569827552-58a405867e5277758430257d3540717c2023d5b40a0b174c3f4ee5efcc4110ea-ebdbbf63-f593-42a0-b3aa-e0a04cf1e3d5.webp,"",ready,false,13454
2702878213,https://media.newsroll.app/stories/2702878213-f71c648c4d047ef81cb8e6cf8c0b5484fb678a9d00105fa0ab097792387c16b9-40d5fbaa-9b11-4b5a-9ebe-a6d9f3255917.webp,"",ready,false,10802
2573421997,https://media.newsroll.app/stories/2573421997-541af1781beacdd0444a16b5b139a8c25d390d60000f10c5b562884b65e7908e-39ac89b4-05a5-4852-9747-17f2e724ed53.webp,"",ready,false,11007
3028875646,https://media.newsroll.app/stories/3028875646-bfd9b567a18d0205f3cc279025293cd958dcd40fe89c0f8ab50e79b4abff9b96-269290ed-7c1c-4047-a6bc-46900cb70975.webp,"Deep reinforcement learning has achieved many impressive results in recent years, but tasks with sparse rewards or long horizons continue to pose significant challenges. This paper proposes a general framework that first learns useful skills in a pre-training environment, and then leverages the acquired skills for learning faster in downstream tasks.",ready,true,79310
1646065677,https://media.newsroll.app/stories/1646065677-b9a950d7b53bdd6e10e8f0d08623d0689ab6dd45705ce3dadec8d137f45f8a86-0c1c5e05-a0d1-4b10-b3d6-e47dc878b651.webp,"",ready,false,11641
4553356341,https://media.newsroll.app/stories/4553356341-98ebe9876168e2100b1a284af13f7500a0133daf15cee9683be968f99da1fabc-2b041844-c417-4b85-9dec-93baf94a556b.webp,"This work shows that contrastive pre-training on unsupervised data at scale leads to high-quality vector representations of text and code. The same unsupervised text embeddings achieve new state-of-the-art results in linear-probe classification and display impressive semantic search capabilities.",ready,true,59964
2508807338,https://media.newsroll.app/stories/2508807338-3d09fc1534ce847d026ad9216231f06cbed177494bd762836260bea21e9c323f-05fc0bb5-51b8-45d1-8b09-f44e645ca437.webp,"",ready,false,11027
2931679561,https://media.newsroll.app/stories/2931679561-8f459481eb7cbb61955cb2dafb456d00dc3cc5f9d1ccd3420ab0bed59e4a3e7a-29e2baea-17fd-4505-b05e-26b957848f6d.webp,"",ready,false,14418
4546380203,https://media.newsroll.app/stories/4546380203-fbaca9aedc7ab4840dc4fef5e8d53cc2428caee3c6eee7d2742a1b099572db2b-31869b3b-32f9-4348-b029-59e71c5a34f7.webp,"",ready,false,11068
2820633510,https://media.newsroll.app/stories/2820633510-1d78af03ca8ae7aaaf6089f9430d7d4a90dbf9d2fddd3641fe3cd49744b59e34-1fa4200d-48df-4c69-aea7-209330f50cfa.webp,"",ready,false,11149
4626761359,https://media.newsroll.app/stories/4626761359-303488f8d15ed33de84c863b5008b19f1bbb3dd1d872a46aa7cf7f27509177d6-d9c07c88-a70c-4d0e-8d30-62e2ac4e0f8f.webp,"",ready,false,13511
1844927162,https://media.newsroll.app/stories/1844927162-310aabb43edcc597d1e21a19b004f8e704e4439219d9b301912ef1d5bc00ad08-cc3fb2f8-8548-49d0-8906-40fe907e839b.webp,"",ready,false,12058
4147424521,https://media.newsroll.app/stories/4147424521-f276ef18c5ac24800ca2ae0494ef913e9ca408066c6a4df7b8017761eab5abc7-db336b25-fd4c-4f3b-ac02-02d90f2e06dd.webp,"",ready,false,10657
2998312741,https://media.newsroll.app/stories/2998312741-40476fa637bd4ae51d4dc721736d04648e11819f829cf3bc76f70abe26c6d281-9587c862-ff82-4aab-bbfe-1393ef8b5be3.webp,"",ready,false,10330
4573924346,https://media.newsroll.app/stories/4573924346-3e5069c0d8b4cdb819430c019a2d935a8ea74f1c9c7b70a81952fb35122bb1f9-2379b82f-ddb4-4d6c-bef0-20fc2eac04fa.webp,"",ready,false,10892
1730035001,https://media.newsroll.app/stories/1730035001-dcc779a43dab7ef18b9b22000551d70f2c4f0c113e9ba9c0aa75f25ec5662fb6-40cf2342-8735-4233-9d23-0969da757665.webp,"",ready,false,11967
4337250103,https://media.newsroll.app/stories/4337250103-01caa7106abdc96a59114d599c105ff088b7b9ece4d35b7277fe48e7a3639f80-4c947a6a-78d0-45c3-9a9c-99af3b289436.webp,"",ready,false,15518
1458836139,https://media.newsroll.app/stories/1458836139-e455aad226ea53c6d633ec0710a1b5e9b79af79d432722d8b8ee77b0d3157ba2-29711d75-fb10-4286-8b0b-25616b9bf109.webp,"",ready,false,11783
3077013990,https://media.newsroll.app/stories/3077013990-045f6fa2cc7ac55cd610bdd5630a00ecc20819e805d1633104d4cefdd4a769b0-9b33742f-eff9-4b32-aefd-1e4f679563ba.webp,"",ready,false,11272
2574907125,https://media.newsroll.app/stories/2574907125-6cf937fc4969657af6e958cf13e124cd604188031e6eee80fe625cee2ad3ff78-e07277a6-f2d4-4fec-b536-8018c1df7544.webp,"",ready,false,10540
1586491087,https://media.newsroll.app/stories/1586491087-2870b46e942047614320812a0ac9da7e6e7c7d079023f9316636137c0892f61e-1904dcd2-0e5c-42ac-a1a2-8eef031931c9.webp,"",ready,false,11564
1741921523,https://media.newsroll.app/stories/1741921523-3b4db20d5fcf8ce12dee27db27dd931cb529b6ba8685043ddfde31f4de501f47-d7411783-71b9-471a-96be-4567a9b487d1.webp,"",ready,false,10695
2007019850,https://media.newsroll.app/stories/2007019850-f5c874ea2de1b67f8bfca933f762f590cce0af0bb6673a847998a227ace0ed7f-ca507b2e-3f3b-4a6b-90ee-2a9b22eddec8.webp,"",ready,false,11945
1447551595,https://media.newsroll.app/stories/1447551595-022731a383a025c98e474fd4ee60fc899a32bdfbd08fd2a68a7d3480ee696f0a-5e394117-d354-4f91-be0b-31d46be1d6b8.webp,"",ready,false,10417
3710787882,https://media.newsroll.app/stories/3710787882-ffc4679f27465fa197ce3b98ebceb96776ea949395be91ecb4b90cfea037ea62-9ff75571-5b81-4666-ba05-b5be5bb59dbe.webp,"",ready,false,13171
1389231789,https://media.newsroll.app/stories/1389231789-39a72243519ac3d153a2191d268f0a4bd973a55c2d5ba68259b2b3bc02120b63-153fa704-a596-4f37-b9c1-8474b866554b.webp,"",ready,false,11748
3809805132,https://media.newsroll.app/stories/3809805132-8fc28704362012405a185d22b16e0fc798ff7b30f55008097d8acc05a16fcbb6-54dc49ab-082c-4786-8808-ffb55d2d7b78.webp,"",ready,false,19488
1680378866,https://media.newsroll.app/stories/1680378866-32d2cd8667160fccac15369efc8a6d28a64ab12a8285c94a25c777d485e0f276-f8320d08-0e14-4141-a5aa-8ac1d5368182.webp,"",ready,false,12403
1145709066,https://media.newsroll.app/stories/1145709066-29e5c21b1b2092c6a5fc97a04594487834990486870a0a5dddaef5e98d3d6161-41203c73-019c-4da3-b09d-72633be9672c.webp,"",ready,false,11238
1234230808,https://media.newsroll.app/stories/1234230808-d350a14297ed19890f8117db3b5229766b6f5bc4392e0264fbf89580fe08700a-1add8bc7-71c2-4427-a934-b4d183eb3965.webp,"",ready,false,12771
1193603542,https://media.newsroll.app/stories/1193603542-ededa765b118084ddc9a2486126364d8f907578fcaa9ebf128b272805072f004-e5ddcec2-d43a-4ab1-9f25-3e8ee565c52b.webp,"",ready,false,11812
1838132630,https://media.newsroll.app/stories/1838132630-2f37fc7cee20394deec81bcbd5a9bcec1d6d171db76c61e949710fbc23db08f4-9ffe47b8-1e0e-4073-9a60-074bcdea88cc.webp,"",ready,false,17775
3840875640,https://media.newsroll.app/stories/3840875640-d54ca11d20bfc95850da7e0f2f42a9c229310e22837591c224392c5db0d8878b-d2f3285a-3395-40ba-b703-34a5de857202.webp,"",ready,false,13706
2597737409,https://media.newsroll.app/stories/2597737409-757fb27223cc46e65e0661274150071fc98834ace7af2604d83073d412085403-9b96fa9b-9138-45dc-9efd-f67866b0e66a.webp,"",ready,false,11369
2816627091,https://media.newsroll.app/stories/2816627091-ec8cb99b5bf7f25f12ed7a84235ff508b783805bc854d1f5ad99affd311df2a7-d4036dc0-949a-4aa1-a936-52d64a481fa4.webp,"",ready,false,13372
3110130168,https://media.newsroll.app/stories/3110130168-eb882afa8800402ca2017a120a120548324275183b020573b08f9c1c975dc5b6-b514bb25-1329-4f38-a2d7-6ffc9dab7e78.webp,"",ready,false,10679
3961369490,https://media.newsroll.app/stories/3961369490-11e1d435465daa1b8493e3bf291a5e40934490a32eeac5a816b103cef3e1cc82-df84a8b9-0932-4e6a-ad13-77600229cfc3.webp,"",ready,false,12708
1052201194,https://media.newsroll.app/stories/1052201194-d23dde22feb55bdc81fd9496be3da8236b00cbf493e699f718f1a7948a94dfb1-79460b6b-fd59-4d15-b3d9-0366d5129534.webp,"",ready,false,11604
2746248944,https://media.newsroll.app/stories/2746248944-6fc9d45f5e9dcf2904ca4115c4c956f03054c4f38c9c83b2a1c61c516bab364d-f15f14e8-03b0-4ae5-8e23-687997f7e019.webp,"",ready,false,11064
2910838762,https://media.newsroll.app/stories/2910838762-c043743376bc63eaadfffd296cfc01281196b8d1026619ac4d35fd9f1adcf719-f0703720-7067-430d-a395-14724eb061ea.webp,"",ready,false,13316
3613634933,https://media.newsroll.app/stories/3613634933-d7a6a1303ebf57d9a1f76a8687368c7b8d8f16784058f82e9d241827af54f858-6e184dc7-dc51-4de7-8422-ea2b0c2bcd38.webp,"",ready,false,11878
4017320556,https://media.newsroll.app/stories/4017320556-997502cc17a7fef3382967d794220fd60d88f6a3f381f55eb50d61101dad581c-89116f72-2da4-4907-bfa7-7ca5e3f5bb42.webp,"",ready,false,12951
2823463631,https://media.newsroll.app/stories/2823463631-6d57f3aa5e6fd82b73d7c63de2cf3d5e49c8b274436276c7dbb546b4e1291ed0-11cb7156-9515-45ad-8c1d-229a174735a2.webp,"",ready,false,10244
4509952259,https://media.newsroll.app/stories/4509952259-52520fea434a633f129ab930bf67e40971b4561b5e64c2a13e033cea8f1d30df-201f4ccc-f023-407f-a4a3-2ab1b24e85c9.webp,"",ready,false,10358
2823854651,https://media.newsroll.app/stories/2823854651-d2e4badf9ea786154da16574af1e7f43d2f670ed3163a92eef64e0c19b332afb-340c0e33-d6bb-4df0-9ef1-b90a5154190e.webp,"",ready,false,12817
2871120682,https://media.newsroll.app/stories/2871120682-3717809b4f97ec6fc9896f80874cfcb3cd64ac747d8e889e3dee1a76781987ca-637a4cf1-093f-4387-9a55-83c43aa13fe5.webp,"",ready,false,13302
2580162341,https://media.newsroll.app/stories/2580162341-6c13244d0a3c8bf5f4d26a20e694637bdcd2d35814c9f54a5f10791b892734ff-0ba00f10-7d41-40b0-83c5-95aee1f941bf.webp,"",ready,false,18688
2601349144,https://media.newsroll.app/stories/2601349144-49b35924ed2caaf6fff288840b448a69be4ae08260ceb48a781a2d722e59b043-c6b3370c-fa7d-40d6-8de6-b554eb0f2e46.webp,"",ready,false,12666
1962960099,https://media.newsroll.app/stories/1962960099-2f1f5144801953300efcadb1a74c30d06e67f59ca57e18ebb6cc3b768677766d-a61ac6e9-e4f4-4e77-be24-4e3d7c1e0e07.webp,"",ready,false,10911
4746098247,https://media.newsroll.app/stories/4746098247-d3ece1934fd90bd7b880fc5965b7c4ed7380b936020bceeb00b68f841f91eb97-e5b7ea98-8527-4718-8731-60acc63a73b8.webp,"",ready,false,13953
3655639049,https://media.newsroll.app/stories/3655639049-bab5aab5819201b5a753b2af2f9a5b8827e2f3b74064837db214824becef8bb8-3184783a-2762-4fa8-a7fc-33eda2daf224.webp,"",ready,false,16197
4320669411,https://media.newsroll.app/stories/4320669411-0ab1131c156a9adc336cd7daf88ae3fb7805775bd0b233656d944f6714d30597-263dd8fa-9f98-4143-a763-b45a44df7bf9.webp,"",ready,false,10475
4439597201,https://media.newsroll.app/stories/4439597201-9a831c5558d43e9e3d2ad54a8efc6bb9f94c9a8f09ef83c8df6ffc464ddb5dd2-6ab30cb7-6574-4e88-8596-9a951edf8305.webp,"",ready,false,10590
3839397293,https://media.newsroll.app/stories/3839397293-e011ee3be60ef2025e353196811d0927a5352df03bc811e884b310ac89a88320-774cdeda-0205-480d-bf21-336d2b32f09e.webp,"",ready,false,11520
3024423205,https://media.newsroll.app/stories/3024423205-c18163f3b3d1891cd7d271d68d7181d9067974c88c099f56a18d33b7853ef117-ed729ec2-c1be-4495-9b02-93354315a985.webp,"",ready,false,12574
3735421879,https://media.newsroll.app/stories/3735421879-af34672929d61dfaccf4db931957d4e16cc859f6972857db8aedc7942b02ec4c-65af6d4f-4f75-4bdb-95ec-4cee8e0d7c72.webp,"",ready,false,10659
3651343737,https://media.newsroll.app/stories/3651343737-fbe7231f7e77ea8bfc25fe528ea55803446fc524d6c34a1584d7ee1b9a1cfc80-a368fcf5-6eb5-46cd-afec-dd15eae235a9.webp,"",ready,false,12914
1809273931,https://media.newsroll.app/stories/1809273931-ec79ca0b6e392826fabf9fccd01d6ff75e754560dac222b397de92092ed8b8ce-15d24765-7838-460b-a232-7182f5a5e93b.webp,"",ready,false,11492
3479794381,https://media.newsroll.app/stories/3479794381-b55d5d99aec318f2dfff66f7e438f05b32d634db7c392ba6b57c5825a482df64-e70c9f4b-0189-4262-bbfe-8c3e7656eeba.webp,"",ready,false,11089
3777656816,https://media.newsroll.app/stories/3777656816-77cbed5bdae16fa02ed7f26a6770a6c41fdd33be1c23d74fd2c321976236097a-6dde8358-eb16-4d81-9a72-bc1e13925cd6.webp,"",ready,false,13506
3844407005,https://media.newsroll.app/stories/3844407005-1ecf66236ab9353e8651ff6275b890696ada64f256fdf5a73f151314bfbfbdb4-de1e1390-50f8-44db-a85d-ae265347339b.webp,"",ready,false,10801
1037011443,https://media.newsroll.app/stories/1037011443-b30747066ed94853262f40da57914029926ffeeb49406b3dc539bf15f0afceae-45812539-2df0-4468-92bc-de0e941d0008.webp,"",ready,false,10600
4247930530,https://media.newsroll.app/stories/4247930530-81b505ad9ab6725983544a04e743b22b01fb58f3eb1ef260627340fee19b9595-baf13f30-27de-4a8f-82a2-c6056069913d.webp,"",ready,false,11196
4852397254,https://media.newsroll.app/stories/4852397254-64afa16153c5a9a7b88b45e16eed46a022c200f543c006b2494936e738a3bd20-1f7e5154-4151-4244-8197-69226363859b.webp,"",ready,false,11177
2439045631,https://media.newsroll.app/stories/2439045631-fe20c6ccc60fdba827b4375ebcab61ab6ef87b352ae47c6aec4a6124b6881722-6696ab60-b0cf-489b-88f9-34ddfaa8e733.webp,"",ready,false,10397
4177731698,https://media.newsroll.app/stories/4177731698-5908c8bdd0bf0893d802c96bfe3c83ec90ed8c8ac9d4485c23671040a4088b1d-fd5fc71c-de5d-4949-8c1d-5dcf9e3d7518.webp,"",ready,false,11732
1406673571,https://media.newsroll.app/stories/1406673571-6d519c109490c876614868af70d4fadd17fbb75b16b765529f3752b922939d8f-585ddb5d-d05c-4cfd-8ac6-d98b32c86ce6.webp,"",ready,false,11934
2727688927,https://media.newsroll.app/stories/2727688927-a973361beeae9d38c9675b15a5bbd67ec19b46cdb7963938f07635d516c547d5-c9d59925-7d36-4f8d-957c-18faea9dd284.webp,"",ready,false,10237
1891553480,https://media.newsroll.app/stories/1891553480-ee20b8561482c5fb5958528380774276aedb8e9282ba4fa9159459b7d9b7b728-b65781bf-201a-4ba6-8b42-c05c7dd3b783.webp,"",ready,false,17114
3069435745,https://media.newsroll.app/stories/3069435745-f72fb4a2f8b47a6527b4d002a20897fff1f33507a0bdfd05a7a7d28636b185ff-895db932-4fcc-4ae0-b9ab-970af9ae4438.webp,"",ready,false,14546
3315956978,https://media.newsroll.app/stories/3315956978-9f147d2b2395d4320bb2c482ed8b4db1b408fe6002fbc2514098c462486c3797-3aa5ad9c-1e42-4202-b91f-781b84024b91.webp,"",ready,false,11244
3386211900,https://media.newsroll.app/stories/3386211900-9843aa732dfe9f328e56a07f3de0bc051590ade868fda1672604a67bff4c451d-c1d5e9ac-600e-4180-9c46-bc1f8444be17.webp,"",ready,false,14368
3864348862,https://media.newsroll.app/stories/3864348862-4b6a068f47d8a7c2e280b605460b5ea13725844a19f09e91d7cf8f3bca2ae6b8-8b8ef714-6f34-40a1-a901-575c9a755df4.webp,"",ready,false,10712
1474414577,https://media.newsroll.app/stories/1474414577-682971414bb255937650cb6bcc9e34b9d54e89e40844c476c3eef1043b032c46-da3d3793-96ba-40f2-bab7-184c00b5bda2.webp,"",ready,false,10021
1101119546,https://media.newsroll.app/stories/1101119546-08aac8dc5a480f4d329d869e14a133fbf78fc5f3ef9d013c269f42e9fa5e287b-10358b46-7e15-47d9-a8b9-d203af72d656.webp,"",ready,false,10026
3233760189,https://media.newsroll.app/stories/3233760189-b4a00c5a2078acc9750916c81575b75e4d382558e742c0b8b3d6a523f1d90459-a019072c-d763-4732-96af-2654a6eede18.webp,"",ready,false,10985
2635905307,https://media.newsroll.app/stories/2635905307-3d23a8ca99cd3335dcbfa5d0ed8a11bdb82a85e9e0928155ea3e0854be46fe5d-55fecb7b-0714-49d7-b76d-287136fbae55.webp,"",ready,false,13305
4771610268,https://media.newsroll.app/stories/4771610268-6f34d63e5fcbc41ba1857540ddfd66fc06d82eec6eff00fdb50316a289a48ed7-f92c8d73-8ad7-41b2-87f4-66e4f37d35ef.webp,"",ready,false,10984
4335221578,https://media.newsroll.app/stories/4335221578-ee9bc9a007474bfd06b9dbd51c93723785d9a5bd484c32fd490c6bdb06bf176b-b122dc41-26b5-4dce-b356-f51dcf022363.webp,"",ready,false,13241
2501983683,https://media.newsroll.app/stories/2501983683-fcb78fbf3b64fb2ea5df59cebb629962ee28351fbd6e292454adf2990c1b8121-51b2b496-e07e-41be-868f-c13402a404e4.webp,"",ready,false,10461
1374951063,https://media.newsroll.app/stories/1374951063-0eea9e7e0d4633f3e64d91eca09f861336490184a8796e62966acfc6ac6bb8f5-cf72b6e5-47bc-4d34-8294-de5746a50256.webp,"",ready,false,9826
3520850788,https://media.newsroll.app/stories/3520850788-a1261e33a3024c060f7ba3f19331af4d5d1f0858174fa636ae5923544e2c7822-a352aa9e-77e9-4171-8843-30170f14023c.webp,"",ready,false,10758
5265679962,https://media.newsroll.app/stories/5265679962-43f55cf422ed84246fc0d601f74a425420aaf59510babe9b232d13e9754fcf38-621fc60d-7717-4946-9890-50ccaddf8f38.webp,"",ready,false,10734
1473323003,https://media.newsroll.app/stories/1473323003-7d617f09039da24ea52514bc2383367d6bd86ddd72c793a6b06a6caabcf24db5-3249a5fb-1fd1-4f63-ab73-65ec04203f06.webp,"",ready,false,10415
5226033367,https://media.newsroll.app/stories/5226033367-20f9e63fbba92590f010e329e5914cdfd64c3b184c37796a35e8c068aa6930c3-0a47361b-4361-4a3b-adff-c070b13be56b.webp,"",ready,false,11295
4898278748,https://media.newsroll.app/stories/4898278748-351d79582326d9eeaa9eedfccd3e61723f18949962ffec36650826e753f6a9ad-a8a6a7aa-3d3e-4c53-9452-a936219fa2d6.webp,"",ready,false,18289
4713770553,https://media.newsroll.app/stories/4713770553-a06680a5cde8052706c50736cdf5b68d4dbea6b8c89c670b1a62e72f69c593cc-48e8410d-c941-46b2-a42e-e609b9027bdc.webp,"",ready,false,10945
4296949285,https://media.newsroll.app/stories/4296949285-93cf0416768a051de36483164b3a2a03d61ef70e13615bf78dedbd428ac2fc76-66c19e2c-cdd0-4833-9b31-104f60bfdde1.webp,"",ready,false,15083
4504761088,https://media.newsroll.app/stories/4504761088-d4b6a6449f0d528abd6aa06d14348ad510e6e4dc3867ba2f0dd35d850fddae03-b09bad10-cdb8-41d4-a9c4-6f3de4dcafa2.webp,"This article discusses the problem of exploration in meta reinforcement learning and presents two new algorithms: E-MAML and E-RL². The results show that these algorithms deliver better performance on tasks where exploration is important.",ready,true,56282
5084632746,https://media.newsroll.app/stories/5084632746-bdab52f83b6dae5d38d03b52a3fb42cf851422bf63a285e1daf547613dbcec01-22bfa509-9495-4967-b298-34ba1733145c.webp,"",ready,false,11090
3435725917,https://media.newsroll.app/stories/3435725917-ec6fdfd4977dcebc4911d8bbfafebeae67f04aa53db7e8c5c0769a1bd7acee3c-cef75521-919a-4f58-b9bf-a4aab93c5774.webp,"",ready,false,12989
2440351476,https://media.newsroll.app/stories/2440351476-e24806ddd44e23f621b43584a2783428ebde2632b2b8d8b33b61088d8400b36d-34f150ce-bf49-4c1f-b932-12b663fb8926.webp,"",ready,false,10407
4401779621,https://media.newsroll.app/stories/4401779621-42d02a54d0ee25a6b384df394079e3cc47c6f554ef9a69f14ab5860071c8dcae-0b073191-e62b-45f1-8e68-627dae800984.webp,"",ready,false,10434
4030431779,https://media.newsroll.app/stories/4030431779-27c51c8c50d16aabc7d802b83c763d74158c88cf234222dc3ec4cd9ee5a8d9a5-35fc31e4-7945-49b6-b885-a9a9cab6bc0a.webp,"This article discusses how an ensemble of Q*-functions can be used for more effective exploration in deep reinforcement learning. The proposed exploration strategy is based on upper-confidence bounds (UCB) and has shown significant gains on the Atari benchmark.",ready,true,49115
1745041329,https://media.newsroll.app/stories/1745041329-b250e167f3ad2afa33a5d5a3f2744ad35949c4a07927c2ed50888f1ccff66f24-a4c5b609-2995-41bf-bf0a-700980d79a35.webp,"",ready,false,12052
1145123070,https://media.newsroll.app/stories/1145123070-e1eb315ac046c360b71041640c420f91dc7df5865a236971839ee625e845f733-b667cb2f-43bd-4f3f-9903-a0fb891f48a4.webp,"",ready,false,10334
3965359226,https://media.newsroll.app/stories/3965359226-e6f62926337b84390170e61045ac542340c32b927f5e9a3b5ad72184f98c14ff-1f3694b3-7529-4f7f-8bc4-6f8237220bc7.webp,"",ready,false,12694
3146937028,https://media.newsroll.app/stories/3146937028-142ae97e3e57dd920648e9319d16e85dd3565adf6be1736352963b9042e722b8-44f8d4c8-0b50-4861-9f00-da8d244105af.webp,"This research demonstrates a generally applicable approach to providing strong privacy guarantees for training data, called Private Aggregation of Teacher Ensembles (PATE). The approach combines multiple models trained with disjoint datasets to learn a student model that cannot directly access individual teacher or underlying data. The student's privacy properties can be understood both intuitively and formally, in terms of differential privacy.",ready,true,68333
4352527981,https://media.newsroll.app/stories/4352527981-f91be2885b79924e744a4e9c623ccfcec7116fe9ea134d2197e549ae475d5562-5c41b854-ec83-4b1a-886b-8b78dbb72f23.webp,"",ready,false,53021
2022062027,https://media.newsroll.app/stories/2022062027-5a0e7d57da33e753a6d51bf35645795f25cc6d53a7997605a70cdd74b0fe1f22-72621842-9630-4982-b315-58ee1fec96c5.webp,"",ready,false,10354
4997890184,https://media.newsroll.app/stories/4997890184-0c85cb3e81e61bbd44819ea886b6a091dab8bebd94f1c53c7330085e66c0b04e-84bb285b-6d38-4a4e-89e5-29936405ebf9.webp,"",ready,false,18242
2418411273,https://media.newsroll.app/stories/2418411273-df4f389d43f605f76478e354b3ca1147e00c75f717a540aedce743da29a676aa-776b64ec-9df9-468a-ad14-d1212d17319c.webp,"",ready,false,12822
2540960939,https://media.newsroll.app/stories/2540960939-c0988ed27fd8695f717870457dacd67bb24d8afc5b584fa7a2192b57ed714ebf-3d1b4d9a-6ee5-42c4-92b6-56d45772c47b.webp,"",ready,false,10914
3055090033,https://media.newsroll.app/stories/3055090033-60502390003ee801056d2f9b908a41c42d20ee272b427819295965f91cf2918c-5f68e044-f439-445c-a71f-0ec3a4172c10.webp,"",ready,false,12258
1723429147,https://media.newsroll.app/stories/1723429147-4dcbda354cd4d78465131c2e2fdc0dece9d2a7eda51b3ec9314f62526c63fea6-575f8c8c-3370-4a0f-9799-4ba6293b4f53.webp,"",ready,false,11218
2321216180,https://media.newsroll.app/stories/2321216180-ed4ae1ed4c991a7c03e35d868a65b0491063bdf379284be3a10f41d784021cb8-149dfda4-d270-4f94-a5f1-0d73aa973acb.webp,"",ready,false,11218
3595779786,https://media.newsroll.app/stories/3595779786-a2089c99fecb4d591b9cbd19c6c97f2af6635e651ba06cd667ec3d2aba4f393b-99546bf8-9103-4cab-9eb6-1a3932bee6e5.webp,"",ready,false,10859
1996822054,https://media.newsroll.app/stories/1996822054-954bca95fc86594f23384c4f36772f74f95c5b477f53f0a082d80ceeeed1873f-b652cea4-6753-4e5a-9180-da3843696ee4.webp,"",ready,false,11364
3118900320,https://media.newsroll.app/stories/3118900320-abc7cea7c1cb8a510eba1ec99b9f7927dc23487245b5f4488bed3a1c84af3580-37055e9f-7464-4906-aba6-d63d14086e3b.webp,"",ready,false,11234
3297011428,https://media.newsroll.app/stories/3297011428-6d2d18f479c65a4975cc9ea8a670ce4ec371ff0ac8eefd56fc3078bfb52c0965-8338c66d-c85d-438b-9fa1-98b97d836c2e.webp,"",ready,false,13201
1852907174,https://media.newsroll.app/stories/1852907174-4a1d26af18091193c8e7aa4cc6e88b0bdc678da7bf11795f146c4dbcc06acf8a-42ed59de-7446-4545-9682-e2fefed5b46c.webp,"",ready,false,14073
3055373635,https://media.newsroll.app/stories/3055373635-3e097c76147272327fd1521bfe5acfdf4735c35bf8224ddaeea2999d444a10c6-70692f47-0d77-4186-96ab-8d6dc983a5ef.webp,"",ready,false,14592
3362300182,https://media.newsroll.app/stories/3362300182-8756ecefffff7449116b9d2dec4c603a85402cf9207011bf9e0f4011204e3ca0-359ac190-3464-488c-9300-dc2eeb570525.webp,"",ready,false,11384
5111535132,https://media.newsroll.app/stories/5111535132-4b46e76afb1af2f73e35cffa9d6986ca18c45b4c4fb79bb6498dd2d4683508c6-37672b00-1c2d-47b0-b6e5-6c6d8c55ba32.webp,"",ready,false,14632
3417614098,https://media.newsroll.app/stories/3417614098-30f6ee12e0b48b1ab3eb7ef0eb97f3c7529fdd4f898c9775976855b4c4b29878-f725c47d-5ee8-41f2-ba4d-d74d65d4fa4b.webp,"",ready,false,14647
4994384227,https://media.newsroll.app/stories/4994384227-cea47ff306aab4d4c2888c4082601fd847decf52390110a5fb15205f4e13a1bb-58435cd5-a2fb-4807-bee6-bc52bad035a1.webp,"",ready,false,12142
4516102432,https://media.newsroll.app/stories/4516102432-fca5e5b26fe4ec98ec40df74d624307fab98bb47b18b2c32f3db3a4abf3dc8de-d18cde16-663f-4e83-9346-007f47439132.webp,"",ready,false,10188
2468865082,https://media.newsroll.app/stories/2468865082-e92de5c181a084de7eb52bf3b360448f81840e5bf94ad27f813bafe20ea0da37-6bbb0933-8691-4821-b2ca-69f5b4942752.webp,"",ready,false,10793
3974348920,https://media.newsroll.app/stories/3974348920-01994ddb703303b59938507e26fd7f687f482aa2e9781666818ee78e5ed23cbc-6d9cc4fa-ee13-4f55-b8c6-ec8cb7347ac6.webp,"",ready,false,10368
1266552097,https://media.newsroll.app/stories/1266552097-fb17241e642a72813074d4f88262b7398caa277c3c9a7bada236ef9f7b709ea3-ebf24ef8-5e65-433e-92d6-be3dc9693fd9.webp,"",ready,false,11534
1863356370,https://media.newsroll.app/stories/1863356370-c94945b2710f54dc6ed15e744280ba15d1cc81db7485d7b846a71f24e17e932c-78309fa3-f9a0-4d36-a1cb-9cdc95ab7358.webp,"",ready,false,10331
3071757389,https://media.newsroll.app/stories/3071757389-e7b53037d5556d3420400a982adebae86de207f302df9d02361548a3732ccf66-275babbf-a1be-41b3-94ff-3f9d5ee3a100.webp,"",ready,false,10041
1060968006,https://media.newsroll.app/stories/1060968006-e3c80e4a1e958f0e33251d100d1c7d7552a8309b2de734b48855eb6571d6c235-e484710d-d184-40a5-b24a-c4d64e08668f.webp,"",ready,false,10554
1722676639,https://media.newsroll.app/stories/1722676639-0a52f4fe3abb4db14a3489524eb261c85fcf289e41b2db4b92d19571bb25d900-a4e461a4-9f64-4982-ba63-d83ff0cb0fec.webp,"",ready,false,11681
2784398117,https://media.newsroll.app/stories/2784398117-d6b39846bd82694b40ccaa20a1c06e4daa508fb393802523dd74a60036aae5f0-9d26acdd-2a50-4180-8341-2b64a7a1cfb3.webp,"",ready,false,10968
1596498899,https://media.newsroll.app/stories/1596498899-855bea28abccdb922bf074b6f782033c4d94ed39c963ca7abee3d451acfd65de-f1733b9f-e867-4011-8b39-21b97dfcc140.webp,"",ready,false,10799
2303841508,https://media.newsroll.app/stories/2303841508-f278f026c2192e4ccb2f1c11c916e12943846d8eb4739014805a25ffdbd6027a-9bc57af1-8302-4a80-9967-7152759f4b1d.webp,"",ready,false,12725
2454356335,https://media.newsroll.app/stories/2454356335-75c89758557e0623540071a5d26b1f7595707211f5cef4d60be2e92902d70418-0fa4b9d2-f59d-407c-b602-5434cce2f6af.webp,"",ready,false,13728
3217851251,https://media.newsroll.app/stories/3217851251-10b464074676581bfa42bed5d635acb88c13ab638374de24620a991f98f72906-e5a72398-f060-4d9f-abf7-0a2f81695602.webp,"",ready,false,10946
2306644128,https://media.newsroll.app/stories/2306644128-364779c0977898c7044725ea51a70a52123522274ddbb401fd45b6a5eb138261-6b863442-45be-4fee-b2a4-8e745ab92271.webp,"",ready,false,11607
4678045242,https://media.newsroll.app/stories/4678045242-6ff81b1255bf1964ad0463affe5e7779db4a5fc15fe32b6062f92f28758fe8a7-7fd45399-1f70-4374-ab54-3115a8d52984.webp,"",ready,false,14685
2848940260,https://media.newsroll.app/stories/2848940260-3c4f131b8a3854532cf484438457fa9e724b68f0de3b5d08e8a943a61c90bd5f-43839ec6-cf18-47fd-bf0b-49f0df92c339.webp,"",ready,false,12714
1270056513,https://media.newsroll.app/stories/1270056513-8c186a41ca358a5413734ec8627686621a9c6b9190031ab126bc3b67c84cf956-d88b8eb5-bad9-4484-b8c0-ba5a012b3faf.webp,"",ready,false,12688
1174453543,https://media.newsroll.app/stories/1174453543-cf06009c8379ebca37cb3eff24728733a60faff3ba66ec8d9ff5619f249cad6b-b43be9f8-3e98-4b10-a4c2-3a61a962a48b.webp,"",ready,false,12762
4702539636,https://media.newsroll.app/stories/4702539636-360e3c8cfa93dbbeb167dd7b1652f3ec71cccbc41837ca0da044e802b12d5459-46280ae6-499e-40e4-876e-b5a6d5906b95.webp,"",ready,false,12510
2114297062,https://media.newsroll.app/stories/2114297062-b40d7a232f058c209bfb6f60783ea91af641ffcc3666bb258efa5aac707008e5-56c3f4cf-975d-46d8-af76-4f04958f2b2f.webp,"",ready,false,10700
1059061360,https://media.newsroll.app/stories/1059061360-bd5fb9557793798dd28ea69f83445b9c454309770872e360eb25b3941775fe58-41c20c2b-ac31-4338-8965-fddf00028080.webp,"",ready,false,10147
3467387715,https://media.newsroll.app/stories/3467387715-042c5c57a32d5f0e0165877e93034ff07fe812a9cf749c61f43b42e9a76146dc-7ee5b0d0-89b1-45fd-baf3-564b6626bcbf.webp,"",ready,false,10633
4959808090,https://media.newsroll.app/stories/4959808090-d8bc14e0f85bf8df4e1b5c729c9a3cdf66e2252e55a3fe6b4fa18f944b70f27d-8897ce15-d476-4d30-a833-646c6f33c428.webp,"",ready,false,10517
4537480499,https://media.newsroll.app/stories/4537480499-b76abb0cff48d614a68c443fdf582bf6d5f84a328b672b1174ac1fff9133391e-3387f1f5-b14e-4fcf-b088-b9b61451fd7f.webp,"",ready,false,16855
1756237913,https://media.newsroll.app/stories/1756237913-c4257d7040e26bd634a88c57ed165a01606eebcc44c79a310a919471498dfcce-c2ab603e-c7a6-434c-9de1-bc69c74df492.webp,"",ready,false,10683
4432051458,https://media.newsroll.app/stories/4432051458-bc6725fbc39043d32d6ce11a90479e1b76b450ea7b2ca1b1683ec41bf9feb9f0-990ee115-5806-4e28-a0f3-5d5cacb9dc21.webp,"",ready,false,12671
4282078807,https://media.newsroll.app/stories/4282078807-20bacf31ab9e3fc7f96b5ac76c47f178c617dc19029d6627f0ec7f4825813683-7c26f878-48ae-4efc-97d1-b4cb576eb709.webp,"",ready,false,10906
4895332869,https://media.newsroll.app/stories/4895332869-bc88cd093042ebea80251b07ad0807939289db4b09cc005ca8dfb873af99a4ce-94c372c7-b4fc-43e6-88f1-4af04955b8eb.webp,"",ready,false,10538
3107992751,https://media.newsroll.app/stories/3107992751-70dec7d2898e2f4faea8bc523b9e7b1a2ed3c1ea005adf63a0c6594b648e2e85-0a5c0fd2-7d47-4144-852f-afb01f50002b.webp,"",ready,false,12475
1152327209,https://media.newsroll.app/stories/1152327209-8b072bf52bbe9498e9074d399624e7b9b872b15d6885e952efc13516cc6011c1-82f24166-4bd0-4c4e-8970-d3f431fac6a3.webp,"",ready,false,10907
1278444747,https://media.newsroll.app/stories/1278444747-db09351aba91dabc886b1af7c7b28d07427fc9e19599291c596c7446224ff311-3c3c30da-5aa5-40e8-97d9-331e4c6f9fff.webp,"",ready,false,14421
2378090569,https://media.newsroll.app/stories/2378090569-29d71a221bfbd698cd1faba3a76dc873fb1efb1108076046188ca535159ae2bf-b6837b8d-9a06-4c13-a1b9-874115b28633.webp,"",ready,false,9923
1604562766,https://media.newsroll.app/stories/1604562766-4a2785aad664812a1e4781270d600ca150500f2eaf64c920414df8f8f5390e65-12bfb127-777c-422b-b96d-faf0461c1447.webp,"",ready,false,10367
1946746535,https://media.newsroll.app/stories/1946746535-ed605e312efe409ec4c0896abaf9e1d0651fe1800d4a37d482b9a7c672c2f141-768a8b8a-dc9d-4773-b73d-e4e8304fc62a.webp,"",ready,false,13271
2409522226,https://media.newsroll.app/stories/2409522226-c50cabfb75f69850988e88e082fa059c1565cb4a09f772ab9fa73864c200daf2-9ba66b5b-b8e9-4a61-9b9f-08b13a112f9d.webp,"",ready,false,10772
4953753413,https://media.newsroll.app/stories/4953753413-0c9d5ebb6e265a0421fb7fabf9a33bfc57fac26c263abd6814ac89022af48847-cf16ab53-da7b-42ac-8b9e-e4d3831dd4c1.webp,"",ready,false,10627
3611340257,https://media.newsroll.app/stories/3611340257-9fd6ca866ca7f95bae9e6ef903a479bee3b927158e4afb56ba5e12745dff0cc5-df13a7fe-89ef-4501-a4ee-e1882f7baa77.webp,"",ready,false,10740
2810773933,https://media.newsroll.app/stories/2810773933-9985c02e63b5a8eb52b03fcae18136685fb84eab096f1b4977197b1628a38d8f-a9bb314d-86d6-420c-8e41-75f8cdb897c5.webp,"",ready,false,12691
3649835345,https://media.newsroll.app/stories/3649835345-b2d9ab138fa99997b8a45e5905beaaf1dce7518a665153ec50bd03f7ce8e46ff-b166cca1-981c-4d65-acbe-0aadfd2b866d.webp,"",ready,false,10914
4224099309,https://media.newsroll.app/stories/4224099309-920dc830bbea634ed98f5e307ff4492c7fb473b142fd1a1c8686931d9f1293da-6332c93b-992b-41fe-8cf3-aadee65c117f.webp,"",ready,false,10584
3461954572,https://media.newsroll.app/stories/3461954572-56be034fe98c1ebe1b7f59ba02eee95c3c180d8fa716b4514273cba53a37afef-ddb22227-d72d-46e3-8909-253450cff6de.webp,"",ready,false,12506
3053525748,https://media.newsroll.app/stories/3053525748-9996f567f1009da80efa995f2f29a7fd50ad4b26df6d7a91ea6e3bc43eaa2008-44f3abcd-7afb-4c84-b27e-81fd08e36fab.webp,"",ready,false,10333
3243682406,https://media.newsroll.app/stories/3243682406-13ea79dcd29c28ec72e06a6236f1d68308c04e1e792e53da4a10475cde196404-6721ee53-851c-4cc7-bf43-1f257429b535.webp,"",ready,false,10432
1497416544,https://media.newsroll.app/stories/1497416544-2b2b9ad9abb21e2bdb90ceca00f69dc71a339e6523cda7ea48ce9abe28225bf6-92db97bf-737b-4844-ac9c-658abc683ddc.webp,"",ready,false,12907
5068654300,https://media.newsroll.app/stories/5068654300-021e15bad2ddaf9e9f5d9c418ab8a6186afde250723605d9d88cbe38055c881c-abcf4a55-22ee-4216-a56e-63f9b0e4fec7.webp,"",ready,false,12407
1297286498,https://media.newsroll.app/stories/1297286498-90ef2359cda8ea46991354ca8bfbfd907e90c162969a14f1972d69567b8aacd6-95fbc0f8-89ac-4a86-8db6-bf4d59e7fb3a.webp,"",ready,false,10186
1753540910,https://media.newsroll.app/stories/1753540910-44d1448b42e7ee915573b59e73738b5d1332fddab0fd65ee8016bb0a85f01453-37845cb2-2815-4250-b062-bbf598812cd7.webp,"",ready,false,10820
3529629851,https://media.newsroll.app/stories/3529629851-adf869f0f36ad5a802311186775afd0654f915966a6c87b8955548f8ab5de64d-12433bea-a281-4e13-b234-da94ed30a693.webp,"",ready,false,10931
2753023183,https://media.newsroll.app/stories/2753023183-b8a2815219e3ed09dbeff2858a94054e304ec916e424068d9a9c9d0aad2409a3-de0a285d-f840-4131-816f-9e2935fd9770.webp,"",ready,false,9721
4752265590,https://media.newsroll.app/stories/4752265590-67989fa19fd16f654e8c79b839eb690010ce37897dee464b32f496b950373d38-8f47f61d-d1bf-474c-b61e-62585ccbed6c.webp,"",ready,false,10275
2712993398,https://media.newsroll.app/stories/2712993398-f7b4a453375ce1fed4d2af99c16874dd7a9d1f5bf9896bf25eae0ab71b31b011-8232f6ec-e9e7-4a88-95bf-03f3d9c81bde.webp,"",ready,false,12155
1801751029,https://media.newsroll.app/stories/1801751029-25bafee308de89fd4eb48215734a435d40b74572ec27ac3fcaaff49f8ee76d04-cc6265e7-6383-47f9-9208-45e35edd92e9.webp,"",ready,false,11694
1870703872,https://media.newsroll.app/stories/1870703872-40725b773b2b729d009231c7fa6f9574f8c6ccf9a7cd8bd751c086b98561e44b-fe4b7864-097b-44ec-92bb-51d60d2f99a2.webp,"",ready,false,9858
2547132904,https://media.newsroll.app/stories/2547132904-f0c247bfb4decf0e6929d6213f19dd76e05cd62baf3b7906ac0b5f5d558475b5-5d27d837-dee1-46d3-a6f3-821baf1928dd.webp,"",ready,false,10613
3325261445,https://media.newsroll.app/stories/3325261445-b683539ee8b6cab29e51716c3e3b4e23323af98f3214156fdd045a69c8a43c3b-02b79cd3-91c9-4316-9a02-9f2949ee17b4.webp,"A Tamagotchi for your desktop, terminal, and AI agents. Care for your pet via desktop, terminal, or MCP.",ready,true,45340
5272903567,https://media.newsroll.app/stories/5272903567-f7b1b9b6bcbf9e9694e06356a2c38db489195e25a52c91830376c8dc36f2aeed-efbeb256-db39-49ec-b413-de66029d5fb5.webp,"",ready,false,11177
1184931819,https://media.newsroll.app/stories/1184931819-786f56ed1fc1911f8014197e48d0602040e690f72c714cd9dc225e6c0f387151-b97f0ddd-5113-48a8-9187-53f6b7ec7966.webp,"",ready,false,11246
3377958205,https://media.newsroll.app/stories/3377958205-7c27da580d9e289fbcee13873e7832a1cfd70d32997f11ed249991ffa8757eb1-1581e2b6-5bbb-434b-88d3-863d2cca12f5.webp,"",ready,false,10457
5143493580,https://media.newsroll.app/stories/5143493580-45e373c7ae81d01df5bbef9c532965fb659ff297eb5fba5cb01bb9e5fab14638-75c015e1-0837-4563-b3a3-f3f05a278c3b.webp,"",ready,false,12155
2463902697,https://media.newsroll.app/stories/2463902697-1a744a897baca610834116eec3dd8390e0a783be63b1e4f7d6c6d3e101109d75-837f6d16-d104-4bef-8bb4-7ee519e919cd.webp,"",ready,false,11604
1597367175,https://media.newsroll.app/stories/1597367175-ee4b39d4dd583e5d08c0771c3097e072e006cb37f3dcfaf47e184c250483dae6-f8519171-0bc2-404d-973c-b95159bf8917.webp,"",ready,false,10373
2791805537,https://media.newsroll.app/stories/2791805537-6caa5c0f54b7d0ff7d67ccfbb76a36be238604b26cbf58a36ce7c6ba8503896f-0b72be33-c0ac-4497-8a42-ede0a8360f8f.webp,"",ready,false,9592
4357505464,https://media.newsroll.app/stories/4357505464-d0d576496fda470cd50bcaff40402655d77e5d4f15cd85b2dd912f03bb668f68-43f5ab51-71b6-4d6f-bbe1-9347c275c2a4.webp,"",ready,false,10619
2406516648,https://media.newsroll.app/stories/2406516648-9292a2db86bfe038313c7d2d9d6a9d4f7973a9eeb26ec0d25da40e3b17cc37f4-68d640f1-06af-42d2-ac9f-fc387eba705f.webp,"",ready,false,11124
2082096745,https://media.newsroll.app/stories/2082096745-7829b915cc9aa1f2961fa99fd47d43c7451033eef0c4a903876bb769a5ac1df7-551cf49c-d94e-4aed-9f07-57b20d2e2f93.webp,"",ready,false,12092
4750107130,https://media.newsroll.app/stories/4750107130-08170e1173c2ec0f98f6700ddde8b5cc52c6cb80ee5779e67dc6f52ace9542f9-f8b378f5-f90f-453b-9275-459d71a9b9cf.webp,"",ready,false,16148
3274048864,https://media.newsroll.app/stories/3274048864-a0223ae0142c8835a1de4cc559293857c60a0502ed450e9ffe9f8d6fcb67925b-ddc46374-8b40-4d70-97f4-ebeef9bdc224.webp,"",ready,false,10656
4645996721,https://media.newsroll.app/stories/4645996721-cf92a9676aeb56ed13a1da5554155040fc279f03960ec8b146f25ed7ced2b090-d2b20c11-9877-41a6-9608-c8876e8b110b.webp,"",ready,false,14767
3324038067,https://media.newsroll.app/stories/3324038067-03d94cacfab8fc532be4995c6f70f8d2010b59f823bb58eca3008003445ae75f-9117754e-7733-4a5d-9d6e-bf5a07bdcec2.webp,"",ready,false,11616
1804092536,https://media.newsroll.app/stories/1804092536-6a3fd5ea4e59fa4ef32de57e535576e1abc4af4407d71c27df789895e8149fd2-46248151-503a-4d30-97b5-9c91a0f85aa3.webp,"",ready,false,10225
3438305066,https://media.newsroll.app/stories/3438305066-2a880f58fdb7fe7ce7df8f7f1cf983d1d250bdebc9348a5467080cb72376fa7e-5ed8c7eb-1b89-4fea-879e-3df8c60996d6.webp,"",ready,false,13647
4203553599,https://media.newsroll.app/stories/4203553599-fad3d330ce31245aa30d93e233e3dbcd5e10a4c1e2a13b3a399f54ff85d301d9-ad7741b9-4bdd-4cb8-942b-7cf170cc12d9.webp,"",ready,false,19568
2742627840,https://media.newsroll.app/stories/2742627840-8cd6ab6e4cac70bbc5f1e45acb78c7ea08ec592697be328cb612393d77381064-ea1b281d-9e41-490c-b515-a0db7740da5a.webp,"",ready,false,10923
1087884875,https://media.newsroll.app/stories/1087884875-8a634df5287c4a8891e9a436b4e5b8e63d33048c545da10c2a9d43a8f64352bd-62299234-0e50-4d4b-be0b-9031c0dd9bcc.webp,"",ready,false,10687
4077035104,https://media.newsroll.app/stories/4077035104-32afb577fecf9c0ea9b3484354a1e656df93ca61f31d4beb2acee2e353bc30bb-3ba268b3-49c1-49ee-a61e-2a589ae9484a.webp,"",ready,false,9845
4883631477,https://media.newsroll.app/stories/4883631477-80ed7673843f32be66a78a80599fd1d4e0cd6153cc31be02d4c971d2aa28bf95-a8ed068e-c491-42a5-a6bf-14ef0faea0ac.webp,"",ready,false,77182
2861854487,https://media.newsroll.app/stories/2861854487-c35533085f5e906cb8f6763062340d93378b3234f444718cf43b9030d952d4af-13c3ef22-ad95-4e56-9863-f32d99631d0e.webp,"",ready,false,14494
1583948266,https://media.newsroll.app/stories/1583948266-1c28d8e1c7ae86e65e888183262a1753e1eb788ff14db7fbe0187fcc43c7800f-5a9b9fff-9f02-411e-8106-6f42664ca380.webp,"",ready,false,10421
3124931098,https://media.newsroll.app/stories/3124931098-540c492234b2322b0beb0372f67052635f4ead29ad1fdd3b50659e2c6b9b01b7-a71c5b25-406d-4571-a11d-0c1fc03dd1eb.webp,"",ready,false,13392
3065124843,https://media.newsroll.app/stories/3065124843-ccc7c45e2993b90686b93b3865bc7ebe783e51e532945c833a280a6f4f5f3f61-f0a4357e-c451-431f-96aa-47a9917fcee1.webp,"",ready,false,10346
2316300946,https://media.newsroll.app/stories/2316300946-828ff7a99cd19e479682775153885a8251386b6381d7c48684519e8a97ab3139-f04126e7-0fd1-45a3-88df-80c8c5c52dde.webp,"",ready,false,16631
1895590084,https://media.newsroll.app/stories/1895590084-437d06ea2211d4293e8ce2d103fd292a8351dac053abf393f66453706f8bff68-0d9c4ce1-1c57-4824-a228-ffedb75f2d97.webp,"",ready,false,19748
2715634224,https://media.newsroll.app/stories/2715634224-c608e6427e73d8aad9cf06d4b550e0aa66f004b121621f3940643b68185a2be7-1199bc0d-88b4-4d43-a976-fe9c7f3140c0.webp,"",ready,false,10045
1370731573,https://media.newsroll.app/stories/1370731573-487b64ea6901afa0c0a2059d5c83cd65fdb92da189652733f9e06ad7ba316ac1-3b728b38-aa6c-44ea-9873-fd806ee2c9f1.webp,"",ready,false,13737
3487892434,https://media.newsroll.app/stories/3487892434-509c02d9492ce8c50f7540cffc19aceec5810b6e66450df7b480d7c7f4269749-a9431a3a-4f64-466e-bbd2-64e241a926b3.webp,"",ready,false,10714
3017494306,https://media.newsroll.app/stories/3017494306-affd8d60f218bb01402d41a2963e8a93b1afc5242856a227c28349c978079798-67738558-7ef7-40d1-9658-4e35890e6d0c.webp,"",ready,false,10216
4444502096,https://media.newsroll.app/stories/4444502096-55321f21fe3d0f411f3768ced13aa1ef2631dfd26e819b077cc7a82765cf4a7d-a78ed337-a431-4ba6-be62-d7c86de3d536.webp,"",ready,false,11182
1643357291,https://media.newsroll.app/stories/1643357291-0ef2b63471187f62dcc79d9547fdf6da6dcd93419240e17cfefdebb90d4739e4-659fddec-98c0-4864-8bc9-aee8086c5004.webp,"",ready,false,12154
1766142004,https://media.newsroll.app/stories/1766142004-192f5526b528818d09aefbfcc9b1d9175d7762447b32b9e5cb62a829437e6fbb-abc222ff-bb51-498c-8b6a-d23c09f3fdfb.webp,"",ready,false,11579
3400502608,https://media.newsroll.app/stories/3400502608-d572905e95d32161678cdde1a96499df1e46f92fa1df26c3df9c16947d7d33d4-cf812db4-2186-4b66-bb1a-70c91c0dfb1c.webp,"",ready,false,16471
5103200157,https://media.newsroll.app/stories/5103200157-9b8e72f0f3c1384b47692e69950f765ebe3f564810b282dc0962e5d04871bfb6-fb47c522-a704-42d8-b59a-47fb37de293c.webp,"",ready,false,10694
4042122385,https://media.newsroll.app/stories/4042122385-362ffb7978b7ec1d210b1328a0b69d32412d33ca1b947b52d3f5e40a1bbaaeb3-fd36d548-5845-4e55-9a3e-e02808c208aa.webp,"",ready,false,10721
2187562493,https://media.newsroll.app/stories/2187562493-a104026602a7dc769e2ffb042ef483846845b11b4922fa9b82561c9460669e4f-9ae78a87-a90d-483a-ac72-f2c7d6cd0147.webp,"",ready,false,9925
3120195811,https://media.newsroll.app/stories/3120195811-ca9c02afb85e742c53bdf7fc291d08e3710207228f30ecc156e6007a11b47c6d-45a7ab22-2edd-48ae-a78e-a48816b4081e.webp,"",ready,false,15396
3714113006,https://media.newsroll.app/stories/3714113006-d8517b1145e6c50bcedaaff5e95c3dc8223bb717db8bbe90416c82f6114cb86c-d7b9bfcf-2689-43e0-a61d-76e66058f1d9.webp,"",ready,false,10897
4623895451,https://media.newsroll.app/stories/4623895451-ee730fc0384be1575387059ce596168439a4de3056d400336aba694baef4f2f2-e4d67eea-c841-4074-a165-15bd5f2a853e.webp,"",ready,false,22816
3060161443,https://media.newsroll.app/stories/3060161443-9e9ce30b73e1225763b4588236c569b55420217352bf659492c4e5df413619e4-00d242ab-abd4-4404-84a2-c0189a1d4f8d.webp,"",ready,false,11841
3203288720,https://media.newsroll.app/stories/3203288720-f22b4ad3533086ea9237afb0307ab3a32680139f21cbf43ae1f79eff84600b5d-14e9f482-6cbc-4555-90ff-6d53fbbbcf9c.webp,"",ready,false,11724
2010579482,https://media.newsroll.app/stories/2010579482-1a868e9609639113278f70d4a9b9dc77a6d7bbea991e0c09a7dd458acbccb459-885a4571-7393-4da2-9f45-9acd2b823f8b.webp,"",ready,false,11032
2372764694,https://media.newsroll.app/stories/2372764694-17131afc1375db387afbf15d5068d6f03e6f5ceceaf8d10e9e851b8bdaab9772-61af4c80-95a8-4b3c-bc4e-0b8e4912ff10.webp,"",ready,false,10735
4594093167,https://media.newsroll.app/stories/4594093167-47565c36c688c61d85676ebc26c19d9b6a8dd933f626a5001e4f4ac92a0feca2-528b23f3-8e4e-4267-a213-c3a2ec22d005.webp,"",ready,false,12969
2399760909,https://media.newsroll.app/stories/2399760909-b94690fda57828e86d4c1bfd03a32c8e3abbd6227a0269302d4b1d47f06b9812-6287ad30-7cdf-467a-a59f-6bef735fc83f.webp,"",ready,false,14963
5157363235,https://media.newsroll.app/stories/5157363235-9cc36119ae4e24869bc5ad3561a7c10712c1b09048ae09bf8834d0162a6edfe8-8ee7bf36-ea6f-4782-8367-374b18b7abdb.webp,"",ready,false,11589
4493300360,https://media.newsroll.app/stories/4493300360-dad28a6b4cfac31179212adc1436e7d60dbeeb4312fe99707a48853f576fcf5d-478cf729-44c6-49bd-b594-bdc83d2cac67.webp,"",ready,false,10937
4678829900,https://media.newsroll.app/stories/4678829900-dc5a1a5ca168e049abf8fe43ce4da789e8f58e11b8022f5586e6bf87ffb88352-c4a5e5aa-f8db-4e31-9edd-477b5bcf31bb.webp,"",ready,false,12749
4718566051,https://media.newsroll.app/stories/4718566051-bede49cfa1eff9462d96b9b72d9fb85d055aceb883833875349eebfc11e8da92-329e9c55-814f-4c72-b74b-4a9ddf433303.webp,"",ready,false,17926
3027571674,https://media.newsroll.app/stories/3027571674-89170e56942408ec89f898aa9bc02f5e5390e0898279b75f185bd36f6edcf8e1-77682475-6efe-4eb6-b82d-f675b8fbf576.webp,"",ready,false,10835
3075037588,https://media.newsroll.app/stories/3075037588-99100ac9d902b1c71c25cd9e6de40d3c47858c36f024267099cf23f918109993-28cd8b56-a757-4b14-943e-5ebc1a787724.webp,"",ready,false,11223
2956345114,https://media.newsroll.app/stories/2956345114-ae82a5221dc1ef7b265e534d6f5a6797c76e5d11497321520d748887cbc7404a-a90540b9-d02e-438a-933f-65479e22d8eb.webp,"",ready,false,11661
4438367094,https://media.newsroll.app/stories/4438367094-3bb9378f35c0afdd0abf4ec4b85b6f313dd4c995432f3479982cd56630725eea-56eba652-d23e-4842-9d5e-467d7f436d39.webp,"",ready,false,10678
2622657944,https://media.newsroll.app/stories/2622657944-eb328675af5090b1f111fab8b913cadb174b5ef44111fbed41c733fb5da0d7fb-962d2a12-75da-4f84-89d4-a9c5cd1e2c6b.webp,"",ready,false,10261
1636588995,https://media.newsroll.app/stories/1636588995-691568e96ef1d2eb59d985f5b4bf2dfd4df70b255edb337ba12dd1f3b457e9c3-bb358b2c-76bd-40e4-9f3e-3ecf1cc2bcef.webp,"",ready,false,10106
4058289686,https://media.newsroll.app/stories/4058289686-e188204497f0cd2bf38faf193b06902f05bd644c6b8aa7774c8d827de826133d-fff4fce7-8d08-42af-8685-329984ea144b.webp,"",ready,false,10285
4340448903,https://media.newsroll.app/stories/4340448903-e93941c8a2e9784367ac0f4e61efdd8a9f768881d4bbaa8842a977965487d561-74d259a5-d743-44cd-bd87-0bc2db36fc98.webp,"",ready,false,16086
3595549665,https://media.newsroll.app/stories/3595549665-7422ef73bbb6984300bfbcbe0b72ad88ada3c5b41aa0b70abead168c5cd33ba1-54110a74-101b-4097-87bf-967776bf11f1.webp,"",ready,false,11208
3182178942,https://media.newsroll.app/stories/3182178942-57c319db667378bf07b48752d14ec4347f1a3b65900dc64b170387f2bc3cac45-5631647f-20fe-4e7f-9c96-c46838d86d18.webp,"",ready,false,10492
4536432780,https://media.newsroll.app/stories/4536432780-090b910425b732ee6b3639475cf3dd6adb8e474efa1bef0283afa30d60dd26ad-e106ba32-a7a5-48d7-8878-a226f6a2657a.webp,"",ready,false,12546
4095588741,https://media.newsroll.app/stories/4095588741-51ef4be4852d2c555c25d0cf79e72dde895f2178a4e7865a83b4508d4d45fc5c-58b53f6b-022d-4a6c-92ca-2673732fe3a5.webp,"",ready,false,12710
2554144019,https://media.newsroll.app/stories/2554144019-d18d3be593f3f438c526029d14dbdb0062158cfe7d59c75383a8f33f6b8a1529-259bcc6c-789f-4e26-9fb6-9b8be866bb71.webp,"",ready,false,11030
4245991797,https://media.newsroll.app/stories/4245991797-ffb780ea18d6688f538c715225fc38ff3dfd5dbab153e6c48b3352d5b3664c94-a604a05e-28b4-4d83-9419-984216a0e11d.webp,"",ready,false,11671
1307456534,https://media.newsroll.app/stories/1307456534-ac1f63903eb1c60e3b1b4f002f2eef8c855a2655567ecaed3c7fa6c503cbbf60-50e9736b-9667-451b-939d-6cd4dfa6a457.webp,"",ready,false,26480
2335807368,https://media.newsroll.app/stories/2335807368-ce0e53a2d3606b68eade40155a80ba38085594643d51a3b936c7bd13fe969f69-a730bad5-4cc7-4bca-b3d9-28b40edaf001.webp,"",ready,false,26025
1826619004,https://media.newsroll.app/stories/1826619004-08f06c899ebec8505672923843ef24a7f79742f02644ab99e30b980241830d0b-b0cda03d-7ffa-4163-bdf9-e3152715ba6d.webp,"",ready,false,11435
4708191601,https://media.newsroll.app/stories/4708191601-6e6e5654e10f16d23303a7d4f32debb530a4d36230fcc021704fecb9e6ba7145-a52e3884-43b0-4991-97a5-931440b942dc.webp,"",ready,false,9934
1360854432,https://media.newsroll.app/stories/1360854432-ec0519e7251edc88cefa55e96dcc291e55c8318582ec6c837b6848b1f6e805fe-e8b222ad-3da5-4411-901e-cad58e85af00.webp,"",ready,false,10536
4881965757,https://media.newsroll.app/stories/4881965757-a38a85198ae754cce7aa556f16af29d0f1946e04474f8f96e71d2469668c7dea-b19c20b1-ac41-45e6-bffa-f39f1978b298.webp,"",ready,false,9917
3901521726,https://media.newsroll.app/stories/3901521726-d114ec8f9ff0706f60f0d2a3a3a81d8399c885d73fad9482f3489b0699776142-10324679-3c3d-4324-86c8-ded885574dde.webp,"",ready,false,10313
1888197090,https://media.newsroll.app/stories/1888197090-b4d5073834fa5c3abe86f2756517718ca8ee2c05b626b7e39c76c5e9a59d89c5-0608cc27-20ef-41e1-b6a3-bbaa7baf627e.webp,"",ready,false,9766
3589665480,https://media.newsroll.app/stories/3589665480-94c537b179bc295a578c20425cd6d29d3b30d328d860bbd5705fbcf3d1c09ebb-3189477e-5a90-4743-be55-0fbea4a5d7c3.webp,"",ready,false,10278
3530524505,https://media.newsroll.app/stories/3530524505-847102a449116a43c5cc2a772dc2ea4ebb5200730c57efbf2cf1d171e33d0ea5-20dcb266-e854-4e7d-9fc9-51c092ca1ab0.webp,"",ready,false,10830
4779093021,https://media.newsroll.app/stories/4779093021-c34ee7b47a88cec80ca09486ce4d368d83ec861c684546e7dfae7b2c4175db91-e5186c5c-d531-4f0b-8068-58b0040c958c.webp,"",ready,false,10370
3099721189,https://media.newsroll.app/stories/3099721189-1b80eaf784919f34e69d41bcba761cbfafdb4ecefebcfe3c7c2aa4583f319798-529f7f74-136a-44e3-b3b7-1025e1599995.webp,"",ready,false,13634
1113940780,https://media.newsroll.app/stories/1113940780-95544f9f7cb14728653a3ba6d59c869ffd7682f280d1f6997f44ba383080b70f-bf9a3182-a61f-41ac-a1c4-3113b69a207b.webp,"",ready,false,12668
4762057566,https://media.newsroll.app/stories/4762057566-c35426f3b25f17a075f450d176bcb8da162031d7e20bdf38bc1c7b594993f9f3-b447e763-4fe2-4366-ac72-115e6a05039c.webp,"",ready,false,10137
4379889761,https://media.newsroll.app/stories/4379889761-07354d9f53a988817d320bf7e867f6665ce6cb97088051a6fb8e4a41043dc4db-1ef7664e-4fcb-4463-add9-f3fc48c0321e.webp,"",ready,false,10613
1461183087,https://media.newsroll.app/stories/1461183087-b255e51eb90418641e3f0ab94530013a53c67e1caff8846cf22deec3498002f6-26271129-d512-493c-9b4f-d73972f96f38.webp,"",ready,false,10566
3981478465,https://media.newsroll.app/stories/3981478465-034c336b44819732deb224cada9ae06cc64f933f0c14785d978ea97ef694e0da-3402d679-1d3a-43fc-9784-7aade3860436.webp,"",ready,false,10450
4778251397,https://media.newsroll.app/stories/4778251397-81413133122f9b21c9f1d8e4c43a7ac1b4dac9b2de647aaba085b58ad0f39910-09208cb2-bb49-48ce-9939-9f8881a5a73f.webp,"",ready,false,9534
2446684015,https://media.newsroll.app/stories/2446684015-c1ff6b7c203fe6efe13d40e1d86755aa9affe97bc8d1818001eb04fbd8d656bb-9b9d224c-7e00-4b63-930d-7000969ec3fd.webp,"",ready,false,10670
4168926199,https://media.newsroll.app/stories/4168926199-1bac346d81a9fb7c1b98762f4e049018b50a02bac638618ab500073bcecb6a40-695ef1c4-356d-4526-8f4c-b2fc1b719848.webp,"",ready,false,10813
2962924636,https://media.newsroll.app/stories/2962924636-2d4921b41fff7c1cb50f8ecad6f7aae52e500ef4ba8a5a3ab213f47cc67d4c17-034f93a3-8a22-45a1-98ab-5fc9b8fc09e2.webp,"",ready,false,11877
5215250331,https://media.newsroll.app/stories/5215250331-0c445280e7e9ad064c2dba8d7ed538e83775922c23e910fdc84cc7ffbcbb1e86-ba9f87d8-1978-412d-8c44-383b2a66e5ff.webp,"",ready,false,11041
5256317541,https://media.newsroll.app/stories/5256317541-a0cf0c982c73dffcf97c8c23da29231804139bd04e475c4393dc0474b5a711f3-c90b720e-4c02-4bba-87eb-b25238f837c4.webp,"",ready,false,14555
3892938440,https://media.newsroll.app/stories/3892938440-56e432345be5b77f6a1d2a807cfc525114bb9a014c76db980fd6654091ab8825-39cb5a19-9663-41d1-80b4-78995a804e16.webp,"",ready,false,11452
1464019448,https://media.newsroll.app/stories/1464019448-0ef28e371cacec126629e74a048de6f5d7d06fe999c47d1173264950f9578cc8-c355e1c7-3d07-4361-9067-7287046a55e2.webp,"",ready,false,11928
4815278402,https://media.newsroll.app/stories/4815278402-086c0a1e14c73164bac0fe900218838d7d52d7c375380cc0e3d2466d2435450c-aa9f9a55-5383-481d-aa95-e5395665da05.webp,"",ready,false,11315
4874885193,https://media.newsroll.app/stories/4874885193-81bce9e3d206f2a3b9743281368ea2892a2618635056ea3623b5a137a0a9f2d7-2b2c1884-7646-4a81-aceb-98b55e5b6041.webp,"",ready,false,14258
1604375282,https://media.newsroll.app/stories/1604375282-9c8b3d045b202cde4dc72bdaf815f608c0fd164b2cdfd3b17cf3652f74a2b979-1584076d-9fe1-43a0-b750-515ba858fbea.webp,"",ready,false,11062
1859439641,https://media.newsroll.app/stories/1859439641-62e809aaceab9fbbcaea88c6372fc11d7ec1442203a0c0d718a5fb8e7d264cad-43b70764-217c-42c1-a5bc-c02607b38f18.webp,"A female suspect has been detained in connection with an explosion that killed a prominent Russian military blogger at a cafe in St. Petersburg on Sunday.",ready,true,30607
3820796297,https://media.newsroll.app/stories/3820796297-5cee3eb73faffb5c75790e86a52477f94408ee296e0003f3d322d94747db3ced-3ca272d6-38a1-44bf-86b4-be29373d8888.webp,"",ready,false,10534
2381106878,https://media.newsroll.app/stories/2381106878-b6702afd6fea511193b10770b741bf96bae46bb4a32ea84efdea36259e30dfb5-e51fa646-9ba8-4b8f-975d-cfd2fdc9f589.webp,"",ready,false,10129
2947931730,https://media.newsroll.app/stories/2947931730-e362b9f03c541dadcb88190f615cb37df2fe80febd30baec9f7fb1201a0161b8-baa55834-bc38-4897-a878-03f08ea81e67.webp,"",ready,false,10558
3815160226,https://media.newsroll.app/stories/3815160226-5bf01cc78b024d3b345447c60f67e0d93f146c4bc9143b617f7058884229e0bc-89f52710-999f-4547-8fa7-4b7a09efb153.webp,"",ready,false,11927
3988723450,https://media.newsroll.app/stories/3988723450-822f49b2369de921ba002010b7151be9dea3e9dea9be11896efc3b1e111d036b-b3e55a55-3e47-4ca1-8b79-b84d0742247f.webp,"",ready,false,10677
2960259158,https://media.newsroll.app/stories/2960259158-091c1ab7897aaa4fca4845cd5b9f9f65b65bbeeaf912bd47c77742fe28d685d1-ce9238ec-6443-46d7-b1ff-6c849cf736ae.webp,"",ready,false,10431
1593492317,https://media.newsroll.app/stories/1593492317-6a995d4f172183301b1c1701e9c14b287191e2db493e8bef8a3c155421dc3d42-0046bf95-476c-41e6-9eb9-7d4b4cbbc1c2.webp,"",ready,false,10130
1351310646,https://media.newsroll.app/stories/1351310646-5f03307469d0ee6ed77bf62df279647128274b703a743cb803c5625830becb98-23927d64-ff2e-446b-ad64-3b9316e0d2fe.webp,"",ready,false,10721
2323667913,https://media.newsroll.app/stories/2323667913-c7c92232d180ea64d6427bb996625d336e2e375fa85f2638dcd98cffbd21126f-d7e9f3d9-c312-4902-9ace-171bf9466b07.webp,"",ready,false,10485
3902873532,https://media.newsroll.app/stories/3902873532-ee2210150b9f7585951d75a27ade3689a884d411996d0d67413c7a4efc0d03de-f89813ef-f7ba-4d02-89b9-c42941fe70d9.webp,"",ready,false,10793
3282115637,https://media.newsroll.app/stories/3282115637-5a7d1d4b2d2a3229bf7b9a5811426c65e732672bcb56a6472233a9861110e4f2-a123e733-7d99-4990-871e-e58b8672d36f.webp,"",ready,false,12320
3908458274,https://media.newsroll.app/stories/3908458274-488ebd93616fdc2f8c806c74294354f2c63320ed26ccc9af42094a566f8e04ca-84ee85bd-c3c6-48a6-8d7b-66f8700ead29.webp,"",ready,false,11274
3029632133,https://media.newsroll.app/stories/3029632133-23d0cdc0b4601f76feec2c20c1a944b78bc632cf0c3bdf3d827ad3d6e5ccf77f-4893ac14-b07f-4cc9-a3b6-1ea7311145f7.webp,"",ready,false,11646
2323008648,https://media.newsroll.app/stories/2323008648-d7bf956c8bca36b89ff5a2108d6e07b35b7b73375d49070d2a634797117e6d90-3cb22635-1a53-4aa0-b7fa-42b9a8d15d96.webp,"",ready,false,10476
4855030450,https://media.newsroll.app/stories/4855030450-942fad8e78f8dd55d8453e028d5d712c9565f0471241f064a4a861e1cbd1bdc9-0595115a-3591-4371-9cce-91fb272c8399.webp,"",ready,false,11034
4897066698,https://media.newsroll.app/stories/4897066698-017915c7a9fa9c6843634d802966222e39a5f8b6369d59dd42264e8bc792f1aa-24aef51f-5851-41e7-a7fc-031eca25ab75.webp,"",ready,false,10503
2504180076,https://media.newsroll.app/stories/2504180076-a134e227df3232b0cb88480a8ab6581408b5ff31b4e73af15e1f19deac0cf78d-fb125eef-aecd-440e-8e67-0e33f5f24f80.webp,"",ready,false,26844
3354888573,https://media.newsroll.app/stories/3354888573-8a7bf55067289176ff5b7ac0111053e72f6ec342a8691d74a209996c23cbceee-5378ebd4-fc79-4495-b1b2-2cdbf98efbe8.webp,"",ready,false,10739
3669016230,https://media.newsroll.app/stories/3669016230-8172be7ab2f7b2f45b91efbf7c13266e03a970e657fe5ab893a0bd8401778777-64af4c8d-83ad-465e-a70e-27008088aaf8.webp,"",ready,false,13781
3083275139,https://media.newsroll.app/stories/3083275139-e1ed923418611f96a748c53956528ff8a2f881f4ebb66a1fa6e134b6559f510d-dc80605c-134d-4ae4-a2f1-c6807dbc88d9.webp,"",ready,false,11810
3243704276,https://media.newsroll.app/stories/3243704276-7ba3f31ed87b3bb27bf7b940c91efa6b1eb2f3315a0dd9bf0466f117077b93a1-387eff89-f6d6-4c68-b733-eb6cd8ad3b4d.webp,"",ready,false,12223
3452506893,https://media.newsroll.app/stories/3452506893-3d4bfa8c64ed8cbaa3bbb2f07cdd0b2f0f16cf9a6c8981dc7b8c655c47a94b24-75908003-8ec6-45a9-81a6-3452439da415.webp,"",ready,false,10526
1679301084,https://media.newsroll.app/stories/1679301084-2dfedf4f5c21b746dbc6edb1662a765fb3c2ae64b4f4968c7e93a3134e704444-09cc9f86-f249-4942-bead-2db50e671365.webp,"",ready,false,10270
2801998618,https://media.newsroll.app/stories/2801998618-0630e984b67fb529c50429a26de99f2222f5a439715f24360c0b9f538d4d187f-0bc70fa2-885b-4557-90ff-5d81cc52affa.webp,"",ready,false,16104
2537634609,https://media.newsroll.app/stories/2537634609-f837e5163644c7016fb9e7842f40c7b550aee07889760c544e0e7c44f45c50e6-4ea60a3f-2661-4163-b53c-6ab32c1506ff.webp,"",ready,false,10097
4393412286,https://media.newsroll.app/stories/4393412286-b45c3abb58cd2a4938f04ce8f93b737d131fc1ec20a84c066113adaf6af085c6-62b6812b-e103-41d8-9a67-5e4f256aa6b3.webp,"",ready,false,10239
3627349192,https://media.newsroll.app/stories/3627349192-8e8621f1698f97270178b7120def6ee00fea101c826bc65d40e6b437e2752928-6bb971c4-5f0a-4d78-b82d-95df3fa20aeb.webp,"",ready,false,13648
3197261612,https://media.newsroll.app/stories/3197261612-cba9958417c2dd6fec99556ce85c5e4e7c79847ba4ff3ee9332822fe87746318-1b399446-d303-49c5-8103-3099c1a56dce.webp,"",ready,false,12205
2446249849,https://media.newsroll.app/stories/2446249849-d558f1e483aa7f47e17234b467d6a32b08babdc1cd6aa2b035c811f45c194f71-8dee90f9-a42b-43d4-bb86-64b7570d5093.webp,"",ready,false,10446
4565870406,https://media.newsroll.app/stories/4565870406-cbc920eed127f53523a718c01ee458f9481c4e2e33cd0de28f4192bb8559dd55-67ba710b-29d8-4151-b4ba-f10c1979b417.webp,"",ready,false,10549
1045649520,https://media.newsroll.app/stories/1045649520-2b00fe93ee2b095ffcf5dbcad7ee8c23170d4d539749b1eeaff020d16d91618d-4197ff41-1d49-46e5-a39c-c72681c10e8a.webp,"",ready,false,12651
3037027349,https://media.newsroll.app/stories/3037027349-b86d85fbfbf76046ea9891a6d2072520b6833cd528495fb297924b90dca4220c-c4940fa6-1117-43b3-ab56-c8a3e6a31a26.webp,"",ready,false,15108
4764810877,https://media.newsroll.app/stories/4764810877-c04b30526cca78e2fcc57d876b3ea6723743c37744b73acf2d6c7be5a2957e71-a832c53d-c925-4df5-9cd6-c1849625ac72.webp,"",ready,false,11373
4726286257,https://media.newsroll.app/stories/4726286257-01f6bb0411b14ce9ee26cfd25d566c65df4a13422308853182ddfb4d875714b9-5dca3905-bdbd-494b-8291-6b2432838e1e.webp,"",ready,false,10884
4201588043,https://media.newsroll.app/stories/4201588043-1f2b1947c9c17ecd0ec7736f07a7417c96147e319e5acac235730a8ea1ead926-2b955358-b892-41e2-a216-f86dad9b2d49.webp,"Create Mappins is a tool for creating custom map pins and embedding them anywhere. It allows users to paste addresses, customize pins, and share them via link or embed code.",ready,true,43086
1531543760,https://media.newsroll.app/stories/1531543760-96b23b47716b6f4f9c665dd10409743d16138070e2647468657b5c61c3331348-6abebf33-5280-41a4-9631-fde6c55f8753.webp,"",ready,false,13300
3615546423,https://media.newsroll.app/stories/3615546423-7d635df07f71d804903bbe155c7c11a76b2d28a3e163a3153f079b7acd01935c-10b037f3-21a3-45f2-9d4c-ab025d06ee89.webp,"",ready,false,10678
4563933280,https://media.newsroll.app/stories/4563933280-db2d38a1b5241bd1e404a9fbd76057defd82337be63bcf7471c90598eec1f811-5b911a89-d11d-4dfb-a1ca-a77912ccf1d3.webp,"",ready,false,10488
3304693337,https://media.newsroll.app/stories/3304693337-77893279db2b8803410757c8a105fdacd3a6bdf82cbddf7ebc00c725c5ba7b1f-f387151d-d80a-4227-9890-552530a76ad6.webp,"",ready,false,11036
2747634768,https://media.newsroll.app/stories/2747634768-35be5c064c4c97f6dfd925674ab87bbc1754e661136e124acf58a35a644ded9b-8e4b1703-e877-4af5-be34-f4192b5ce622.webp,"",ready,false,12468
4500413659,https://media.newsroll.app/stories/4500413659-49ea6542030c8c829f32f731714459c750838aa1b8520ff7e65869b6105c2c95-10985267-a1cf-4b66-ae4e-d333c412239f.webp,"",ready,false,10276
4419189848,https://media.newsroll.app/stories/4419189848-c39de2980917580ceaeee67f16f588b6d8bf678fc7019d553b6ccf5d0bf34168-f84afb2e-56cd-40ab-9be5-524a06cbdf83.webp,"",ready,false,10700
3775234251,https://media.newsroll.app/stories/3775234251-792f8621e505e144b30d2e9c90bbd556fad91dcba5d325504eb29b3ddd1b6108-45f26573-d95c-4c0f-bda8-ca5759d53699.webp,"",ready,false,13622
4407599415,https://media.newsroll.app/stories/4407599415-562074338f08bd1221f59aacfcbb857571d4dcff50ecdb238042157b4bd90fa5-31601758-78a5-4b6c-9fe9-a5a03abfde07.webp,"One-shot imitation learning is a meta-learning framework that enables robots to learn from few demonstrations and generalize to new situations. The framework uses a neural net that takes a demonstration and the current state as input and outputs an action to match the second demonstration.",ready,true,70827
3651595776,https://media.newsroll.app/stories/3651595776-bf0a4b3f3f4ec111fb80de1e1851f57330c51b64986304cbe023ee3ba1bcea09-c5fa891b-3574-4e8d-9c8e-a390cc4e5d85.webp,"",ready,false,12681
4771669743,https://media.newsroll.app/stories/4771669743-7e4fdc05863b46130a6293737935becb7fc32f3ea6c650e24ccc5cae71f5e2cb-b124791d-8c1a-4593-9f2f-7e471ca2cc3f.webp,"Developing control policies in simulation is often more practical and safer than directly running experiments in the real world. This paper investigates settings where the sequence of states traversed in simulation remains reasonable for the real world, even if the details of the controls are not.",ready,true,73625
3286189935,https://media.newsroll.app/stories/3286189935-40a85d57ae75c77db42aa266083e7d229e56a451dd2425282b03312cd472cfcf-34cfee9e-46e2-486e-8067-ac6fc4b747b8.webp,"",ready,false,13159
1577901477,https://media.newsroll.app/stories/1577901477-37101bf46caeb34a8e28265c3ab5950a535a26aa243251e7db53f5c07b7d31bb-0039a64d-e06b-4dc2-b6f3-bf34d38c1a88.webp,"",ready,false,10282
2307944553,https://media.newsroll.app/stories/2307944553-735098a4bf8e0671a60cf26987dda2d4f5bf3d04b1d1bf0939d12703bfe81493-951db5ad-bb2d-479b-ab79-dd689ea2b91d.webp,"",ready,false,10712
2154843344,https://media.newsroll.app/stories/2154843344-bb1d08827647d1511bec43fd31eb0764e39794e5afcb599409f9991488610e03-00fc8362-f5b9-497f-a25f-1e637e25080c.webp,"",ready,false,10411
4442447960,https://media.newsroll.app/stories/4442447960-14ffb6e5009afe257eed945cfa4125357f4ed8ac3ddf2ca130494133977df261-6704120b-4210-457a-b33f-fc575698bcfd.webp,"",ready,false,13717
3178660895,https://media.newsroll.app/stories/3178660895-f54c24893d5815eae988b0a7bcc55c3f4f36289f40a942e68ac85ba84e61c78f-29db9452-4222-43c7-9b83-7e9080953c9c.webp,"",ready,false,18480
2309137893,https://media.newsroll.app/stories/2309137893-91edd531688dbc13da4e5c740e49aeff7e018791cf6ff8f7354797d60a6ebd99-a71ee9a1-9b48-4697-af83-bdb0ffcf6cfb.webp,"",ready,false,11413
2159591364,https://media.newsroll.app/stories/2159591364-760579e3a8479349912be70650bf4495995a11936467a20836c53097b60d7e7b-33765207-4aca-42a1-b543-6f28a5e54dd9.webp,"",ready,false,12254
1379228407,https://media.newsroll.app/stories/1379228407-b12d194cc5fbb9838a86223a63fbf3746877b3b10e6f722fb95514ebcdfde4d2-acf78707-9978-4859-ba5b-7526b460f9f9.webp,"",ready,false,15790
1682470762,https://media.newsroll.app/stories/1682470762-b10ac48557971d11217d980d3f6544324c39e1ba3d925cff82b9ff3dec0de23d-622ca8c7-540c-42a8-b9bf-c07da9f19c2c.webp,"Point-E is a system that generates 3D point clouds from complex prompts, producing 3D models in only 1-2 minutes on a single GPU. The system uses a text-to-image diffusion model and a second diffusion model to condition on the generated image.",ready,true,54268
2330404502,https://media.newsroll.app/stories/2330404502-23d037e0dedbe4346ef31acb27bf17143244100af5d0bea9e21000b168f87e89-f2aa2b12-de1b-4568-b2d6-f77dc7664f57.webp,"",ready,false,10703
3519870249,https://media.newsroll.app/stories/3519870249-1c15c0361ec17a31201c38c4696e0e9e9ec17eb69070e1103f0029699c2dc8c7-afcdc111-faac-4c2b-9474-d98a37313f74.webp,"",ready,false,10346
4054070832,https://media.newsroll.app/stories/4054070832-e7c82b9477bf9c05fd5e64afa0d278117f80a4f83e1a0d1a720fbea5a0305a80-b5289fdc-1561-4ee5-a83d-e61011b0fa35.webp,"This paper explores the use of large language models to improve the effectiveness of mutation operators in genetic programming, with implications for open-endedness, deep learning, and reinforcement learning. The model can generate hundreds of thousands of functional examples of Python programs that output working ambulating robots.",ready,true,43158
3101614518,https://media.newsroll.app/stories/3101614518-59a45ec4bf88482813f1d1ab934c5f2fed60d86b214a532580320b4d6c8b68cd-d42a3ecc-e6e8-4a8d-8ff4-72ac6bad4cd3.webp,"",ready,false,11912
2237161338,https://media.newsroll.app/stories/2237161338-e6fd4fb039c5b58d2787bd69f315692ad09236b8eb65dd9ce1df2a364729ba7a-c8d0f566-e23e-4522-82f4-1bba4ab2c945.webp,"",ready,false,10543
2430514406,https://media.newsroll.app/stories/2430514406-1718744a0f739dfd8eb2709a35823999586afd6d8ac6d872c123378123a98406-253d4655-7c5e-4208-980c-80eccbcac738.webp,"",ready,false,10768
4103950115,https://media.newsroll.app/stories/4103950115-da4c69ca429019e3c9a4adb14b9dc3cf96ee696eea61ff37902be30ce4c4cfaf-5cb7c5cb-8262-4100-b4ae-ea919d52e7af.webp,"",ready,false,13506
1809100511,https://media.newsroll.app/stories/1809100511-57c69d2def67eaffe8acb368b4f2d108b9a1b42a4bb1a7f1fb79ea215a653520-a863df57-870e-4403-be69-0d1b8d8c7755.webp,"",ready,false,12777
3932014316,https://media.newsroll.app/stories/3932014316-dfc8a6d127dab4a28ed64cfc6fe6cec1944a26462ef7f3483c43ffbb9a09ffd1-1f743acb-1cbd-4493-83d7-1a784147e646.webp,"",ready,false,11586
4564105757,https://media.newsroll.app/stories/4564105757-435398335f2c91e30ef868a05ecf1a8ed91a767fe1905106e4bf4d6ed83ef4e8-7349c8c9-51dc-4efa-9e2b-93bbbfe38804.webp,"",ready,false,10087
3437324441,https://media.newsroll.app/stories/3437324441-0577a8f76014a2d03fe748e4be4dae74da0b991dd9b3f07f9ac384d6dc93d3ab-28271568-d17f-4517-b0f7-cfc0a24f4d1c.webp,"",ready,false,13178
1871668095,https://media.newsroll.app/stories/1871668095-10fafeeae4bf2003e8d865e1ea9667c94dd38caf9c8eed54bf5745e899148cd4-b1c325b9-d1e6-4168-bebd-fb07ed7a00f4.webp,"",ready,false,9750
2176759953,https://media.newsroll.app/stories/2176759953-b6bc4c3a27fad040467779cdde646c900ad426a8ed3fe52b09766146e9f3c600-7d4c8cb4-acd6-446c-84a7-f8f205bae939.webp,"",ready,false,9850
3093516151,https://media.newsroll.app/stories/3093516151-f9527926d588ce1436e8e0f88c2d0e3f85d8e58e10dae8d41d2d0616c0619492-f878eb46-55c7-4879-87a7-ac8124aad815.webp,"",ready,false,13686
4494736129,https://media.newsroll.app/stories/4494736129-d8aafce0d03749d7bfc1a585d556080dd2ed54be481a42f081a3edd9ba4ccd3a-f6f9bb14-ce2e-427e-875c-65a503161d07.webp,"",ready,false,8973
2939622526,https://media.newsroll.app/stories/2939622526-7bf89f0700318aa98a1e370a43ef25ee91011d9e02db237bd03d61ea753aeca1-2beede4e-432c-48e6-9ec5-009ff637370c.webp,"",ready,false,13168
5009019953,https://media.newsroll.app/stories/5009019953-64dbcaad3010ff74ace8af9f7cb6e975c646bb2976d5afc2086bd425510c248d-fc40cda2-1bfa-4ce6-ab25-cf6358f45348.webp,"",ready,false,8975
2726347507,https://media.newsroll.app/stories/2726347507-4f1f5a3d42ea8813e12c3aa48c21cf45560ed848092b75c9a94185531b771bbf-55b98f1a-43f1-4f47-bd20-fa0fdfd025fd.webp,"",ready,false,11747
5182883750,https://media.newsroll.app/stories/5182883750-fea87329178642ef39114d089aaf8439b9f9ee356daae14247c96f62b2996d22-8fff9178-3c6a-4e57-a004-aee5c22d17e4.webp,"",ready,false,8882
2259501073,https://media.newsroll.app/stories/2259501073-88c4f4a461d2d8ab297149c784bf697a1870dd94646fd569b0b4789b4cf29a81-2e79ba08-e4f5-40b3-b87f-c51bdef1f593.webp,"",ready,false,8431
4646963496,https://media.newsroll.app/stories/4646963496-eac71224a3092b1990e48571d93c7d15e2863d7337573eb0da1b067b542f9db8-c148ad4b-e4ef-4ac2-bb33-b39b5351e91f.webp,"",ready,false,8467
1758797118,https://media.newsroll.app/stories/1758797118-b52f119f4b55f2b2a722414fde7fb99383c3ee9a1b59715fff0712cc66492a52-3a344197-9148-4dbc-a389-a2960968e6fb.webp,"",ready,false,10910
3718676543,https://media.newsroll.app/stories/3718676543-d8022d7150553a5635bb89c49b413d0bc49a89ef49237f32b56770647efd01f4-fdc2d620-9a85-4cba-85c6-21a400ebe54b.webp,"",ready,false,12469
4857365191,https://media.newsroll.app/stories/4857365191-b13110acefa2c5a12485d1e0763ba7d7c56e5f54b72c19a1bfd42eaf0125379c-9be939ba-0703-46f5-b6f6-60756d01777a.webp,"",ready,false,10542
1828775947,https://media.newsroll.app/stories/1828775947-22ac62983df200ddf9f9007788a6373df3b5cd4ddb4325b758bfd8fe2f071483-79c2f229-5489-4357-b3f5-d307ee953e6f.webp,"",ready,false,8568
3041242321,https://media.newsroll.app/stories/3041242321-190000acaa280057697b98e204142c3bf971605c20800d5482c6013877c5d703-5476c2cc-d4bc-4054-bf28-6fe5977a922c.webp,"",ready,false,8985
2634328881,https://media.newsroll.app/stories/2634328881-86c0834c98d795af13b2829d3cea0d50a703d22d83124e7fc5c0e5910431895c-1fbc06ad-3138-44e8-b3a5-26fedbc08616.webp,"",ready,false,10127
1448944246,https://media.newsroll.app/stories/1448944246-a18f06d7a2e7412dfde90ec6e4c477609145bae19610fc939b5e3bee0e94283b-6429d6bd-d076-4230-8ceb-c2f45b38f033.webp,"",ready,false,8962
3737784592,https://media.newsroll.app/stories/3737784592-935cb38b5efcd6d0204d0913e8c5453b286dd0d49204839495283dde8dad25ff-b0a7ab16-dd0d-4e07-9a3a-9fdadce7ec67.webp,"",ready,false,10257
4133553183,https://media.newsroll.app/stories/4133553183-c9dbe695027561ea708121effe6a16daadcbc1cb087c8f33e008761d1f703d9f-4f63f768-a8ea-47e8-806d-9a9259490f55.webp,"",ready,false,10360
3831420128,https://media.newsroll.app/stories/3831420128-8951a2a3eecb3d4a060570dfbfad9cd27c3c03b76ee02abd36168fa84a6e6e03-5672f9b4-c274-4475-85d3-cf2ea814ff7a.webp,"",ready,false,9356
3770028713,https://media.newsroll.app/stories/3770028713-92fa70dc19a0dc32dd8ffdf90e44a5bb5269d1b2d562d4446a9136bd9242780a-2afa2344-eec2-4cea-901d-024f5f1c40ba.webp,"",ready,false,9693
2104357117,https://media.newsroll.app/stories/2104357117-8fa03c99816f59b5b84b6924d274dfc1b0496117b125e8ceacf19be8f14e26d0-84e1cf2b-1f4f-4090-8cab-db8c2e975fc8.webp,"",ready,false,11191
1296465034,https://media.newsroll.app/stories/1296465034-78be00be14f9de2d26805f6339090065681d9b0b811996a12b92b87f6ba14497-72e76934-9268-4f0c-bc31-24019d4b4562.webp,"",ready,false,11945
2942220352,https://media.newsroll.app/stories/2942220352-5549ab0a6f1c3f48e0b4c0a33a6b43e62e19a5f3e949be4703602cce0b14b2f9-0c3f3aed-c507-4fe0-a3f6-6c6a43c799b8.webp,"",ready,false,9071
2039364064,https://media.newsroll.app/stories/2039364064-8b7dacbc8ab1699743f61f961cdad4848ac2b35c35837bf9709283782e42a80b-bf758c1d-9665-42b9-a1a2-41cee99dff4c.webp,"",ready,false,10077
2028401835,https://media.newsroll.app/stories/2028401835-f7d4bc2b4684576fa1b710f97eb3c0b9fbe71d9c5aaeaf166f3156b4fbde23dc-a3b742e8-956f-4794-b760-bd2214e08326.webp,"",ready,false,9980
3289333256,https://media.newsroll.app/stories/3289333256-0be308e0b8f8ec8fcaba990a18025cfd04aa74b266b726e2e18312547a728693-8a750f00-9306-49de-a842-e61ba4a83ac0.webp,"",ready,false,10535
3957526466,https://media.newsroll.app/stories/3957526466-228e19dab0cd6921773c3f38708b0303d94eb811924ad3a26e27d38de17b41f4-974f01db-f73c-43d6-b217-f2dcd3e908dc.webp,"",ready,false,9177
2009344479,https://media.newsroll.app/stories/2009344479-9eff10079bce4869b144791144bb04fd839b59f1c4f09be36051a232807dd957-6df82fba-f5ff-489f-be11-512ac7404874.webp,"",ready,false,8406
1797587642,https://media.newsroll.app/stories/1797587642-9c5c87385b4547b6e8c3a952d02e104f727555da20cffbdbdea04311b926a52e-fc5caf62-bcfd-4199-843f-775912e14468.webp,"",ready,false,10024
5105268897,https://media.newsroll.app/stories/5105268897-867d84cd9db8a428660c7d063487f0adf38e91d6e6d69de6d95957a30708ebee-824f1d1b-daf3-484a-bb4a-b9a7dce93504.webp,"",ready,false,8647
3458705731,https://media.newsroll.app/stories/3458705731-c744d3aee00a9a77eb2a1f49333c8dc745dbea92546d1058d602fada183fce2a-ed2ca3b4-bc8f-4aab-8292-100c1e24b620.webp,"",ready,false,9242
1161524069,https://media.newsroll.app/stories/1161524069-7a947278787062de086e564fdeaddc37c6f48891c8eee3add6677bd4927575de-2e778960-fc1f-4ca3-bc6c-612c65bafc93.webp,"",ready,false,8479
3314627889,https://media.newsroll.app/stories/3314627889-ed76fc986f0d237c7f37ff5a0f7432bab1e063098c25c990a2525a318e0fd06f-16fb5cb6-4aac-4bcf-9195-2738a48602e4.webp,"",ready,false,9166
1362620961,https://media.newsroll.app/stories/1362620961-d65e2642564d96879681d76f14c8576d0b961a1c3bafd8b66bdfdb1cb2fda447-536727f8-7e1b-4f4b-9144-3a07a7b3965b.webp,"",ready,false,8672
1476411282,https://media.newsroll.app/stories/1476411282-f790f286aef8e70a48ba84e910d5f6e6a49343afe65be69bfea58aa495bb9626-5a8aec88-0e51-4ea9-98fc-69a0e395e3f9.webp,"",ready,false,11197
5088204205,https://media.newsroll.app/stories/5088204205-2112e2e8e5c437797eed39c3f8bd0ab67ca40bf21ea863f8e5de50426f27359c-c017c2bb-9bb5-429f-b0d2-7c760de0e77c.webp,"",ready,false,10051
2854813031,https://media.newsroll.app/stories/2854813031-32a2c994526a62338fca421182aa468af0ddfb342d461be7f99193d6703dbc2e-abf4b37f-6099-49be-a61d-78b76c78f5f5.webp,"",ready,false,8420
1911972752,https://media.newsroll.app/stories/1911972752-818dff03eebfc422edbdfe3059394d5baf41bb1ea7dd4ae3cea2d4990dcf2c3b-4ae4f9a5-b6e6-4394-bd23-3a39ad352d72.webp,"",ready,false,12673
3445976322,https://media.newsroll.app/stories/3445976322-ee913ed7b54c032981956f6c2b922cbe4e414df47f3071d8b5d2afab6d3e9113-02d563e2-2031-4c1a-957a-6a6edb3d0312.webp,"",ready,false,10456
1091459436,https://media.newsroll.app/stories/1091459436-fab76c62fe542750b09568e603cd3db5ce2bd58af068cb07578d2e2c6fd4121d-4c21c8d3-e3b4-4699-991a-30354fcc8df2.webp,"",ready,false,9299
1541814292,https://media.newsroll.app/stories/1541814292-3450655d90ae4a1828454ce0c3af4dddfd983f7f5502abbfa31fd8e200edf811-055ce7ba-2979-4559-b8e0-901f69472001.webp,"",ready,false,9155
4572961089,https://media.newsroll.app/stories/4572961089-69af3ae5bfc29fcdb05fb1ed4e367701234b29ac199bc2032ed04f0dccfb2e36-056a6a8d-bf00-4c61-a291-2473456c917e.webp,"",ready,false,9086
4948975615,https://media.newsroll.app/stories/4948975615-a1396a0a6a7a581cdfcaadec338816c799677f1136d06ac944bd99cfc536949b-4cef107f-b843-4051-99a4-d8bb6217f153.webp,"",ready,false,9047
3054296502,https://media.newsroll.app/stories/3054296502-d1d2fe9013ba865765693402b7995337b458b541e9690a6235904d50925a700a-90722dbb-5af5-4f30-9cb8-c0a22a123c0b.webp,"",ready,false,10859
3036334839,https://media.newsroll.app/stories/3036334839-84c574841dda1fe88ce00f56158331393f08c23c6687175ab518e8065acdec92-451ad778-e8e0-4e6a-98b6-64b78223fc3f.webp,"",ready,false,7934
3818559537,https://media.newsroll.app/stories/3818559537-d7303b02ef63b9d6caa6f7502065935293452ca2d01fc2ed6eabdcaf6657bf6b-48294e6d-37fe-4a0a-bbb2-347085e324bb.webp,"",ready,false,8948
1163916175,https://media.newsroll.app/stories/1163916175-4328b9560b61f6a7fe16009d8563a9cbfbde62197fe5fa47d9209fdf37ee7075-b8ce56fd-c3b8-4b26-9905-ce7e93f93edf.webp,"",ready,false,12450
1217628604,https://media.newsroll.app/stories/1217628604-1b2103b443ac81f8ca241d79130fb043fb88451a6641a7c41b51d7d77d836c63-e81b730e-fc69-44fd-943f-18f5e77d6623.webp,"",ready,false,20230
1168582278,https://media.newsroll.app/stories/1168582278-2e93c98e07ba6c051e8456a5e292119ed5db955f63db6ed0e71c33534bbe1d2e-bd04ee1b-6cd5-411f-b210-00c753a1efb6.webp,"",ready,false,8215
3317894292,https://media.newsroll.app/stories/3317894292-7fb81d699c36028e6f185421f38c02bcca1ca7cb5201328526c7fecd2b3c730d-7149c8db-1c8a-4de8-b17c-a479b12dff1a.webp,"",ready,false,9053
3270024391,https://media.newsroll.app/stories/3270024391-b6b6b89cdce3b9eae80878229ca40f4dbc34710c8097f13ed3c2c11171ad5171-12c51e40-92d0-4d72-979a-6ae27db39d5c.webp,"",ready,false,9604
2751718391,https://media.newsroll.app/stories/2751718391-ce80946f894a17f3a59a0bba719238c9e250dc504aa7f7409dd7531776f283f6-0e4082a6-69d3-443f-b548-ee27085ebbc4.webp,"",ready,false,9245
2542074428,https://media.newsroll.app/stories/2542074428-7fdbe306cc17d20e9e5de88e732fa21435e6e82364fb8d7989053402d72bfc80-6a3a548a-77b5-4380-ae78-dbd2edd23c26.webp,"",ready,false,8516
2100844130,https://media.newsroll.app/stories/2100844130-1a9d9940a89e78d0bfcc08e30ae86fe8e99b10aeb615ccee60b90c00938eac2d-2dded803-74b8-499d-9c5f-30099e7cdcdc.webp,"",ready,false,8616
1606500785,https://media.newsroll.app/stories/1606500785-0a604ec8d5025abc77e2b58136951b73e0e224b09e6ade7b7814680984113f39-d1bc7a04-4705-445d-ba5e-f8c786c1a175.webp,"",ready,false,13807
2162794836,https://media.newsroll.app/stories/2162794836-3f6aabfbc97461211ece4180878c54dc1dc3c9ea2f699d5aa23ce305db3ea50d-4a17efba-23d4-49a0-97fc-b7e5d5a0bcec.webp,"",ready,false,8982
4121496082,https://media.newsroll.app/stories/4121496082-2296cf01dd7e20166c2da457803993d487fc80090b031340c4a0143cfaa18e35-e5011913-c51a-424a-bd26-190e577ebdb1.webp,"",ready,false,9837
3172379574,https://media.newsroll.app/stories/3172379574-87c8ab60f0487f6d292678340a043fbae8651c938b7e2a83720e276fa4a8be3b-b42f61d2-e1af-4fe6-a61d-b28b79d10377.webp,"",ready,false,8321
2292123508,https://media.newsroll.app/stories/2292123508-b12cc72c1bd80f31a131bc19f7b27d8f45f1a0957497f9e23a72e247ecd7a003-d9fd7520-2325-4f61-9533-ba8a0a98cfe8.webp,"",ready,false,8926
2225158995,https://media.newsroll.app/stories/2225158995-ab454ee427c3565b274913ebbad863cca61c4da8e22654cc455831ed6a8c87e5-2d3f7049-dbf6-4e84-80c8-4d8d28976570.webp,"",ready,false,10000
4694647995,https://media.newsroll.app/stories/4694647995-c5dcc17ae289efa5ed64ba0d73b8481220e85e935a9bbfb52dbb29120b1fdb42-60583025-08c8-452c-85aa-58b39a5235b2.webp,"",ready,false,8378
5099699994,https://media.newsroll.app/stories/5099699994-892a6dd650964ba100e26d41d8eb4d93988d102d8692aa4e838d6faa9829c67b-74ea9c47-d2df-43ce-baac-a820c3ca7830.webp,"",ready,false,12021
5102297406,https://media.newsroll.app/stories/5102297406-677121fddc3beba15f8a6f974f4a538948d318eacfc0ef05f9c9ad72cbc16ad0-c59048e6-b450-4cd2-a983-67660027863c.webp,"",ready,false,8671
4669140277,https://media.newsroll.app/stories/4669140277-0b9e964dc3b9e23cfc91043cd9991f1c512fdf8d4681daeae714493473657417-79c1cafd-4866-4263-8c9f-0c6da68d43c2.webp,"",ready,false,13342
5196887554,https://media.newsroll.app/stories/5196887554-f820040aca623fc3e5be0d07b0a41694a6339177bc9b7b58fcde0ae7ff052a0c-d3148ffe-8c3b-493f-b7aa-abc3cb25f7a2.webp,"",ready,false,10654
4024595214,https://media.newsroll.app/stories/4024595214-9ea27fcb922e6c3800431d278951c432fb3e364569f63b2b7de273045aafef9c-777938b3-982c-4fa8-b7ee-ce77ea134fd3.webp,"",ready,false,12365
3693809779,https://media.newsroll.app/stories/3693809779-80cfd4b370cb3c053e7c3ce9c35e731776dab58b018eeb01c74271a1ce67c7b7-caca252b-ad45-476b-b698-e6290cf3b0be.webp,"",ready,false,13610
5214789723,https://media.newsroll.app/stories/5214789723-d06eea1ca8b9cc2b02f5c6ab4b9a06b847e9c45f4eecb6a1578f38106a17aaf3-b5847f0c-0a1d-4919-87fa-d211788c0313.webp,"",ready,false,8567
4509098887,https://media.newsroll.app/stories/4509098887-3bc5abf64dc73818e3b428740f082be24491fe7ee278798cac378f9a7650cb0f-b39d48a5-98b5-4750-95a0-1ae701ca9894.webp,"",ready,false,9147
5209409976,https://media.newsroll.app/stories/5209409976-8ed7314c8c32dd1b82e634e17f1513ef9390539dd359e5fa295791acf7413b77-169a78ba-35df-4421-9152-5193c637bb02.webp,"",ready,false,8882
2438390232,https://media.newsroll.app/stories/2438390232-966108aed4fa67f6cc8e0496694582969f1b0232e241102f113ed07d1e1e4823-d13d542a-29ce-4c79-ab78-f9c39c049c67.webp,"",ready,false,10035
4142237327,https://media.newsroll.app/stories/4142237327-2aa39558db17420b344bc2231d6f0008c9d047980a1327e899b29dcfec7e52da-fe7d9547-426d-4512-accd-54042c5be919.webp,"",ready,false,9595
2904069647,https://media.newsroll.app/stories/2904069647-dc6ea56792991171ce8eef07940208e9020896775e87fb490292144c7aba0039-d03bfb21-a458-46e4-b6e9-173febcefc72.webp,"",ready,false,9744
3935012013,https://media.newsroll.app/stories/3935012013-947c135b9c0e47feeb1a402051b24d27820d7be0994d8cbde04e4d01ed0f61b7-b3a49f45-5030-4e00-b1d0-b2aaa076134d.webp,"",ready,false,9741
5192741421,https://media.newsroll.app/stories/5192741421-aee44bb0885984728eb40cb6bbabdb309215b07ad82c54e752465ab91e6c83e8-1fd0f7f9-d77f-45bc-9b7a-e8f393f9d2b3.webp,"",ready,false,9449
4355640851,https://media.newsroll.app/stories/4355640851-74902593a0652c096c3c3f043017f92b9d608e9d1a4587c2967b68d190aa67cb-d3075dd4-cb8c-486e-ab2a-6604e4091cbc.webp,"",ready,false,8577
2073415747,https://media.newsroll.app/stories/2073415747-231faafe5128828903190ce25c637f2fdae211320cff10c6a5e6b6dbc0c03daf-e8400d49-11c3-4bbd-a7c1-d278e6f6a2f3.webp,"",ready,false,11957
1133018561,https://media.newsroll.app/stories/1133018561-a7585250175f5f3b003c16fe4896b2fbe82c0022c7b404ae4b56a324b0967921-71b5d9d8-bd21-4330-93a1-e847fa4d94ca.webp,"",ready,false,9912
3260641137,https://media.newsroll.app/stories/3260641137-95404de8cbfcc716ee82496eb87bd4bc0dd558c6c8e170fcd7d592b89ddd0138-cea14f4d-2568-4684-8c8e-cb71c2109454.webp,"",ready,false,11760
4667825898,https://media.newsroll.app/stories/4667825898-0ca9c2cf5b51a9ce02e3caf101b0148f0197552fc611c44d7e080747c79e7deb-394c7e91-d312-4a13-9a4d-63f08499c875.webp,"",ready,false,10266
2025427723,https://media.newsroll.app/stories/2025427723-9b08c5351ab53ffae3c0aa45ac5c88a8041543d18ad721abd192b655aed80d71-2580c2ba-1b45-49dc-9785-41bebe8c0afa.webp,"",ready,false,9278
2024553240,https://media.newsroll.app/stories/2024553240-eb107c101a28a281a613a590793d9e4852cb70608d2897f6c8a46a0514e89b83-a0ffd09c-2322-4dee-add2-17bb22f2d32e.webp,"",ready,false,9748
2020926092,https://media.newsroll.app/stories/2020926092-2316f98c84207dad593e44c387c152851f64a3b6e11684e57fcccf6771fe4c68-3fd7f82e-8e27-4535-ae90-b95b0c648f67.webp,"",ready,false,8742
4127361353,https://media.newsroll.app/stories/4127361353-65544ab62e7b49871a8ade447f50d2448741302484e985a4db01e233f0be7e04-d99e7400-6ed8-4c61-a119-b44ca5ac7955.webp,"",ready,false,9800
2266770170,https://media.newsroll.app/stories/2266770170-a679fb94fd6ba8b01d40982562b28475ef548927ede668bcaa39ba374c483d69-50c9d6dd-8175-4a7e-b6c0-7ad4b1919d73.webp,"",ready,false,9149
2635239162,https://media.newsroll.app/stories/2635239162-4006067ad0c2b8bf4ae8cbc68885e8424a57306248352bd6ed21c9e0080b93bc-a2143080-0b86-4a5d-be01-4601597cc1e9.webp,"",ready,false,9989
2440780858,https://media.newsroll.app/stories/2440780858-1de5debd4c4da37292ffe0ae43590d3b9a78c3cdb218ef76e6e1e92d56da90ad-09be21d3-52b4-4db5-b0bd-0c134ba3d9f0.webp,"",ready,false,9072
4092097359,https://media.newsroll.app/stories/4092097359-5ed3ca51fad3f2e5bf943a233b18f10689c8806bc07f15b9bf1b868a3f5697d4-90663940-6d9e-47df-8634-88de539a294f.webp,"",ready,false,8931
4320921880,https://media.newsroll.app/stories/4320921880-b74464ab3281138bbde66a84769e151bf7df58674da451422a3d32449290d02e-6954352d-5414-45e1-917c-b8fc9b07ac98.webp,"",ready,false,11278
4383079662,https://media.newsroll.app/stories/4383079662-f2d9ea9aff12b5e2062cbebfc27dfea497be4c91d370a8b7baae3fb951a2884d-ae589ba3-a0b3-4a96-af8e-d1f5f36eade7.webp,"",ready,false,9378
3313021248,https://media.newsroll.app/stories/3313021248-d7cf327378147f5386df2549e641083bfc40dadcc8b412347841e157cabbc337-9f0a655c-2d0b-4aaa-b234-9655c2903558.webp,"",ready,false,9430
4668861174,https://media.newsroll.app/stories/4668861174-0aa88b63b8efc9759e8042cd75e1a9ab7fd16e5ebbb2a7bfba8033e3656e95a7-ec63ca96-f0f8-4876-a015-67b12c9f84c0.webp,"",ready,false,9776
1489768949,https://media.newsroll.app/stories/1489768949-8d8c262c7dd957650ae0348a1d1f4239b03cf5ea528c1ce170d5b22007717520-e3063408-ba2a-43b9-b8b8-3e7ae9fb3def.webp,"",ready,false,9007
4197473191,https://media.newsroll.app/stories/4197473191-e797fd69c6cd110d67825185fe07baa5fbc011d3778c26817a91e28eb8ff05eb-755b569c-e5b8-4e92-a563-59cd9a98ef20.webp,"",ready,false,9029
4202303881,https://media.newsroll.app/stories/4202303881-ef4f36147f94071a6264882bacdf27c21329404c5534b691bd3bb87ec0fc8e9c-9bb020e8-0812-4f5e-bed1-b9eb35a108c1.webp,"",ready,false,34693
1869182482,https://media.newsroll.app/stories/1869182482-7807cf05693f6fb66179dd60842fa421c18c07bb31a4b5138c6a9ddad7909892-a5221f2a-53a0-44ce-b370-06b9d88b481a.webp,"",ready,false,24568
2811963674,https://media.newsroll.app/stories/2811963674-75098831b64336d3e1033476dd31e7fa8199bd3199ca75e7717db98952191872-88019608-1de2-41f0-abaf-95583e8872ef.webp,"",ready,false,11810
1205812012,https://media.newsroll.app/stories/1205812012-b1b048ce566f8cdd88f5d33e53b2a8440da8969dbf739764d0f91f916f523d20-30d29792-a751-467f-a67b-6b06b2bf7a0d.webp,"",ready,false,10056
5082755896,https://media.newsroll.app/stories/5082755896-6be230a2d6a5e99b812cc1b8e90938d0ceba064b7576186c9ea6ab83e91eddfd-ae1d0c09-6c26-4cc8-a29e-bcb8a8ad11ed.webp,"",ready,false,9031
1566864037,https://media.newsroll.app/stories/1566864037-4d158df0dde493919b0acabcb6b695c5847f1063d867d8afd94e045c2054f0a2-4761ac60-2695-47eb-b6f0-28112fe99f6b.webp,"",ready,false,8912
3306451920,https://media.newsroll.app/stories/3306451920-6ec7dd14b3f0d62271ac75172fa408879cdfaa16f9d287e7033097e48ee36c70-6585dfa8-7ec6-487e-8c0d-69b0955642b3.webp,"",ready,false,8745
2932991114,https://media.newsroll.app/stories/2932991114-7e29e039419b6ac35a3f01f7694b51933af4d32114e975ec297277641c6f43aa-88eab16c-2ec4-43dd-a5db-d09c67fb0e2d.webp,"",ready,false,8908
4355028505,https://media.newsroll.app/stories/4355028505-e2aeb8afb362472ac3670e78c85f1eb513426e382765642cf0722acea81a8d89-77a2ad75-2473-4682-bc0a-7f0a04a66111.webp,"",ready,false,11299
3088904404,unknown,"",failed,false,4555
5112927224,https://media.newsroll.app/stories/5112927224-4995d07703dc0a9d6484c4a063683151d45b7c3a37ac8f4ad371fffd8115f938-fd264ee4-9789-4950-ba5b-d2caeb24fbdb.webp,"",ready,false,9239
1058580938,https://media.newsroll.app/stories/1058580938-7f0c753ee8179e9a4d12b45cd8b7b761b31d2255dab9fb19ed675142f5299990-75ce55ff-8a2f-4a9c-a7f8-f8e9c114e014.webp,"",ready,false,8504
5058082315,https://media.newsroll.app/stories/5058082315-ec5408085a970f8397e0fa8becbaf8b04bb0819cbe47fdfcf56de0feb2394849-4bc72609-aa23-4945-8b42-52037d9e30e1.webp,"",ready,false,10579
3177635797,https://media.newsroll.app/stories/3177635797-509bf749e7fa446709d952cdd60ed1c64faeb0b827bcf80001bacc927e962a14-d768b9d6-8296-4389-a7a1-bf6dc61ac11b.webp,"",ready,false,9262
4628507663,https://media.newsroll.app/stories/4628507663-f4b294eac4dd08911064a9c3257f1b07a076eb07119fa55ee6142f2970d73553-d9890368-1698-454a-87a1-ffaad14b6719.webp,"",ready,false,10471
4906655434,https://media.newsroll.app/stories/4906655434-297a2d93b7b6d4ba4418b4e46c5e7e87dae51ae91c030e79b8aff755c9ffd9be-c68dd7a7-5ac9-4940-9e47-2beb2444f84c.webp,"",ready,false,9267
4882309015,https://media.newsroll.app/stories/4882309015-c824cebe62b5e853687bc3339586fcd92475b774c0f37df47540585ced36f64b-5f79f376-fbfc-4ebd-94cd-20182591b5be.webp,"",ready,false,8841
3820539741,https://media.newsroll.app/stories/3820539741-8c1d5c252cd3d55a30db2bcc7afbd01026f78912b8d54a18b2a6aa22fcaf6200-45dd42ce-2c9f-4c9b-9d2c-f76a09dc1e7d.webp,"",ready,false,11674
4556109308,https://media.newsroll.app/stories/4556109308-14a31a20bc0579a6db2e1edbb9cf52a2d5ec753ae8f59495ca42e5065d2bc7f4-98d2e0d4-9275-448c-9947-860e374556eb.webp,"",ready,false,9474
2032952747,https://media.newsroll.app/stories/2032952747-ce75564eed91894464ce0794adb0721f3c09df914e7059fd80f9e4e95ae5a4bd-f2672b4f-ba12-44cd-bbd1-4682f0031a53.webp,"",ready,false,9964
1170027535,https://media.newsroll.app/stories/1170027535-bc283761f53dfd21168b0975240a6d5c120af2a8f6346b5b93fdcab15430f8c4-febb1315-3bc7-448f-8bf5-f93412354536.webp,"",ready,false,8915
1724037959,https://media.newsroll.app/stories/1724037959-46b4662dc444a1ae461cace50add258fa65251afa882762b16ec90066fd59ac2-fddc6d44-2eed-4015-9fff-0aa3d2c05b2e.webp,"",ready,false,13219
2925637968,https://media.newsroll.app/stories/2925637968-21978409cfb24e831ee9f20d8bb7cc32ae36536e33f677c289d402fc55d736f0-0353a6d2-d1d3-483f-840c-ba5c8fbaf5af.webp,"",ready,false,9497
4705671506,https://media.newsroll.app/stories/4705671506-afb7ba44e51a09bc41b2c9da0c6b0a99f762d9d7379e45a3318768a65cd65fbc-44b2e6ff-04eb-4854-ac57-42f309481718.webp,"",ready,false,9607
3465707411,https://media.newsroll.app/stories/3465707411-59c438f45b9b455e7dec8aca1bb4b8adc1c64440be1bfa5f15acdd8fae5a0da5-59979d1d-afc3-4446-9a9a-62fe7d9acfbf.webp,"",ready,false,8920
4674486938,https://media.newsroll.app/stories/4674486938-07c03bbf4259995507998c58339b31f9487eeb7e35c434709cae1402e3ec877e-94d3511b-a673-452a-83c4-c86b7775a1e2.webp,"",ready,false,8378
1731581385,https://media.newsroll.app/stories/1731581385-99035293b1819cc6b24c76d70f6e0e5d872d88606e1b082411cdfa0713eb745c-2940f018-0217-4988-9eb1-341d08b50b29.webp,"",ready,false,8860
1346327337,https://media.newsroll.app/stories/1346327337-95c0c9d29b729c635308d3ee04e43f827f09eee932eb1a42f6efc550c7d0f675-b4f5afd4-885a-40ac-9186-68edaf287515.webp,"",ready,false,9459
1617675469,https://media.newsroll.app/stories/1617675469-aeb2e5f056611646a9feda6446c8a1751a602e782a75a52813affc035cc5e955-7fe63f3c-e81a-46e2-8721-4284ad0d854d.webp,"",ready,false,9776
4004623009,https://media.newsroll.app/stories/4004623009-2b3f7523384c1e7f1697702578ebcde0d44aeb0316f61037a6fe9bc8c08fb82b-c4d6596c-58d8-4b9a-ac2c-7ab0ee9019cf.webp,"",ready,true,22891
1532707913,https://media.newsroll.app/stories/1532707913-925d8edc3d4503b3c3c95940896eee16837e8a0add4e00069c78c17f8fc56a49-73b7577e-1f19-45a5-b06d-450ff1564191.webp,"",ready,false,10931
2111281233,https://media.newsroll.app/stories/2111281233-795d926009379bc5c85f946785de54d470de51ed1323f4312e50d5a70cbe1b9c-5ea369b3-ff55-45b4-94c5-947b1bf98ae8.webp,"",ready,false,9953
4361427112,https://media.newsroll.app/stories/4361427112-915f6853c222ac4e5ae48941de7919f26b54115c789080e8d7f8377fd0672cdf-600da18d-eccd-4046-8d70-6979f967a27f.webp,"",ready,false,10763
3299593393,https://media.newsroll.app/stories/3299593393-f517dbb63b7744e0395fc9888ad1630954cc3ec5c1cc99cccad54b82c67051d7-8eed9907-f533-4636-997e-5c804fe0e44b.webp,"",ready,false,9718
2857171042,https://media.newsroll.app/stories/2857171042-45870926f113c5bcbf7cce637f4abf6a6e8f600501f50fa9f8ede38841541b03-9ebfed40-dd9f-4df8-a0d6-e2c703cf183d.webp,"",ready,false,8472
4729105851,https://media.newsroll.app/stories/4729105851-82f7874de67ae895af1b09afa86c09910204b97e6558705d8982f2bbd57e1edf-734d0d72-8411-416e-9c47-9940767bd7cd.webp,"",ready,false,9447
4086144654,https://media.newsroll.app/stories/4086144654-c4b6f8671789d5c4ff7ab1c3398b42be78cd0478595c90ed28d9956d392abc18-5699e042-8144-48b4-bdf5-032297eba95b.webp,"",ready,false,8846
4555658634,https://media.newsroll.app/stories/4555658634-53e54ea236ae2f943604e5f31d28b398ca75a258e0c30c673e6007f2ca45d55f-3ba5f76e-5d54-49cd-ae94-3621436c0b9a.webp,"",ready,false,10814
2902336331,https://media.newsroll.app/stories/2902336331-86136a82f8cf914bce85bdac26d0eb1772b6b6152101c2009b0181364df914bf-b6562b0c-08f8-4796-a9fc-d7a2fd1f9dd5.webp,"",ready,false,10289
2249274233,https://media.newsroll.app/stories/2249274233-55c55cf1c600ee517fdf6dc6cf3f0843986b1ff3825888d269be41bdf4d39e7e-d20dadd5-4db4-4b37-9b92-e731023dc3b7.webp,"",ready,false,8383
4558720400,https://media.newsroll.app/stories/4558720400-a3cf2bdd107157adf6311ed899041d32fa61beeb4548ec150bb07a6b906641cd-6d94ebf3-a604-44b5-b629-c09b8ad25980.webp,"",ready,false,9167
4896534317,https://media.newsroll.app/stories/4896534317-8386524813f80cc7f5d08edea8f4f14f901c36a2770d2ad51af69fce058f0a80-b579660d-4842-4ff7-ae99-ce49f4f2024a.webp,"",ready,false,9867
1262282316,https://media.newsroll.app/stories/1262282316-57a4238d9e8aedcafd1ade2a1b2cc3c1937e29326686a2c22773363564d68e42-e65d676e-35e6-4b0f-8bfb-b1875290c6f9.webp,"",ready,false,9081
1374794007,https://media.newsroll.app/stories/1374794007-54a8954c324f48400831dffea2575cf17c1da01f15b5912678391be42d5ca5c8-f4a8e72c-b3ec-4f8f-ade8-1c434a93fe2d.webp,"",ready,false,9633
3511857700,https://media.newsroll.app/stories/3511857700-3c7041811fcf5669240749205fca7aeeee7cafeb77287ab7ecbcf56761346386-9ab97712-c52d-4fa1-be64-c4a279beb4aa.webp,"",ready,false,8608
2276165529,https://media.newsroll.app/stories/2276165529-db4059366ca8cc2d7bc1806fe53626bb9cbc80cb2f093c37d611ead12717fe06-9ed241f1-25e1-49fe-a006-ad05302505e6.webp,"",ready,false,9286
4040344422,https://media.newsroll.app/stories/4040344422-ae271a61314571e7b9954e059e65567fe7463b58642cb32ac55421d2b384b6d3-ba0a3d8a-4b67-422d-a664-a2559f0c8c00.webp,"",ready,false,8502
2767231763,https://media.newsroll.app/stories/2767231763-d6286a7ca31117474fc4fd3e6a708d90c00e4d03900db2f6604fcf231518bc83-32ffefb0-4efe-43b8-8175-331a1ed78884.webp,"",ready,false,9926
1957055552,https://media.newsroll.app/stories/1957055552-77d0e14c7702fbbb29e53ce655c8dbe574c55aa691a13f9acf1ffa9592774eb0-e086620f-0b57-4219-9cd9-5b48f21f6e8b.webp,"",ready,false,8716
3724085701,https://media.newsroll.app/stories/3724085701-f8e891eb27d65c026abeb9e648a231580691f6c3f24425214a71b109ab21ab78-6074fcec-75a5-498a-b35e-291ee5334aba.webp,"",ready,false,10381
1291520671,https://media.newsroll.app/stories/1291520671-0d7016025b73965cf366f08c25f396f5e5a23253b5ce80c0f3e63d7e8c003548-467c802c-b6ba-43ff-99b5-7720ad41794a.webp,"",ready,false,9180
2402704085,https://media.newsroll.app/stories/2402704085-23846d275dfc8a565680b793bfe1b57169f31f945bf8d7b85b14aecfbe26a79f-6d7d0637-ab53-4840-bbd8-ee290c28a4eb.webp,"",ready,false,13087
1869733428,https://media.newsroll.app/stories/1869733428-c74631a844b2d86ab68f88cf5750d76301dca46cc08984fe18cf9dd04b4ed749-0717d7fd-3603-43df-8c4f-f1ab6d88ab6a.webp,"",ready,false,8859
1657184461,https://media.newsroll.app/stories/1657184461-f3b700d5fdb7d963222dac30b08587e405736b9acabfb72b0e0ac47500298d92-29fbe0f6-deeb-41a4-ac83-ab96e37d07d7.webp,"",ready,false,8604
1338962268,unknown,"",failed,false,4435
4230036063,https://media.newsroll.app/stories/4230036063-38d096de007e80b7a4d2edcaf4be6c3a12cfa351d17e40269af32a4100ac934d-5cf29df8-50f5-4494-b41c-eb4891bbd5a5.webp,"",ready,false,9215
3511903410,https://media.newsroll.app/stories/3511903410-f48459d981dc69500b0b25d129050240c5eea0eb338e24922fdf4159eea172fb-9ccef0d7-c300-4a8c-9218-f3e00b4a76df.webp,"",ready,false,10178
5220441191,https://media.newsroll.app/stories/5220441191-f4f8aee0f9d276c621111a82ffdbdcabe30425f029e30d4c8ae68f0c00b7813f-6eb831a1-100e-4b9e-bc92-912320199385.webp,"",ready,false,9804
2382420278,https://media.newsroll.app/stories/2382420278-a3d6e891df5eac95def1333679c092b368fcfc2b50a3de2a41825464e6de8ff0-7a2dbeb0-b201-4a06-b501-7243e7302bdc.webp,"",ready,false,9638
2201207918,https://media.newsroll.app/stories/2201207918-0012ed83ed1203fbcdea4b57fc4918533f84ef90172026d72c7a808ea1a709cf-a679be30-ada7-4922-a00b-91b2006bb452.webp,"",ready,false,9471
2312890686,https://media.newsroll.app/stories/2312890686-87639fec798988724edf9dafed6b8c378d506b86964e93c82e8a43aa854e4384-34e8002b-716e-485c-8bbc-04cacb1e3da4.webp,"",ready,false,10414
3884113023,https://media.newsroll.app/stories/3884113023-750345b7bf2d815cc2bbf5102f963c8f2620af79ab72b7d444760525ddac3e7d-96df69b1-d1e3-4561-99fb-fc8c1658c9c8.webp,"",ready,false,8056
1736134417,https://media.newsroll.app/stories/1736134417-36956ff9cf0285dde02d830acc8191343d2e1bba7c9480c3bd68ff5a6eacb095-f4c2671b-0639-4290-867d-d7ae7e16a6e5.webp,"",ready,false,10646
2663030481,https://media.newsroll.app/stories/2663030481-e58dd9d1b7286174185bdf36e646816821c8e3aa8c7b633e2ccedb7ace4a97d6-5b501d83-deac-4f06-8a9c-3f9d6e99d5c3.webp,"",ready,false,9442
4891640793,https://media.newsroll.app/stories/4891640793-ac7481e8e7c2dfc977874abf80d0b6d1b4c096d92581c0758a05fb35e49b32a0-696c57ae-6b6c-4bf5-8c96-aa3480aa7e08.webp,"",ready,false,10352
4063956977,https://media.newsroll.app/stories/4063956977-7f40a67ef62f68d5f1f542150894cddbc188c2229a5e1cac84f298b1341fed21-b8d8723e-363a-4476-89e4-6129665dc402.webp,"",ready,false,10227
4775371391,https://media.newsroll.app/stories/4775371391-2b2fc0f7e514545998e09e5ca868c18f4558a6dec3359577c4f71a8ada2ed7c3-10fe04d2-da3e-4be0-be8e-3e79af67b66e.webp,"",ready,false,9980
3540571994,https://media.newsroll.app/stories/3540571994-fad2b173b308869776be1a1e90fdb8d2bb55292199cc0e6494d5c579aef55e55-21e166be-d077-45ef-a488-252fbf6239bb.webp,"",ready,false,9097
2406463211,https://media.newsroll.app/stories/2406463211-6e75a0bb4b29ca7a8397c643fc72da981fa8b757a0a0405735271f22ec08b0a1-549791c5-0988-485f-8b7d-241c267d3446.webp,"",ready,false,8760
2231874554,https://media.newsroll.app/stories/2231874554-64aeee7aedc83bd8672ff8a2ede222ea4ab503b05f4975aca3096b24003b9457-ea51db00-ee77-4557-951d-f6a293148163.webp,"",ready,false,9327
1145846600,https://media.newsroll.app/stories/1145846600-7ea5950deb59c3b3aad4e52a13c654f021770d8c733f54541a966347ac20d6e9-cbfafa22-06cb-4817-ab2a-c5a2c732d673.webp,"",ready,false,8815
2317876792,https://media.newsroll.app/stories/2317876792-07044cc58149b43864de412da913489a03a6f3466a9e4de14bd311c581881f75-0f55dadc-3e7b-4662-b192-f2a08f3b450f.webp,"",ready,false,8232
2033597805,https://media.newsroll.app/stories/2033597805-11489c72b9c811df090f515d69f1ea1fbffa505db27ae6e03ed1bc5852dfbb67-98fc87cd-6fa6-46ba-9eb7-a66193d2dba1.webp,"",ready,false,8599
1233523137,https://media.newsroll.app/stories/1233523137-4d37db12d2a697dd505acbe33ca324b7c1c309210413188a844ccd4db3e637c3-3580f8bd-332b-495f-afdb-70c2a0742703.webp,"",ready,false,8531
1501887772,https://media.newsroll.app/stories/1501887772-30e8bac8d85c9c5ed4308057629582142e712cdd07fab6e8de11505c5bb2421f-48a80706-ffb8-421e-b03c-87ac7abf22a4.webp,"",ready,false,9677
1832650814,https://media.newsroll.app/stories/1832650814-3d27deb8248508c14ea819bdde102ec5358c3947b08faf974ac036f1766964d0-3ebacc77-e4c7-4f78-a27e-027d7f225f7c.webp,"",ready,false,8520
3026139755,https://media.newsroll.app/stories/3026139755-862e14194da5c0187f8ff0a827a18e92fa55a73d0624ec716ce56fa08def1ac1-a7dcdeb8-5110-4338-8c7f-9cb6bbf77b95.webp,"",ready,false,10910
1921122780,https://media.newsroll.app/stories/1921122780-ac8295647c5ac0d92e37de5cbfdb760e95058778e1b72d0efc9006b62e43eac6-0ffc0b02-f276-46ac-bfd2-b11c727d4954.webp,"",ready,false,9616
2828819679,https://media.newsroll.app/stories/2828819679-22c7b9c043515a7f5dae19cf4aa23f72808785311690922a0c3d992ad334ca06-82970aca-c36e-4835-b713-bdb43364b573.webp,"",ready,false,9614
3822876305,https://media.newsroll.app/stories/3822876305-5d7dec7afab77dac7febbeeb3ca1ffb8278bcd93fa125e90eb3f5f4f5f0598d5-89bc9f13-faff-4aa6-baa1-b9fce731d357.webp,"",ready,false,10006
1906972701,https://media.newsroll.app/stories/1906972701-e95269733ff532affe730d3e6355310883347178f6f5848027378ba19b996147-a8875b08-971d-4255-a300-1bf129036f2c.webp,"",ready,false,10136
2872450700,https://media.newsroll.app/stories/2872450700-a022baa0105edca0532c793a9b6190e71ff63f29fb061fc020f3e9aeef92b0d6-d7e5acf7-1548-4a6b-a0cb-e5e8967169dd.webp,"",ready,false,11077
5170038153,https://media.newsroll.app/stories/5170038153-d310106b2f8863c98fcf5a1af800a551f68fab4e0beeadaf24be8a845777bc49-baf3554d-28c9-4741-a855-4a72cdc3130b.webp,"",ready,false,9262
2223880686,https://media.newsroll.app/stories/2223880686-49f259076d6821144e9d4012d16d01340d96dee135deb8ca8cd8394221947456-de3faa5d-0952-463f-a277-0b513205c8bb.webp,"",ready,false,10216
4515478574,https://media.newsroll.app/stories/4515478574-e15e0074fa5ad887fc1a4eab98032186f0a81b45bdab2283c919fb88dc7659aa-5c102253-3a50-4aef-bff0-f71a19412dee.webp,"",ready,false,9750
3522437230,https://media.newsroll.app/stories/3522437230-985dc79f6462a5d4396dc4a7846fad149e8315be9e5f8f6622d68d40333aa5a8-d2048afe-6807-4883-ada1-0dc6d90eef56.webp,"",ready,false,8681
4552588465,https://media.newsroll.app/stories/4552588465-e4e71c72c8f8da27b1c4d8b6a40c8f0d347ef816a64a001d394e97bc7ae4efa8-120330a7-d588-4da7-a2ce-fb1eb2898f36.webp,"",ready,false,8913
1432918773,https://media.newsroll.app/stories/1432918773-21337227d1af54792bc55b201fa934bac2f874e23c0b13bcd3416a84c333db09-536e24af-e23b-4e3d-b479-33bb2f935f77.webp,"",ready,false,9248
3927976532,https://media.newsroll.app/stories/3927976532-0e5dc11823fa046c4ab6451e7c5f7ee9297e56c51ec839ff223c42577974f188-16ca614b-897b-4547-a1e0-f1c7aa0a16a5.webp,"",ready,false,9365
3068805295,https://media.newsroll.app/stories/3068805295-2735625d9742357d415b6e3578359b79138131d9c097333e82c6a3ed60dd83e1-988c9130-9fe0-4cb6-9304-fd4a973a5f36.webp,"",ready,false,9270
2612179914,https://media.newsroll.app/stories/2612179914-81adbf5137b05c9651e3534e499c6537193e8f8c425d64121e549b24ffd1dbec-1c2f21ba-091f-4bcb-aede-802814764abc.webp,"",ready,false,10602
1222339752,https://media.newsroll.app/stories/1222339752-a0b0b285c0709dd823b38341dd24e8758a7e0abaa9c301fc659916969db73292-4a6c4a0e-d912-4cb3-94bb-906f2abf8a97.webp,"",ready,false,10180
3558337516,https://media.newsroll.app/stories/3558337516-27cd97b219401bfdc3acae9c5a2cbdeebab467bc73dbf586274208d5fcfb0e34-3253444e-ff38-47ff-a0c3-37f9643d69da.webp,"",ready,false,8788
1333875250,https://media.newsroll.app/stories/1333875250-dfb116f79bedc3402ce31185105153b64618e261b8ad83403aa6f4c4c2ec362f-da50a493-f38b-45db-8d24-f9c43527bedd.webp,"",ready,false,8425
1811702370,https://media.newsroll.app/stories/1811702370-9fbd1a57572a8f06ca28b59daec04aafa2b68c2903aa8d40a1ad94da5afd9ec5-d983db20-cb86-4089-932b-f11f270fe50f.webp,"",ready,false,9074
3760822067,https://media.newsroll.app/stories/3760822067-4428a15d012dad03b4d5d8ee317147801d78a4b7319942ce4452abe16c10d9e8-938d199a-1681-4bf1-98d7-5dbcfc962e59.webp,"",ready,false,10137
2133611073,https://media.newsroll.app/stories/2133611073-be9289512706fbf120637442a64167966cf2d8710952788dac4819aa53eedca4-29ccbb70-d96e-4585-8ab4-4a3be95f4e8a.webp,"",ready,false,12903
1673202066,https://media.newsroll.app/stories/1673202066-2ce8c92a35d3bfa9773093e429377d6f15c77e99d7c07c7aadd4012edb0da2bc-1049e34b-9497-41cd-b5f9-48551070c357.webp,"",ready,false,8994
1778188585,https://media.newsroll.app/stories/1778188585-ce2470547e164ea688501d6eebc97bcabbb9e7a11ae764f5a529a192723d0ce4-fd5c8c39-053b-4edd-a5ec-645b202ebf60.webp,"",ready,false,12012
4391457829,https://media.newsroll.app/stories/4391457829-28f03cdf9f17a50bceef34825ee24e6a40f988e55efd6323fdb2ee755a08c4f4-b3705ffe-fcad-48b9-a9c8-22aeb99de927.webp,"",ready,false,9111
3056095811,https://media.newsroll.app/stories/3056095811-2a2f855b9c22d3653ee021971bc7e264a2c0d3ebbcb50ca8d269733ce31ea200-1e194d9e-6b9f-479e-8084-474d626ce8bc.webp,"",ready,false,8658
4240778783,https://media.newsroll.app/stories/4240778783-70c70236d5f0cda52748dd44591f6550a5a7b97a6c1c98e1ff881c8c73ecf79f-01f8883a-78c0-4e11-8de6-2de0d486afde.webp,"",ready,false,9377
2931586156,https://media.newsroll.app/stories/2931586156-1b595ccff1429fbe672b18aceae291e032646a28c126a27b445427349d17cf67-daf0a758-7e06-4f17-aea1-025fb3829385.webp,"",ready,false,11651
2911704759,https://media.newsroll.app/stories/2911704759-78aef1c59491b97b42b685e340cc16cd504e05491c4b8778c1097606a5771545-24ab8047-297a-4cf6-b6b7-02bb6a4ede2f.webp,"",ready,false,11549
3776886629,https://media.newsroll.app/stories/3776886629-73961ca208f3441a50e4ded0500c840ecb1b2a2fe606d0621cbcee30f980650e-4a2c8bc7-d8be-4a62-855c-0dd93c4482fe.webp,"",ready,false,14031
4019954505,https://media.newsroll.app/stories/4019954505-e0da6065f7ad85505d1f234268125ee7eb5804830bf668a48bd252cadd4774df-c55531b1-cc30-496a-b5cc-93e5086fc3ac.webp,"",ready,false,8311
4661446982,https://media.newsroll.app/stories/4661446982-1c29db8a4fa110095638c3ef31805e27925a9f23803df082dddfdbe7363fac0b-b433501c-91ab-4ada-aa1b-37786d9da706.webp,"",ready,false,8623
3491802270,https://media.newsroll.app/stories/3491802270-e06064dc196f4b9bda4203490ff7364b804659b9fc3598ddcccf9e67b687a307-fcb87de1-b021-403e-9c7b-602b32caaccb.webp,"",ready,false,8811
1509826743,https://media.newsroll.app/stories/1509826743-e653af2381f9721bfa2b554dd7745be358b6bc2e479e003f95ce2018a0b87f4c-e409dd0b-ae89-47de-8127-8fc0d524e2ad.webp,"",ready,false,9210
2240061884,https://media.newsroll.app/stories/2240061884-3241220af41a7a7212136bb3de66682142526e749656b8315776060d3be2d5c7-143f0848-5a05-455c-8bcf-76f6b2f97391.webp,"",ready,false,8989
2213005886,https://media.newsroll.app/stories/2213005886-eebe870ef340d86f3391fc987c7be3c40f06e8fecb8078c2f0762fbcc45b08c2-f5510782-49ef-405e-925c-e594ba86c00a.webp,"",ready,false,9132
1364552616,https://media.newsroll.app/stories/1364552616-165888a26446746694db23916b4d15b5b19a1f6fa415ea6f6196fab65c6cc946-fe565d9a-9ea1-4fdc-9e80-c73117fc0224.webp,"",ready,false,8360
3161134247,https://media.newsroll.app/stories/3161134247-09aa21158e7492b1289e44464e086c8f6334717d51dd8c0456a45bbabd91f620-b43c6052-efa4-4da1-a50f-daf45a16dbd7.webp,"",ready,false,8850
3198372045,https://media.newsroll.app/stories/3198372045-f4a24a487006ce09be9e900ff1be947e73bc2e2da9b846fb526f994b13d90867-1cb5afe1-9a17-4fb0-bf32-494b42ab83de.webp,"",ready,false,9097
1331865046,https://media.newsroll.app/stories/1331865046-2a26763ecca4893c1288ea754c68531c255214211434da48b5325269408d7556-52dcaa3c-5e17-4dcb-83d2-3008759ed1c7.webp,"",ready,true,33352
4624035865,https://media.newsroll.app/stories/4624035865-5713b8394642a9a1b6d38cd8ca6ef3db29e2348ce636638eab8d77dbc82dfde5-0bf274de-2a28-407d-840f-e8860ff3b094.webp,"OpenYak is an open-source desktop AI agent that handles your files, documents, and workflows locally. It supports 100+ cloud models and 20+ built-in tools, and is free to start.",ready,true,65762
4853104955,https://media.newsroll.app/stories/4853104955-9b04025ffbc37f970b3910f114be1b573a084171f5c8b528f107ce4abc3c00a6-cd18f757-6404-4789-82aa-99206b99bb1b.webp,"",ready,false,18821
2990429953,https://media.newsroll.app/stories/2990429953-95972b19ee222344068cf7db4054e1eea60e4256946eaa1bc9d1bf20cfe9a1b0-f9e75f90-1879-4d98-a0a4-47b2d58927b0.webp,"",ready,false,10257
1207585003,https://media.newsroll.app/stories/1207585003-4f055c5d9742d19a01fd0456af2ae6b954ccaab6e12c3371442c128c8af402cb-f81595dd-89ea-4829-a443-1d2298f0f090.webp,"Slapppy is a native macOS menu bar app that turns your trackpad or mouse into a shortcut engine. It allows users to trigger macros with rhythmic taps on their trackpad or mouse.",ready,true,44537
4448852192,https://media.newsroll.app/stories/4448852192-1e726b67aaa285f59c6f356be38e7456453205fb97aadfff2ef33c6079663a33-aaf81680-d1e5-4583-9211-993352abfee9.webp,"",ready,false,13144
3452899660,https://media.newsroll.app/stories/3452899660-2075155b9ed788f6358e28ba45088755a470ea6667fa3910d8e9eb9bc5029a76-05c33e0e-758d-4cb4-a75b-433a04038f76.webp,"",ready,false,10258
4489099999,unknown,"",failed,false,4734
4249499016,https://media.newsroll.app/stories/4249499016-712e5e75470f00cd0d409a773e3a9f1c395be97543b9ccee42e6b6b6b2941eeb-0f509bb2-3348-4f43-8d31-92f11ec84617.webp,"",ready,false,10441
2926648996,https://media.newsroll.app/stories/2926648996-57d0e4216e62de7f2ee7989d633f8e1bb019d705595428ec97e4b04f0d0d05d3-ea56e26b-b51d-434f-b5fa-4540ac394e33.webp,"The Variational Lossy Autoencoder is a method for learning global representations by combining Variational Autoencoder (VAE) with neural autoregressive models. This approach allows for control over what the global latent code can learn and can force the global latent code to discard irrelevant information.",ready,true,63554
3862990454,https://media.newsroll.app/stories/3862990454-e58c75af2d5fe13044af2ddf1e55e5775d0fcedbcfe392cffcad38723942c403-67372c2e-89fb-4f6a-b044-c9376ae0e1ab.webp,"",ready,false,8768
4746296453,https://media.newsroll.app/stories/4746296453-8fcd68d4de3bedbfa9fae0743bc90138e426685d138ca670e996ee3e5968c107-dcef0e3c-59a2-4849-b1dc-bf33f112d2f7.webp,"This article discusses a method called Learning with Opponent-Learning Awareness (LOLA), which enables agents to shape the anticipated learning of other agents in the environment. LOLA leads to the emergence of cooperation in the iterated prisoners' dilemma and receives higher payouts compared to a naive learner.",ready,true,37546
5129314509,https://media.newsroll.app/stories/5129314509-a38f29c4b7aa85b59103ae62e1fdbe7adb7c0ec030410d25ec8a3290dfa6661d-2c9e448c-b762-4eb7-9004-6e6ef5176271.webp,"",ready,false,13901
4371236599,https://media.newsroll.app/stories/4371236599-0c12fb0ec3727b609c3ce739989839ae1308836874b7792bf8260b7f371c9854-b77722e9-7e4f-4a1f-8475-8be0535912c4.webp,"",ready,false,9006
4289483102,https://media.newsroll.app/stories/4289483102-8eae888092d19e91352c2eedd5a13671e02af937a71de026886c24ad608c1c31-4f45f47b-3cae-4375-a5fa-1355b327608b.webp,"",ready,false,13421
3655714706,https://media.newsroll.app/stories/3655714706-dfc22c35cabbb2d3cd09a866f9b04fe0d278ce23e4f4f68b305bf685710bf8ab-e12d1970-ba5a-412a-84ac-2d767bdaf258.webp,"",ready,false,9284
1367219875,https://media.newsroll.app/stories/1367219875-b55c2642a54233f9c82525f5c21d5a19d23e4d4e655255994acc075954c67326-5cf8cf3c-f3b9-4a05-a5de-d47a2755b200.webp,"",ready,false,9275
4141884411,https://media.newsroll.app/stories/4141884411-6f2d6e87c419627b7554931df43702ddbd0e8efbdca21cfa3b7d2b7b7cf385a7-f0f57c53-a344-4991-8748-5edaf65c2be8.webp,"",ready,false,9789
1024724004,https://media.newsroll.app/stories/1024724004-87c54bd779a54dd86d69bfc074cf22bf3002a3bec85a3ea6b445b1f832d30921-dcbe2343-5535-45fc-a81d-254a30335104.webp,"",ready,false,9896
2954750672,https://media.newsroll.app/stories/2954750672-604ac2df7eeb0b611522653408a5e349e38be1f9eb0772ed9f0589337509711b-4aba953f-9027-492b-b536-adac2a337308.webp,"",ready,false,9050
4717550057,https://media.newsroll.app/stories/4717550057-73eaa6774ad45ba88339579d9ae91a405c7f14d1e3ae1c9b8f392eabe4d7bdbf-49dc723d-59ad-459c-b434-d182c6c73722.webp,"",ready,false,9842
1747228894,https://media.newsroll.app/stories/1747228894-f73334f4e6dca1febb877d71a6813d0a51dfcfa0e34c8f10bb1e9668149a32f1-345fd791-3ae0-489c-bed7-9962051616b0.webp,"OpenAI Five became the first AI system to defeat the world champions at an esports game, demonstrating that self-play reinforcement learning can achieve superhuman performance on a difficult task. The game of Dota 2 presents novel challenges for AI systems such as long time horizons, imperfect information, and complex, continuous state-action spaces.",ready,true,44801
4991656895,https://media.newsroll.app/stories/4991656895-10a327e13bb916c2214cec656da68f46b7a59705837b84dbe5419e78c916ff69-28488e42-aff2-45b9-94fe-db39013d4d38.webp,"",ready,false,9697
4587402459,https://media.newsroll.app/stories/4587402459-d36918aad65573e19d2a57929cda13da1ce6b69cd2ddba39ab6d69284ec85d03-ea0e35c0-d0d2-4293-9a80-1e5c6a4b99e9.webp,"",ready,false,13261
4238391150,https://media.newsroll.app/stories/4238391150-4c632bb02eccdeeba756636c03e2fde5e222a93e517cf4c0f36eec9c22d7cb4c-41c6d177-2ccd-4457-b1e2-ee627ff1cdb6.webp,"",ready,false,9084
5148647745,https://media.newsroll.app/stories/5148647745-a0eda41d2f07e3792a5541a53723a9d1bcc7f903fa35639c7096366f9fc391b8-da1db169-65b4-4edd-be63-edb3924ac52b.webp,"",ready,false,9585
1087972051,https://media.newsroll.app/stories/1087972051-77e255aa4bcd9965a204716bf98d128a645145e4f327e1493b396f9d6ede5b5d-757593b1-3f01-495f-a65c-6bd3515e29e1.webp,"",ready,false,8871
3896388083,https://media.newsroll.app/stories/3896388083-3a2c867587f56f07088a7652ba403c9260274ae67113581d75da0b688b3bfffe-eea6a362-30b5-40c9-9286-afc84534a3e4.webp,"",ready,false,11372
1858268099,https://media.newsroll.app/stories/1858268099-52bac6d8456c705ffaae449dc3ecb8f5f5820ec759e15fd41a42c1db36ee7b7b-c1d1bff5-f3bb-4f16-af8c-28512604e6e4.webp,"",ready,false,9137
3714296201,https://media.newsroll.app/stories/3714296201-4de9dc1b83c9b51c7eacdac636997304ecf7e6f55cb2b595054b3ef1a2ba9c45-300e8be2-b12b-4e0c-a2c5-ebbd3f903a3e.webp,"",ready,false,8272
2225329501,https://media.newsroll.app/stories/2225329501-f71057a11d2c81364cbdb92b47426684a9815217edcbb68de2954a49d7965cdf-f0c3f338-d961-45f8-b7dd-179e7f1e6210.webp,"",ready,false,9994
2312015336,https://media.newsroll.app/stories/2312015336-46abf0f3313a05e829040af559f5e408fb59bedf224f5acf0611e19e2babb733-e3f3fb89-7b2e-4462-973d-80205785cf3e.webp,"",ready,false,10793
4783068657,https://media.newsroll.app/stories/4783068657-0996c2224d29b4d441a91605e1788f792f68a7aa2be8d3cbbfed9b292d496ced-95ba8b50-9def-41bb-af2f-f91373e8cae4.webp,"",ready,false,11425
2701966764,https://media.newsroll.app/stories/2701966764-55d995a4ee2891718bb41c5166a5a642c7496a2e920bf640cc99cb8657e58519-ae66ae9a-0568-46c7-a50f-a8d31cda04d8.webp,"",ready,false,9388
3852415126,https://media.newsroll.app/stories/3852415126-606448c63bd64af3afeb3d963d01e7ba51ee25d34b9ec2cc5bea322dbe9da9e1-a0617f16-a040-4233-8526-f300997454e5.webp,"",ready,false,9591
5272642723,https://media.newsroll.app/stories/5272642723-83db28e1fc7dfaf8479eab85d459c269665ff5085f13f94ad8e28ed130457aec-20d96e08-e192-466b-baa1-f590167eb201.webp,"",ready,false,9167
4481177016,https://media.newsroll.app/stories/4481177016-9c6671bf2e24939e67f3a74c48bea5d9b122bf82158741fd8371838141af9f89-4df996cd-1910-4787-a07d-08673818242b.webp,"",ready,false,8901
3951745063,https://media.newsroll.app/stories/3951745063-fad68ec7e3c47f0022f5eec7ee4ef4685633bf040baacc0093841dc950856681-c2a1630b-96ad-4f1d-b3ed-8d78da4a104c.webp,"",ready,false,9300
3335488677,https://media.newsroll.app/stories/3335488677-82c67f70cf99b4b09b9b8e8bc0bbf5d444f6cee1133d7605ae7dade41e47117e-a15806cc-ff44-4e91-b133-d8561a2464ac.webp,"",ready,false,8109
2439701475,https://media.newsroll.app/stories/2439701475-f5d3dee4a7405433ff3e0243cf22cd151ffc4a013df961d96ed0d68f9f3c89d7-9ac1b908-2676-40ae-9c5f-95b6d9afbe83.webp,"",ready,false,9545
2126654591,https://media.newsroll.app/stories/2126654591-3abcc5dd8463ea948bfd975553812839be06e0d79a7200210dbd4e223d3328f9-d3d2dda7-2607-4949-8921-4889818c25bd.webp,"",ready,false,8417
3671831298,https://media.newsroll.app/stories/3671831298-92aa567ca6db1123f1dd3bb29a9fd8f413ac94e322e7b104476fc7e2d0aaff81-35cc7033-3a0f-4f75-ae58-c19fd8018726.webp,"",ready,false,9595
4434714947,https://media.newsroll.app/stories/4434714947-035deccbe2d80ef95eef2d9334d043677edce1a9c5f8bc24cf2e05fc4061e47c-4892421b-d778-4348-af48-1f8eb0fb3b40.webp,"",ready,false,9549
4582395368,https://media.newsroll.app/stories/4582395368-0a2780f703c9e65882fa86134c78aa67cd8c353f55a5e418c2c3fb0728c0fafa-5aa5c428-3777-4c6d-87cc-0b2e00e04e05.webp,"",ready,false,9462
4905688334,https://media.newsroll.app/stories/4905688334-1954d265dcba50a41cdd33ff4b689d245c57d70567bbf85a0315c50bdf978145-967e1569-9c36-4077-92ff-88622dbe39c1.webp,"",ready,false,9356
4748604375,https://media.newsroll.app/stories/4748604375-61d3a74ee98174add01473934ee9dc1c723953efc00c3d1e6673e48c7956f41a-1e21a979-7759-46b8-925b-11494774b968.webp,"",ready,false,11936
3228080093,https://media.newsroll.app/stories/3228080093-a4d551dd2acdf41c8f84ff9e04639caeda16c6b5d68a10946e0a9cf401748996-7e3cb869-c0e5-4e8c-baf4-f49348f67351.webp,"",ready,false,9357
3598143380,https://media.newsroll.app/stories/3598143380-b2989f3fc5081c78776530c35695f9b99be47ebd301a1ee497ef11d9b397e955-7c7bccee-8efa-4c4e-8b52-e30460c7ac15.webp,"",ready,false,10431
4429428145,https://media.newsroll.app/stories/4429428145-9233569a5ba16cf2713d239cfc04918aa1f28b3c3e9c9391693744cdd6b6287d-c4484a36-e777-4be8-a57a-b6a8fb9593d7.webp,"",ready,false,10326
2950853106,https://media.newsroll.app/stories/2950853106-139c7424f45faf049b4b3a5fa9663bc0df3e87526addd5b70cd73409dc993d01-971d165a-b342-43bc-a3a1-02e2d63fa04b.webp,"",ready,false,10075
2543373588,https://media.newsroll.app/stories/2543373588-71cdc89eaf9bca912a01dcbe7608bfb9ae2e80ebb470dc760580e9f0216d855e-e276c277-af5e-444a-84f7-13ed15180e49.webp,"",ready,false,10170
5035315226,https://media.newsroll.app/stories/5035315226-aae34c78be21b4fe10ebf1f72ba98fa89c17e51d3eb88be74998edf7a93434a4-815f719c-8fb5-45d0-9011-4ff22cb7b42f.webp,"",ready,false,9938
4267802212,https://media.newsroll.app/stories/4267802212-8eaac027ddd4d1da5d8332373235798f21cfb017dfbd7c9efcb29300a8eb766e-f0ba6719-3cd6-4be4-8bad-863f227a4004.webp,"",ready,false,9891
1949662792,https://media.newsroll.app/stories/1949662792-a3bc0ecfd176b64b603f7cb79ce7604d69ef7bc742832219aacb230bebc9e626-6899faa8-4133-4b32-846e-47cb625cb9c9.webp,"",ready,false,8460
1330050711,https://media.newsroll.app/stories/1330050711-1aa7f5daf7c944cfc77858938a54ae8f13591eae624ccfe322e2f0846df27772-6be6a06f-8526-4c77-b1ee-3305f432d5b1.webp,"",ready,false,10515
1148883468,https://media.newsroll.app/stories/1148883468-cd665dbcaba30994e0b1a3fc0d84228cc96350b4af0ace0bfda0fa7995565c34-ab044c68-fc44-43d6-9256-8abb11097e7e.webp,"",ready,false,10008
2163938825,https://media.newsroll.app/stories/2163938825-bcf34f4dd242ef7c0f1790e97c30ac219997e60a49c07cd4971b1c3c807f3d16-bf28bc4c-e52c-4cb6-8395-965ae4fa3786.webp,"",ready,false,8817
4934163808,https://media.newsroll.app/stories/4934163808-e876e5e274144152e95ad964256205c5136161d3b5739efcd77ae568da67169d-c104182a-ca8a-4abe-b8f8-2093cd017aaa.webp,"",ready,false,10085
4855550957,https://media.newsroll.app/stories/4855550957-30ad1d4cb928e852ddc620cff73dcb1fe71f0c8dc1d9c879965d6dfc01613993-0c89f699-8237-46ae-ae68-b15d3907e1f4.webp,"",ready,false,8431
2221900876,https://media.newsroll.app/stories/2221900876-5648cef295674a819821e9705b7f0b76edb54c51e87c63abd03f38f3710cd0d0-8c46acb4-b722-429e-8e1c-2ecf61fd4c4d.webp,"",ready,false,9307
3633140660,https://media.newsroll.app/stories/3633140660-d19fdd5115fcba12da20b0608e033a76645c6e0bf8cdeea710b868576fd49ac1-f4422768-e220-43d2-bb90-75c7c6050abd.webp,"",ready,false,9737
3764885972,https://media.newsroll.app/stories/3764885972-314e1454af46743ae0a6a5044740a11f85d4c3087ed5afe3939eb33ca2b73141-e31b91a7-efa1-48e4-9c44-34232b420485.webp,"",ready,false,7938
3244866073,https://media.newsroll.app/stories/3244866073-49a05472ea3a95a5120be79e35098df9ff4c1b37959585377be027e168cbfaab-e040d228-8c59-4fae-8fa6-b3e87dea8e9f.webp,"",ready,false,10233
4655335608,https://media.newsroll.app/stories/4655335608-f6dbb1b0ed652daefac7edc3848433302f868f18f5ddac53ddeb4b4eb4b73e7b-b171b842-95e9-4ee1-8da9-73754b5c1bd5.webp,"",ready,false,10165
4761359722,https://media.newsroll.app/stories/4761359722-2dc989904f62af1949a4b6cdf4f8465f954c55d79ec908f7d9c8681e1210d73a-84dfa24c-49b7-4f9e-adbc-4fc895b0ff8c.webp,"",ready,false,8827
2685000535,https://media.newsroll.app/stories/2685000535-87ccf0c1a2a13e62638ab35ede97baf484fcbb80eaf4fe52976d7f9e02c0a3f4-716d7199-bb19-478a-b175-08398db44378.webp,"",ready,false,9044
2700630334,https://media.newsroll.app/stories/2700630334-32fdb9dfeda2530a8cb06d485ef0eccd8252359d0c676f5971074c08acae0830-490f74b8-e307-44c1-9191-007b3c5c5bd7.webp,"",ready,false,8735
1270006201,https://media.newsroll.app/stories/1270006201-f51e147d7fe558c3e74ee3d2a9a0f32a1b5fee9e703a56e97c5389b96b9ee744-fa27a763-bdeb-4334-8c04-5bb2d7328e9b.webp,"",ready,false,8350
4935532983,https://media.newsroll.app/stories/4935532983-5455719e646147e4a24852d09b0af1f519016b35710880b85559f9622a03d3d2-945d58ca-df30-4ec1-bcce-002ee5c9dfdf.webp,"",ready,false,10015
1392103350,https://media.newsroll.app/stories/1392103350-5b5a3486ae6f9f4491e9f8262ea67ae0619955399a2a6a0646cda7102bb99660-cba19d20-a038-4f1d-ae3d-adbbfbe6a302.webp,"",ready,false,9049
4989452661,https://media.newsroll.app/stories/4989452661-af0881acd188fcd516e85061da85d809d205b3298a24e79ea80ff0d52b939bb1-3f573f2c-9fdb-4038-adb5-fe2b1572b76a.webp,"",ready,false,16999
2945929988,https://media.newsroll.app/stories/2945929988-d663928141f613dc68889a3b51052b28e6403fd1f50c4c01102e015c8cf0999e-a4c09d3b-b2c0-424c-adac-2a59c947483b.webp,"",ready,false,10352
3932094120,https://media.newsroll.app/stories/3932094120-1ab65a52886822d66ea381b84725dedb0331ef546e6bb6dd4c5079a77b6c173b-50be6ea4-168b-4ba3-9ed8-4e9c3e3c88a2.webp,"",ready,false,10528
2749686505,https://media.newsroll.app/stories/2749686505-1e972664d583a4e227f4c551d88a9e2af86ffcc6518665e1bc180ba1a2051d24-a3a6b5b1-2acd-445f-a378-504187f06b33.webp,"",ready,false,8819
1127652644,https://media.newsroll.app/stories/1127652644-8f005907c5f0318a68ad697c9315f7134223151a794ccc57afc06916e31387c5-5666f8b8-241d-4692-a273-a958c801de9a.webp,"",ready,false,9353
3231669277,https://media.newsroll.app/stories/3231669277-e5d440a8b20dd21ea6a7abf0ccec2cf3bb9d6ac7f006e59fc7918a86f684d9a7-8ea88d03-b5d2-4b6a-a598-e5d5e7268b69.webp,"",ready,false,12871
3686036321,https://media.newsroll.app/stories/3686036321-8462065bdeaf2991b53ea3bde78f0482f513688385353f734707b8724d490841-d07ea05a-5748-47ca-a9ce-c5887f71c787.webp,"",ready,false,10231
3155655163,https://media.newsroll.app/stories/3155655163-be80ab477efc5d7e46764880c10dc3a20d1e1742dc3ae032f8c82a7b8bd76fc2-4ed8005c-b6c5-419f-a66f-51192fd1c633.webp,"",ready,false,9089
1959471173,https://media.newsroll.app/stories/1959471173-53b6c01d9a99b68e703797640e0ed290372055f10e17f1f19a6f787971505bb3-7228dec8-fa35-40ba-bc1b-f7d27b3bcbeb.webp,"",ready,false,9635
4594571555,https://media.newsroll.app/stories/4594571555-4d56291e4bde58d0c2d5d27615f23088ff9701b6fd5c8b297a3449963ca45d31-e110e404-91b1-418d-a9eb-3c831b510be2.webp,"",ready,false,11280
2658127117,https://media.newsroll.app/stories/2658127117-df8c9589c9f38e28c495d77c176a4971d82fcd8fcb28913afce02030a128b7ff-d41bd328-1c33-4527-85af-d72f81704098.webp,"",ready,false,9277
3576531503,https://media.newsroll.app/stories/3576531503-c9846a61356142bd1474a6fd4dbd09c07a196afe8260281e68d6db16a39c6b9c-c77f4154-ddf3-4e5a-b6ec-2e2b2a3d7819.webp,"",ready,false,9469
4203845090,https://media.newsroll.app/stories/4203845090-8e7522d49776caa6651bd02de0cb498b7a9b8d6b07c5e12141b4141e4abeb4c5-6b5ef33a-73e2-4d85-9b08-b39797cc59a1.webp,"",ready,false,7859
2186194276,https://media.newsroll.app/stories/2186194276-cfba3f8710148eac325710fa59f823a57a5b54d82039d35a37b074462cb2078c-b7c10aff-66ed-473e-862b-251bf58ad9fa.webp,"GPT-5.3 Instant delivers more accurate answers, richer and better-contextualized results when searching the web, and reduces unnecessary dead ends, caveats, and overly declarative phrasing. This update focuses on the parts of the ChatGPT experience people feel every day: tone, relevance, and conversational flow.",ready,true,64853
4087140590,https://media.newsroll.app/stories/4087140590-a457ca724a88a6fd528e94b72914a31b46d342bb4d8eda1f01ece51be6e0a8eb-37a0f5f5-8331-436d-b75f-0880c91be6a4.webp,"",ready,false,9858
4327717981,https://media.newsroll.app/stories/4327717981-9e4bd4f9c208fbe4a9ff23327035149fdb2a4dc27f92e6cf698b2ce521842de7-d9e162f5-7d69-461e-9ec4-8033fe6e9ee1.webp,"",ready,false,9676
4950602759,https://media.newsroll.app/stories/4950602759-349c741705cd8188cd12c7a69623c268a2625857e1290ccc2292f59e7a8f36ff-6b7a5fad-6607-4c60-b8dc-0dd4384eb72c.webp,"",ready,false,8715
2205817511,https://media.newsroll.app/stories/2205817511-d408ed62e1aba41f62863700c1a07df4851630206daed4c9fac79af6d398aa0c-f624b325-0707-463a-b53e-64ed10fef43c.webp,"",ready,false,9466
2933173003,https://media.newsroll.app/stories/2933173003-6ad2d66f0b50f7c3cd218e49aa45c0b0bb80dcc4a3b6c18492ceaffde3bd7710-128cb9b3-5bfb-48e1-9458-65efdc6b0ea4.webp,"",ready,false,8202
1141789147,https://media.newsroll.app/stories/1141789147-6b5ab68f6cb8f904695a1bd91d904559f9d6e1e96a0580e53d2830bf8e8ef22c-6afd3cf6-45cb-45f8-99d1-a94ebdd580c6.webp,"",ready,false,8743
1997285542,https://media.newsroll.app/stories/1997285542-769e2b11bdaad0168e6f7d9577ee4aa279643af47443b9587d425a77c92c77a6-3b2de232-2804-4157-9945-8efcba9c860c.webp,"",ready,false,9218
1765143714,https://media.newsroll.app/stories/1765143714-2f65eda4c3433f8f16d9ab578e147260f02779c8ff9f61042b77274af4470086-c8075fb6-d97b-4091-9aa7-415111ce7264.webp,"",ready,false,9608
1664459555,https://media.newsroll.app/stories/1664459555-5e9275efdd3b691b73a2ef19ca4a14e4ba0aa5d33b57ab8e70da1bd660423f31-3bb903e4-59a5-49d0-808e-b35824c84483.webp,"",ready,false,8921
1360856293,https://media.newsroll.app/stories/1360856293-3072c9c9c5c832008c6a9599de5134df517869942e0cdcdd555e1f982093e3ca-870adb3e-76d0-4c22-aa9f-bb0bc42107d7.webp,"",ready,false,10107
3331882755,https://media.newsroll.app/stories/3331882755-cb3cf201495a05bfd84c0ca2f0f37d6113ac5c1912f34af1643cbfc281270a39-eb53b15c-96ce-4d1f-a958-be6178027dc3.webp,"",ready,false,8826
3530373290,https://media.newsroll.app/stories/3530373290-7c174380b9a50095697a5fbe81ebc993327b16c880705c020a488e8fb11adb2b-6f8e7afc-8cff-4539-9708-adb5e9ed0ac5.webp,"",ready,false,8851
5214808495,https://media.newsroll.app/stories/5214808495-20ef0e4e54cfe204b8f58cabcf929f44fd8a5dc954fcd98d55ca91a71a3602c0-2f3a1b69-f2ae-4fb7-83af-0fc5a28b8de1.webp,"",ready,false,10249
2819068677,https://media.newsroll.app/stories/2819068677-a770cb844eb72ec83b90300fda9684e5c9d3e53f1c2ffd63a31bae11efb4d382-e8704a41-3fef-439f-a55f-6410a0c4ee35.webp,"",ready,false,9133
1463634460,https://media.newsroll.app/stories/1463634460-ca812d9dc627dfc8e6c2515cbc0ff0307149f5ea8971807ca77e34244cb634d5-119a0948-8410-48b2-82b5-4f20682a3e62.webp,"",ready,false,10579
2569468488,https://media.newsroll.app/stories/2569468488-70c50e97f7aebe36f03f9692e0175c7179361f9da10992231e32efc40e62cef4-000681c1-bcb1-41cb-98d0-dfb0b884273d.webp,"",ready,false,9960
1390947747,https://media.newsroll.app/stories/1390947747-a7ed83e56d94cb5f2996d5e4a6e6e0f3502a75a35cc71f4a67e58322165c8232-1d07a2ed-5fae-4507-b25a-deefe93d50ee.webp,"",ready,false,9198
3976892343,https://media.newsroll.app/stories/3976892343-785e3b0ed7f8a83c4fcead43495e3c1a3baba116039c9db8298d82b4f2c1acc2-56f96490-7128-43cf-9093-8581f9b7c901.webp,"",ready,false,9241
1585306500,https://media.newsroll.app/stories/1585306500-d78678dc90b9212bc71a5e3961dc12e8ac6ab4a98c2afcfa9772dff8d12816eb-5fd09688-7f78-490e-8c01-7add66e3ac42.webp,"",ready,false,9782
2286703978,https://media.newsroll.app/stories/2286703978-6c1506d2be0122aa7cc2b0e3b9c6a79ccf00dc3f838c53f3b8810f753304c1a7-81ef4341-9163-472c-8443-4c900b74dc7a.webp,"",ready,false,9169
2317291983,https://media.newsroll.app/stories/2317291983-d36443e091ccbc660790da5530701451861bedb7519800ab7c0016d7dc8f7d08-aba54972-5e91-4657-ad88-8d414e32e673.webp,"",ready,false,9799
2092891718,https://media.newsroll.app/stories/2092891718-1fcd2e72eb8034842bdd535b84358156c8ce53ba9d369043eab5955b0f659ec3-7ea5e527-1473-48d0-b4a2-100cffb9bdc2.webp,"",ready,false,8098
3010530047,https://media.newsroll.app/stories/3010530047-2956402f4c525db3cfe3da98dcd69d082ab7d3fea5449389028b79c4a8656a2e-bb56b7fc-32b1-488e-89f7-a84a09ce8d4d.webp,"",ready,false,10464
4299517505,https://media.newsroll.app/stories/4299517505-4b8698ae7a74a72ca27b302704680bba87b6dc32baf23323fb54445083df1d81-4666f30c-66f9-4437-ae51-d4e19a1ee2d1.webp,"",ready,false,9485
3123578292,https://media.newsroll.app/stories/3123578292-c99b7033effd6d248c56271c6469c49665944291e19add3b8425548177a09298-5534ae2a-88c6-4e12-b1bc-b6f6c632131c.webp,"",ready,false,11457
4891936320,https://media.newsroll.app/stories/4891936320-5a4fc78111ce41af5f28ba32f09d2c2eefe8d92fe37dfa2e7053f25113412c7c-b4f3cc61-1a34-40d1-acbd-3a57657d1c2f.webp,"",ready,false,8651
2702520100,https://media.newsroll.app/stories/2702520100-275480cb4f3af9e51ae583525ed7f418e7ca8c2269fc4cc42e55be2094e64d42-29944e75-9252-4dd2-86da-cdcdf2270ab1.webp,"",ready,false,8626
2485127859,https://media.newsroll.app/stories/2485127859-7877596b4a4b5685c559701edc791d70a091a8e6471603111eaf609b950b5195-171ec873-fba9-423d-be6c-14683e1ce070.webp,"",ready,false,8882
1166180566,https://media.newsroll.app/stories/1166180566-78b67dba72e961099d3ba4d4c667e9ae01c1a4194fcf0484ac2646d63129db45-0d7078a1-5de6-41de-8cb3-48d1462e0a9c.webp,"",ready,false,9196
2537145091,https://media.newsroll.app/stories/2537145091-9c6cf671bcec8b86233da6a09899cbb38069f9635d62991778d92850e1ce90d8-5dadb9f8-d16a-4d09-a750-017a0eca687e.webp,"",ready,false,9834
4343156033,https://media.newsroll.app/stories/4343156033-435f2b7466edee5c238076466d2e7064a3fb334e6f492390d24d017124f8d8c4-622327f0-d1a1-416d-a76b-593ccb8ceb26.webp,"",ready,false,7591
5254173614,https://media.newsroll.app/stories/5254173614-46c5fe16d4472c0161206f22ae5716eff4184000c3991998fc08a1002d7cdee4-8f7df98d-a95e-4dda-a69e-84a8b77332d2.webp,"",ready,false,9136
4448450404,https://media.newsroll.app/stories/4448450404-29ab2ec97d85b1932a75f05b1eeb1689611cffcc777d3e15cb60e94e2baec006-295a2120-2e53-4c1b-b06f-d13677ffa7ca.webp,"",ready,false,10251
5182605861,https://media.newsroll.app/stories/5182605861-d6517570bd304c60addd322a1a74d0ddd1e9378448e1b8aceae0f5cb51f65ffb-0ec637e6-206c-4a45-8bfa-5baac5156a1f.webp,"",ready,false,9700
2497263451,https://media.newsroll.app/stories/2497263451-e9b496d8651c74674013573e0519426bc6a3bd0254b178667aff278fcebaf947-106fd842-6c75-420e-8b87-50e4737366e0.webp,"",ready,false,11036
3292649642,https://media.newsroll.app/stories/3292649642-13b63e0affa91f7b6ed69e6693526578ef7edf7e3ad6bb4e0018b5f1bcd5e95b-289cf2d1-ac7d-4e81-a3cc-ccea8dc6b868.webp,"",ready,false,9756
4124089383,https://media.newsroll.app/stories/4124089383-9da2ed4e4b4c52f5e36cbb7f42893b0903a96e79468aac4e6257ce7b6f910da4-385d49ef-fe1d-4edb-9ab2-239740460134.webp,"",ready,false,10650
3364777635,https://media.newsroll.app/stories/3364777635-5ee041fdcf00a1b395ae9b9adb72a04208238a08ee5d63059fce0ef29a45b009-473d442a-4573-4d6d-abbf-405d71ced25b.webp,"",ready,false,10128
3412366922,https://media.newsroll.app/stories/3412366922-9fde441115747ece0a60fc6a266e02a3dda309e9dce901d21d4ca87123ad0fd3-23d9517d-a3ac-496f-9114-06f305858532.webp,"",ready,false,13607
1921603008,https://media.newsroll.app/stories/1921603008-6d5d7cb55a569db27f584f6285a1ad942d63ed29eb05f345793d8d96260b35b4-16a33e87-42e9-4cfe-b7fb-8e8e1bb54001.webp,"",ready,false,9734
3508201146,https://media.newsroll.app/stories/3508201146-0bea634b97857bdf474316d82d65c223e2ae989f3907b5c53c397d76a33d9a26-19a44e9c-460f-46f7-8e04-48b8429933ee.webp,"",ready,false,8291
3453696140,https://media.newsroll.app/stories/3453696140-3d2c1dd958099d1848e21e0b4a02701db63e942854ea5f01a73364a6acae4217-dc8216c4-4535-4776-902b-b377b07f5e19.webp,"",ready,false,8754
1488676950,https://media.newsroll.app/stories/1488676950-623607955daa15a53a4013a1d88f7cdb00b1aaaf1b2ed45d3211af95bd4a5bd5-bb666eb8-e50f-4133-b608-a7ef0db14e3c.webp,"",ready,false,13386
1632328607,https://media.newsroll.app/stories/1632328607-592f98de60eb78e8412bda5615b4cb11128b2af288176b8f2b13e1579f1dc6fb-ac2b9982-9331-42e5-b3b0-70d1f29b33dd.webp,"",ready,false,10013
2803591376,https://media.newsroll.app/stories/2803591376-79c77c1578bd147f2d21351bdd297e5c48e8f1f8900fb0635c69a1b2279c97a5-382467f5-05fa-4bbe-a04f-adea400d4d2e.webp,"",ready,false,8240
3222712231,https://media.newsroll.app/stories/3222712231-9e8decebb14ccd5ee1be6c8477ce92814b04f7ec58f3c8cae7df3e500e90a424-760df614-4005-4e06-971c-bc437c405ec6.webp,"",ready,false,12263
3595954515,https://media.newsroll.app/stories/3595954515-2f0a987b2f50c0b9394bc4ba7801d3fc0b4755e5066fd05d6320ee2d26bf212b-29996c0c-857b-41c0-bf33-451863db7826.webp,"",ready,false,9267
2023673121,https://media.newsroll.app/stories/2023673121-174bf847c4cfc3e83497d9618e180eb64ba6d367f1591ddadcc46eff3f759af0-20a15336-506a-4e65-8894-e633887aca2f.webp,"",ready,false,9360
2267562332,https://media.newsroll.app/stories/2267562332-aac099d37a8221195bb35a6fdd4a205aa1797d4ff22c0d20d13f7def9979fd64-25b5c932-a89d-468b-9389-647f9a7e412f.webp,"",ready,false,8528
1943247578,https://media.newsroll.app/stories/1943247578-f22766b68783027408ee264cd29011a24eaead2a2d75aafb0446ff1bff37e0b9-d0552bbe-2e07-4386-8c7d-cd36dbf86369.webp,"",ready,false,9260
2993310135,https://media.newsroll.app/stories/2993310135-6d65123ec1c1bdb4f89b37e6762950c30b9d0b8124b376588b08af878db2e220-d079f251-0c7d-4903-a9e5-fabee9352347.webp,"",ready,false,10118
3579226003,https://media.newsroll.app/stories/3579226003-897bda8c7f3e7db4136faa71ad1817200b51fa080b020c8c0cdc339a713e3f01-9106c000-f18a-46bd-a6be-3e12369eee62.webp,"",ready,false,10425
3287458013,https://media.newsroll.app/stories/3287458013-9ba116de66d01361da6b1c77ac45c6c9a788b3ad3e251ab547c3d16de41c24eb-a9df078f-5534-4c4e-97fa-71cddbb726ca.webp,"",ready,false,9157
3378319067,https://media.newsroll.app/stories/3378319067-fceb1dfe9bce322c6bc22f48576fb3710655bbc87908c4d01e27aa631cca1fc8-d7f2f853-eba3-4537-b6eb-c40364e461dc.webp,"",ready,false,19043
2253278854,https://media.newsroll.app/stories/2253278854-bcd97515839075c5cca357eeb77cabc6a2ad2a8f912d80c6c5041a7b432a1b86-d9fef6ee-262b-44c7-bb10-e979fbe2a62c.webp,"",ready,false,10274
4454308212,https://media.newsroll.app/stories/4454308212-0ff722dc8eb1d4f093213e41fd74540770c26a572746023d9bbc14e41a08659b-718a0476-e64e-4771-ac7e-5152eeb1a3df.webp,"",ready,false,13170
2473721662,https://media.newsroll.app/stories/2473721662-1e57241687b2802fb9577d85c15351cb8ae6458711f942f8fc50b04cb5177a3c-ec0f32f6-117c-4023-9bb8-bb26696cd996.webp,"",ready,false,8416
3574781963,https://media.newsroll.app/stories/3574781963-561fe3d74a69fcc3c89456c19d2cb1b9ded8b9bb76aa1903356f1dcb7002fa7c-7e2dc0c1-c688-421e-b626-46850daf8897.webp,"",ready,false,15283
3872472248,https://media.newsroll.app/stories/3872472248-3a9f41976ccd6430ef7a469d89b6fe17915f06b8017ad96611e11661ee77371e-679e2da6-e3ba-4123-b5f4-2514aa86470b.webp,"",ready,false,8464
3908367072,https://media.newsroll.app/stories/3908367072-2f571b34bd28be68e202aaa7b1ff94ce596656cd647ea7fee00b29ef62f89d53-a29c9a12-41c7-402c-95e8-80a918648b75.webp,"",ready,false,9616
2392095162,https://media.newsroll.app/stories/2392095162-eb66460ee6a4236af6be20013d1918819d2f6b8687778db3ca857b3890f435fc-bca3ed55-fd13-45e7-a265-ed1c6d1af31a.webp,"",ready,false,9310
1515917712,https://media.newsroll.app/stories/1515917712-ff14bb597a093621dfde57fc34511d8574423b120480afdf4bd1827fe448c5ef-f0a8a298-e9d3-49c2-b03d-5027f6c6ab75.webp,"",ready,false,9950
4795256347,https://media.newsroll.app/stories/4795256347-7d94c521fd8b9d4786afa5b4a32303a4b06ecdb5a7eea02c46c2cf63269fafe8-8b44c778-4cb8-4075-a45f-4b3d7496e24b.webp,"",ready,false,11969
3512093288,https://media.newsroll.app/stories/3512093288-e2e7a66e7333b5660fa9668dcaed315227db4b086eda6f20e2d121a3887b60d6-dc7a8ad6-6ccb-4886-8c28-734591f18131.webp,"",ready,false,10075
1157575546,https://media.newsroll.app/stories/1157575546-af8c1e9c96bec7a7228da9bfac1a451db48d412b020cb045719c637002f0eaf4-279c63d4-aad4-41f2-984a-df6a3b9786c3.webp,"",ready,false,10141
1696427114,https://media.newsroll.app/stories/1696427114-bd1c8a07aa4e5bc18cd1ffb9d70c30f741404cc061d4553ce3e71d94b661145e-52195744-26a8-48be-a563-8166ccc1dbf0.webp,"",ready,false,9135
3792892767,https://media.newsroll.app/stories/3792892767-8f336636f84691bd1c7951952401c1fda087f3654da99a6cd00ab9dee821133e-32250abb-aca5-4ba7-b653-88ae4991e3f5.webp,"",ready,false,9232
2600536213,https://media.newsroll.app/stories/2600536213-8d8bc1fa4cc7df574151404b9bddee599e75dc52e9a7427e35dfe451f49b7acc-8e62e64f-5725-4f35-b8bc-8902f3900129.webp,"",ready,false,9010
2240697136,https://media.newsroll.app/stories/2240697136-b87f689f2430e0d40f659bd6a4b3b934223294d3e6c4ec3493def8ef85703e27-69458448-3eed-4ca4-9367-0ff242d9304f.webp,"",ready,false,8614
4906110195,https://media.newsroll.app/stories/4906110195-496b9ecae6050fdf5f77c0b2132673d5a3631dd0906430e485a5f049a0adf084-5fc9cc71-3495-40c9-93a8-84d45c7c9b47.webp,"",ready,false,10942
3959277190,https://media.newsroll.app/stories/3959277190-839c54492c07df215f00b6af85b28218f2b9f5577bffa4fb500c67e441f47c35-72ba0e05-29ca-492a-8ddc-50d842b70e61.webp,"",ready,false,9304
2156496619,https://media.newsroll.app/stories/2156496619-dee8d0f50ff5a2d70a462c7ef671a3dc89d857bdf843d42c1c1eb6e74f86b4ef-d513287b-4272-4609-bb44-b2d58cf695f5.webp,"",ready,false,8688
1491130875,https://media.newsroll.app/stories/1491130875-8d0ea150439b84f80eaf7c8afc85f7c588a0c31bc84730264f16c50da9d4a39d-29fb081f-de15-4f64-9f5c-317958bc25fe.webp,"",ready,false,9217
4584553180,https://media.newsroll.app/stories/4584553180-00165c08adf7b24cdeede717591c29a7cfe4e6ef74399d55b4fdd22a8b594674-6250375d-d049-46bc-8b1c-ae3353668ef1.webp,"",ready,false,8461
4848452340,https://media.newsroll.app/stories/4848452340-369196e7992aeb3631b574721653b4adf5a58289a7483b221fbde0b2a50148a4-d44aacb3-f018-447d-add2-6dddf718f4b8.webp,"",ready,false,8632
1591638105,https://media.newsroll.app/stories/1591638105-163b3b9761f2ae30fe8320ee264a1574b855738a24660dc3e71b4c6b15b4373b-e4a0e8f9-69f4-43f6-b203-af7c0eda48e0.webp,"",ready,false,9253
1137602991,https://media.newsroll.app/stories/1137602991-0761b6f251d42f4576c8845c37afe619c2cdb96e2f4cf849ec43c39281d064d0-2c01f2bd-2f58-4d52-860e-3460040ca578.webp,"",ready,false,8571
1065155849,https://media.newsroll.app/stories/1065155849-dae8ac85391fb66dddcaa63b21c15348ddc80f867aa38ef27cb957e674d8a632-1d0b679a-3f42-4983-ad78-2d03fc4afd82.webp,"",ready,false,9015
2153789601,https://media.newsroll.app/stories/2153789601-f20797998e8992480689ce13bd864b37d0fc430b1692a13874c2a834a163b2b3-e6ffb368-3ce5-46a0-9f90-16dc0205a9a3.webp,"",ready,false,11267
5166250042,https://media.newsroll.app/stories/5166250042-51a13b16c92d361d6468903b8a3b8d73ece6e7d842636ea10e1f615dd74e7b76-9f90ecd7-3754-42d1-9dc5-1b600473a138.webp,"",ready,false,9021
3958954354,https://media.newsroll.app/stories/3958954354-efc7b25334ef316446f3e5f7d49b7390ec5368a590989208a80e722c4641071b-8d3105ae-5fee-41ef-a7e5-bee37ef587e9.webp,"",ready,false,9053
5095817468,https://media.newsroll.app/stories/5095817468-ecc214cf9b7320ce574c46c834d5a583fe5a4be974f751a9694367c96033de68-e959215f-4b1a-4558-93c7-713d1dd3ab82.webp,"",ready,false,9639
3719186058,https://media.newsroll.app/stories/3719186058-224d1314b0b96e3b31dbd43049e212a1cf05b5f582c265a4ab75016cfd8547b0-c6eb8c49-9341-4407-bc27-d6d4a6911aa6.webp,"",ready,false,9055
3935339908,https://media.newsroll.app/stories/3935339908-d3a3c7d3691ca51a5c02abc8a89e7d2f002008ed9f69ddeaa0fba1b94915564b-98414b8a-d596-4163-ad43-e1e1fba1d7dd.webp,"",ready,false,8237
3466641575,https://media.newsroll.app/stories/3466641575-090697eb3889212d6437c3c31905107472444fbf56897a3d09ecf9502449d8b2-941d1bfe-9c5e-4637-bf60-cf128d89418f.webp,"Former President Donald Trump has been indicted by a Manhattan grand jury, marking the first time in US history that a current or former president has faced criminal charges.",ready,true,22344
2450584704,https://media.newsroll.app/stories/2450584704-a712cea5ea78238f6f65f18dda376b4fe1299f14c276053cb45b0047d8d5c993-631e0d1f-f3bd-436f-90c9-56a7faffbf00.webp,"",ready,false,8457
2280257079,https://media.newsroll.app/stories/2280257079-5bb7289c028f846013a657a23aacc8a7d6124626afad50e83737dae1a05c7586-0a51ee47-5b76-4bd6-98f3-e6ab9d205fe5.webp,"",ready,false,8494
2900554879,https://media.newsroll.app/stories/2900554879-a4c73f3a3ce2545a12638fa1613f8d491c19efe30573530e2591929ae09171b5-87cfe1b9-cb17-4270-ba51-4cb3ea9fcb9d.webp,"",ready,false,9895
3671444487,https://media.newsroll.app/stories/3671444487-790e7479813edcd90b79b06eb2a8b470a7cf5691159940ba22743f2967b74efc-8a7d39df-9225-4c62-ba7d-89a71adf900d.webp,"",ready,false,8926
4328120098,https://media.newsroll.app/stories/4328120098-3428fc2e207077d913771631c54532c64e75153bfecd38e781b4f27b5f24e168-7bbf7211-29e1-4cfc-b408-fdc6ff050b46.webp,"",ready,false,9859
1737539262,https://media.newsroll.app/stories/1737539262-e7bfd7a756afd5ab1779bafd9236ba0ffaf08bcdf6513c671a249e9a65ff83a8-47801229-173e-4ea6-9aa0-af5a3c0c0599.webp,"",ready,false,10710
3178728563,https://media.newsroll.app/stories/3178728563-ca6018a87dc3c078859351e367ee33d6eabc1c827bf84c021e57e48fb65be7db-b77b8c19-96a3-4045-9736-178a5b8ee098.webp,"",ready,false,8824
2073055945,https://media.newsroll.app/stories/2073055945-d803652ffa3eadf90ba12520f02a5906b1c01cbbec91d340e04cec28b082256c-669f4f00-f110-44f6-81e1-a30208d19e4a.webp,"",ready,false,8435
2098657527,https://media.newsroll.app/stories/2098657527-bfc72de76dda69da1b11d5a089be00afcd4612744ad3da984baeba38a5ab7b37-674df76c-15b7-49a0-a825-d1358063244c.webp,"",ready,false,9206
4222686087,https://media.newsroll.app/stories/4222686087-fa7ba3633759021fbc6e6b8a06f921d88de0b5cc04d73723628e7abd3258c718-38cfe747-6fe3-473f-a2f7-509cac6996cf.webp,"",ready,false,10286
4849970433,https://media.newsroll.app/stories/4849970433-70c21b50dc2a51698c0b82569ec1f12f60021765a0307668409beb88b0745c9f-e0837d81-b835-4c97-be83-2934acc961a1.webp,"",ready,false,9969
5185743947,https://media.newsroll.app/stories/5185743947-5201b9c17a168aaae2e608c7087a1bcdbc78cd7a4d1757af058be35888e280d9-c8e3c883-0ff4-4a5a-84db-1ef82cf09550.webp,"",ready,false,9000
3891417280,https://media.newsroll.app/stories/3891417280-43ea789765de6524160c4f0b1a4a7df71ec6fe979932e2cacdb676401834b5cb-b74fdc16-9134-4dd7-8ba1-d595aee74f68.webp,"",ready,false,10836
4671366407,https://media.newsroll.app/stories/4671366407-49ba60f2a672558fcbfb592c152fea8281afe74e116d68f7b240fa53da561685-0ab1ea0e-ab87-4298-9400-b4768f723c47.webp,"",ready,false,9503
4309634902,https://media.newsroll.app/stories/4309634902-51ae056237d3f5e0ce6cfc5de704e10af177747f7b74a3a498ba47fb81d24edd-e9649bb9-402b-4d2a-abc9-db70a724d946.webp,"",ready,false,10103
3947293013,https://media.newsroll.app/stories/3947293013-bff7ddc19cc86dd29c0758f91566862d90864eb503cd8a4c98d4a31dce9791b1-99b1e7fa-8535-4b5c-83e0-ccceddf5e91f.webp,"",ready,false,9137
1170535526,https://media.newsroll.app/stories/1170535526-7b2ca628bf007e4f305d074d61b360a0ec536fa9def0431b873fe5d48144dbe0-c3d72f19-688d-47d5-9eee-89c7f04f7e65.webp,"",ready,false,12230
3268294257,https://media.newsroll.app/stories/3268294257-9e4e4f5b5ce215d3de22446c52cd37a49ce5943b371b907a2b45c360b283eb49-e409368b-84db-4c0a-a045-e040c1b7f3af.webp,"",ready,false,8034
2990769808,https://media.newsroll.app/stories/2990769808-19e254e631b7a4207923ab3f8c2451e66d80924d0e0094f8aca7ec926d446b4e-1709912c-f0e5-4e31-b790-b8db196bf645.webp,"",ready,false,8499
5125658084,unknown,"",failed,false,5005
4273030643,https://media.newsroll.app/stories/4273030643-307dd86a65d00a7c427699a3aa4338191f516b992cf56cc9afd39cdf15486f29-1b3f514f-685a-4985-b5eb-79d0f2fa9b83.webp,"",ready,false,9414
4821573277,https://media.newsroll.app/stories/4821573277-4f353a4dafa1cd74b4fc98f599e4a09118f1bd32e10affd1a8ef25738dd05af2-a43335c3-fdf5-419e-af9d-0dc8089f0900.webp,"",ready,false,14326
1527623632,https://media.newsroll.app/stories/1527623632-c7e1f725289ce16dc477d82882f3bc9d36775f5a93475d3cabaab17026875efb-90258a26-953f-4ea9-9123-62fbe285164c.webp,"",ready,false,10063
1561949435,https://media.newsroll.app/stories/1561949435-8dd8978f2a14a76e9330e026ba78f425ef4a9d6560bca3e09a64d3ee0b468ee4-6471cc7f-a28b-4bc9-8e64-b264b4c1651d.webp,"",ready,false,8886
